Date,Ticker,label
2018-01-02,AAPL,0
2018-01-02,AMD,0
2018-01-02,AMZN,0
2018-01-02,AVGO,0
2018-01-02,GOOGL,0
2018-01-02,META,0
2018-01-02,MSFT,0
2018-01-02,NFLX,0
2018-01-02,NVDA,0
2018-01-02,SPY,0
2018-01-02,TSLA,0
2018-01-03,AAPL,0
2018-01-03,AMD,0
2018-01-03,AMZN,0
2018-01-03,AVGO,0
2018-01-03,GOOGL,0
2018-01-03,META,0
2018-01-03,MSFT,0
2018-01-03,NFLX,0
2018-01-03,NVDA,0
2018-01-03,SPY,0
2018-01-03,TSLA,0
2018-01-04,AAPL,0
2018-01-04,AMD,0
2018-01-04,AMZN,0
2018-01-04,AVGO,0
2018-01-04,GOOGL,0
2018-01-04,META,0
2018-01-04,MSFT,0
2018-01-04,NFLX,0
2018-01-04,NVDA,0
2018-01-04,SPY,0
2018-01-04,TSLA,0
2018-01-05,AAPL,0
2018-01-05,AMD,0
2018-01-05,AMZN,0
2018-01-05,AVGO,0
2018-01-05,GOOGL,0
2018-01-05,META,0
2018-01-05,MSFT,0
2018-01-05,NFLX,0
2018-01-05,NVDA,0
2018-01-05,SPY,0
2018-01-05,TSLA,0
2018-01-08,AAPL,0
2018-01-08,AMD,0
2018-01-08,AMZN,0
2018-01-08,AVGO,0
2018-01-08,GOOGL,0
2018-01-08,META,0
2018-01-08,MSFT,0
2018-01-08,NFLX,0
2018-01-08,NVDA,0
2018-01-08,SPY,0
2018-01-08,TSLA,0
2018-01-09,AAPL,0
2018-01-09,AMD,0
2018-01-09,AMZN,0
2018-01-09,AVGO,0
2018-01-09,GOOGL,0
2018-01-09,META,0
2018-01-09,MSFT,0
2018-01-09,NFLX,0
2018-01-09,NVDA,0
2018-01-09,SPY,0
2018-01-09,TSLA,0
2018-01-10,AAPL,0
2018-01-10,AMD,0
2018-01-10,AMZN,0
2018-01-10,AVGO,0
2018-01-10,GOOGL,0
2018-01-10,META,0
2018-01-10,MSFT,0
2018-01-10,NFLX,0
2018-01-10,NVDA,0
2018-01-10,SPY,0
2018-01-10,TSLA,0
2018-01-11,AAPL,0
2018-01-11,AMD,0
2018-01-11,AMZN,0
2018-01-11,AVGO,0
2018-01-11,GOOGL,0
2018-01-11,META,0
2018-01-11,MSFT,0
2018-01-11,NFLX,0
2018-01-11,NVDA,0
2018-01-11,SPY,0
2018-01-11,TSLA,0
2018-01-12,AAPL,0
2018-01-12,AMD,0
2018-01-12,AMZN,0
2018-01-12,AVGO,0
2018-01-12,GOOGL,0
2018-01-12,META,0
2018-01-12,MSFT,0
2018-01-12,NFLX,0
2018-01-12,NVDA,0
2018-01-12,SPY,0
2018-01-12,TSLA,0
2018-01-16,AAPL,0
2018-01-16,AMD,0
2018-01-16,AMZN,0
2018-01-16,AVGO,0
2018-01-16,GOOGL,0
2018-01-16,META,0
2018-01-16,MSFT,0
2018-01-16,NFLX,0
2018-01-16,NVDA,0
2018-01-16,SPY,0
2018-01-16,TSLA,0
2018-01-17,AAPL,0
2018-01-17,AMD,0
2018-01-17,AMZN,0
2018-01-17,AVGO,0
2018-01-17,GOOGL,0
2018-01-17,META,0
2018-01-17,MSFT,0
2018-01-17,NFLX,0
2018-01-17,NVDA,0
2018-01-17,SPY,0
2018-01-17,TSLA,0
2018-01-18,AAPL,0
2018-01-18,AMD,0
2018-01-18,AMZN,0
2018-01-18,AVGO,0
2018-01-18,GOOGL,0
2018-01-18,META,0
2018-01-18,MSFT,0
2018-01-18,NFLX,0
2018-01-18,NVDA,0
2018-01-18,SPY,0
2018-01-18,TSLA,0
2018-01-19,AAPL,0
2018-01-19,AMD,0
2018-01-19,AMZN,0
2018-01-19,AVGO,0
2018-01-19,GOOGL,0
2018-01-19,META,0
2018-01-19,MSFT,0
2018-01-19,NFLX,0
2018-01-19,NVDA,0
2018-01-19,SPY,0
2018-01-19,TSLA,0
2018-01-22,AAPL,0
2018-01-22,AMD,0
2018-01-22,AMZN,0
2018-01-22,AVGO,0
2018-01-22,GOOGL,0
2018-01-22,META,0
2018-01-22,MSFT,0
2018-01-22,NFLX,0
2018-01-22,NVDA,0
2018-01-22,SPY,0
2018-01-22,TSLA,0
2018-01-23,AAPL,0
2018-01-23,AMD,0
2018-01-23,AMZN,0
2018-01-23,AVGO,0
2018-01-23,GOOGL,0
2018-01-23,META,0
2018-01-23,MSFT,0
2018-01-23,NFLX,0
2018-01-23,NVDA,0
2018-01-23,SPY,0
2018-01-23,TSLA,0
2018-01-24,AAPL,0
2018-01-24,AMD,0
2018-01-24,AMZN,0
2018-01-24,AVGO,0
2018-01-24,GOOGL,0
2018-01-24,META,0
2018-01-24,MSFT,0
2018-01-24,NFLX,0
2018-01-24,NVDA,0
2018-01-24,SPY,0
2018-01-24,TSLA,0
2018-01-25,AAPL,0
2018-01-25,AMD,0
2018-01-25,AMZN,0
2018-01-25,AVGO,0
2018-01-25,GOOGL,0
2018-01-25,META,0
2018-01-25,MSFT,0
2018-01-25,NFLX,0
2018-01-25,NVDA,0
2018-01-25,SPY,0
2018-01-25,TSLA,0
2018-01-26,AAPL,0
2018-01-26,AMD,0
2018-01-26,AMZN,0
2018-01-26,AVGO,0
2018-01-26,GOOGL,0
2018-01-26,META,0
2018-01-26,MSFT,0
2018-01-26,NFLX,0
2018-01-26,NVDA,0
2018-01-26,SPY,0
2018-01-26,TSLA,0
2018-01-29,AAPL,0
2018-01-29,AMD,0
2018-01-29,AMZN,0
2018-01-29,AVGO,0
2018-01-29,GOOGL,0
2018-01-29,META,0
2018-01-29,MSFT,0
2018-01-29,NFLX,0
2018-01-29,NVDA,0
2018-01-29,SPY,0
2018-01-29,TSLA,0
2018-01-30,AAPL,0
2018-01-30,AMD,0
2018-01-30,AMZN,0
2018-01-30,AVGO,1
2018-01-30,GOOGL,0
2018-01-30,META,0
2018-01-30,MSFT,0
2018-01-30,NFLX,0
2018-01-30,NVDA,0
2018-01-30,SPY,0
2018-01-30,TSLA,0
2018-01-31,AAPL,0
2018-01-31,AMD,0
2018-01-31,AMZN,0
2018-01-31,AVGO,0
2018-01-31,GOOGL,0
2018-01-31,META,0
2018-01-31,MSFT,0
2018-01-31,NFLX,0
2018-01-31,NVDA,0
2018-01-31,SPY,0
2018-01-31,TSLA,0
2018-02-01,AAPL,0
2018-02-01,AMD,0
2018-02-01,AMZN,0
2018-02-01,AVGO,1
2018-02-01,GOOGL,0
2018-02-01,META,0
2018-02-01,MSFT,0
2018-02-01,NFLX,0
2018-02-01,NVDA,0
2018-02-01,SPY,0
2018-02-01,TSLA,0
2018-02-02,AAPL,1
2018-02-02,AMD,1
2018-02-02,AMZN,0
2018-02-02,AVGO,1
2018-02-02,GOOGL,0
2018-02-02,META,0
2018-02-02,MSFT,0
2018-02-02,NFLX,0
2018-02-02,NVDA,0
2018-02-02,SPY,0
2018-02-02,TSLA,0
2018-02-05,AAPL,1
2018-02-05,AMD,1
2018-02-05,AMZN,0
2018-02-05,AVGO,1
2018-02-05,GOOGL,1
2018-02-05,META,0
2018-02-05,MSFT,0
2018-02-05,NFLX,0
2018-02-05,NVDA,1
2018-02-05,SPY,0
2018-02-05,TSLA,0
2018-02-06,AAPL,0
2018-02-06,AMD,1
2018-02-06,AMZN,0
2018-02-06,AVGO,1
2018-02-06,GOOGL,0
2018-02-06,META,0
2018-02-06,MSFT,0
2018-02-06,NFLX,0
2018-02-06,NVDA,0
2018-02-06,SPY,0
2018-02-06,TSLA,0
2018-02-07,AAPL,1
2018-02-07,AMD,1
2018-02-07,AMZN,0
2018-02-07,AVGO,1
2018-02-07,GOOGL,1
2018-02-07,META,0
2018-02-07,MSFT,0
2018-02-07,NFLX,0
2018-02-07,NVDA,0
2018-02-07,SPY,0
2018-02-07,TSLA,0
2018-02-08,AAPL,1
2018-02-08,AMD,1
2018-02-08,AMZN,0
2018-02-08,AVGO,1
2018-02-08,GOOGL,1
2018-02-08,META,1
2018-02-08,MSFT,1
2018-02-08,NFLX,1
2018-02-08,NVDA,1
2018-02-08,SPY,1
2018-02-08,TSLA,1
2018-02-09,AAPL,1
2018-02-09,AMD,1
2018-02-09,AMZN,0
2018-02-09,AVGO,1
2018-02-09,GOOGL,1
2018-02-09,META,0
2018-02-09,MSFT,0
2018-02-09,NFLX,1
2018-02-09,NVDA,0
2018-02-09,SPY,0
2018-02-09,TSLA,1
2018-02-12,AAPL,0
2018-02-12,AMD,1
2018-02-12,AMZN,0
2018-02-12,AVGO,1
2018-02-12,GOOGL,1
2018-02-12,META,0
2018-02-12,MSFT,0
2018-02-12,NFLX,0
2018-02-12,NVDA,0
2018-02-12,SPY,0
2018-02-12,TSLA,1
2018-02-13,AAPL,0
2018-02-13,AMD,1
2018-02-13,AMZN,0
2018-02-13,AVGO,0
2018-02-13,GOOGL,1
2018-02-13,META,1
2018-02-13,MSFT,0
2018-02-13,NFLX,1
2018-02-13,NVDA,0
2018-02-13,SPY,0
2018-02-13,TSLA,0
2018-02-14,AAPL,0
2018-02-14,AMD,1
2018-02-14,AMZN,0
2018-02-14,AVGO,0
2018-02-14,GOOGL,1
2018-02-14,META,0
2018-02-14,MSFT,0
2018-02-14,NFLX,0
2018-02-14,NVDA,0
2018-02-14,SPY,0
2018-02-14,TSLA,0
2018-02-15,AAPL,0
2018-02-15,AMD,1
2018-02-15,AMZN,0
2018-02-15,AVGO,0
2018-02-15,GOOGL,0
2018-02-15,META,0
2018-02-15,MSFT,0
2018-02-15,NFLX,0
2018-02-15,NVDA,0
2018-02-15,SPY,0
2018-02-15,TSLA,0
2018-02-16,AAPL,0
2018-02-16,AMD,1
2018-02-16,AMZN,0
2018-02-16,AVGO,0
2018-02-16,GOOGL,0
2018-02-16,META,0
2018-02-16,MSFT,0
2018-02-16,NFLX,0
2018-02-16,NVDA,0
2018-02-16,SPY,0
2018-02-16,TSLA,0
2018-02-20,AAPL,0
2018-02-20,AMD,1
2018-02-20,AMZN,0
2018-02-20,AVGO,0
2018-02-20,GOOGL,0
2018-02-20,META,0
2018-02-20,MSFT,0
2018-02-20,NFLX,0
2018-02-20,NVDA,0
2018-02-20,SPY,0
2018-02-20,TSLA,0
2018-02-21,AAPL,0
2018-02-21,AMD,1
2018-02-21,AMZN,0
2018-02-21,AVGO,0
2018-02-21,GOOGL,0
2018-02-21,META,0
2018-02-21,MSFT,0
2018-02-21,NFLX,0
2018-02-21,NVDA,0
2018-02-21,SPY,0
2018-02-21,TSLA,0
2018-02-22,AAPL,0
2018-02-22,AMD,1
2018-02-22,AMZN,0
2018-02-22,AVGO,0
2018-02-22,GOOGL,0
2018-02-22,META,0
2018-02-22,MSFT,0
2018-02-22,NFLX,0
2018-02-22,NVDA,0
2018-02-22,SPY,0
2018-02-22,TSLA,0
2018-02-23,AAPL,0
2018-02-23,AMD,1
2018-02-23,AMZN,0
2018-02-23,AVGO,0
2018-02-23,GOOGL,0
2018-02-23,META,0
2018-02-23,MSFT,0
2018-02-23,NFLX,0
2018-02-23,NVDA,0
2018-02-23,SPY,0
2018-02-23,TSLA,0
2018-02-26,AAPL,0
2018-02-26,AMD,1
2018-02-26,AMZN,0
2018-02-26,AVGO,0
2018-02-26,GOOGL,0
2018-02-26,META,0
2018-02-26,MSFT,0
2018-02-26,NFLX,0
2018-02-26,NVDA,0
2018-02-26,SPY,0
2018-02-26,TSLA,0
2018-02-27,AAPL,0
2018-02-27,AMD,0
2018-02-27,AMZN,0
2018-02-27,AVGO,0
2018-02-27,GOOGL,0
2018-02-27,META,0
2018-02-27,MSFT,0
2018-02-27,NFLX,0
2018-02-27,NVDA,0
2018-02-27,SPY,0
2018-02-27,TSLA,0
2018-02-28,AAPL,0
2018-02-28,AMD,0
2018-02-28,AMZN,0
2018-02-28,AVGO,0
2018-02-28,GOOGL,0
2018-02-28,META,0
2018-02-28,MSFT,0
2018-02-28,NFLX,0
2018-02-28,NVDA,0
2018-02-28,SPY,0
2018-02-28,TSLA,0
2018-03-01,AAPL,0
2018-03-01,AMD,0
2018-03-01,AMZN,0
2018-03-01,AVGO,0
2018-03-01,GOOGL,0
2018-03-01,META,0
2018-03-01,MSFT,0
2018-03-01,NFLX,0
2018-03-01,NVDA,0
2018-03-01,SPY,0
2018-03-01,TSLA,0
2018-03-02,AAPL,0
2018-03-02,AMD,0
2018-03-02,AMZN,0
2018-03-02,AVGO,0
2018-03-02,GOOGL,0
2018-03-02,META,0
2018-03-02,MSFT,0
2018-03-02,NFLX,0
2018-03-02,NVDA,0
2018-03-02,SPY,0
2018-03-02,TSLA,0
2018-03-05,AAPL,0
2018-03-05,AMD,0
2018-03-05,AMZN,0
2018-03-05,AVGO,0
2018-03-05,GOOGL,0
2018-03-05,META,0
2018-03-05,MSFT,0
2018-03-05,NFLX,0
2018-03-05,NVDA,0
2018-03-05,SPY,0
2018-03-05,TSLA,0
2018-03-06,AAPL,0
2018-03-06,AMD,0
2018-03-06,AMZN,0
2018-03-06,AVGO,0
2018-03-06,GOOGL,0
2018-03-06,META,0
2018-03-06,MSFT,0
2018-03-06,NFLX,0
2018-03-06,NVDA,0
2018-03-06,SPY,0
2018-03-06,TSLA,0
2018-03-07,AAPL,0
2018-03-07,AMD,0
2018-03-07,AMZN,0
2018-03-07,AVGO,0
2018-03-07,GOOGL,0
2018-03-07,META,0
2018-03-07,MSFT,0
2018-03-07,NFLX,0
2018-03-07,NVDA,0
2018-03-07,SPY,0
2018-03-07,TSLA,0
2018-03-08,AAPL,0
2018-03-08,AMD,0
2018-03-08,AMZN,0
2018-03-08,AVGO,0
2018-03-08,GOOGL,0
2018-03-08,META,0
2018-03-08,MSFT,0
2018-03-08,NFLX,0
2018-03-08,NVDA,0
2018-03-08,SPY,0
2018-03-08,TSLA,0
2018-03-09,AAPL,0
2018-03-09,AMD,0
2018-03-09,AMZN,0
2018-03-09,AVGO,0
2018-03-09,GOOGL,0
2018-03-09,META,0
2018-03-09,MSFT,0
2018-03-09,NFLX,0
2018-03-09,NVDA,0
2018-03-09,SPY,0
2018-03-09,TSLA,0
2018-03-12,AAPL,0
2018-03-12,AMD,0
2018-03-12,AMZN,0
2018-03-12,AVGO,0
2018-03-12,GOOGL,0
2018-03-12,META,0
2018-03-12,MSFT,0
2018-03-12,NFLX,0
2018-03-12,NVDA,0
2018-03-12,SPY,0
2018-03-12,TSLA,0
2018-03-13,AAPL,0
2018-03-13,AMD,0
2018-03-13,AMZN,0
2018-03-13,AVGO,0
2018-03-13,GOOGL,0
2018-03-13,META,0
2018-03-13,MSFT,0
2018-03-13,NFLX,0
2018-03-13,NVDA,0
2018-03-13,SPY,0
2018-03-13,TSLA,0
2018-03-14,AAPL,0
2018-03-14,AMD,1
2018-03-14,AMZN,0
2018-03-14,AVGO,0
2018-03-14,GOOGL,0
2018-03-14,META,0
2018-03-14,MSFT,0
2018-03-14,NFLX,0
2018-03-14,NVDA,0
2018-03-14,SPY,0
2018-03-14,TSLA,0
2018-03-15,AAPL,0
2018-03-15,AMD,0
2018-03-15,AMZN,0
2018-03-15,AVGO,0
2018-03-15,GOOGL,0
2018-03-15,META,0
2018-03-15,MSFT,0
2018-03-15,NFLX,0
2018-03-15,NVDA,0
2018-03-15,SPY,0
2018-03-15,TSLA,0
2018-03-16,AAPL,0
2018-03-16,AMD,0
2018-03-16,AMZN,0
2018-03-16,AVGO,0
2018-03-16,GOOGL,0
2018-03-16,META,0
2018-03-16,MSFT,0
2018-03-16,NFLX,0
2018-03-16,NVDA,0
2018-03-16,SPY,0
2018-03-16,TSLA,1
2018-03-19,AAPL,0
2018-03-19,AMD,0
2018-03-19,AMZN,0
2018-03-19,AVGO,0
2018-03-19,GOOGL,0
2018-03-19,META,0
2018-03-19,MSFT,0
2018-03-19,NFLX,0
2018-03-19,NVDA,0
2018-03-19,SPY,0
2018-03-19,TSLA,1
2018-03-20,AAPL,0
2018-03-20,AMD,1
2018-03-20,AMZN,0
2018-03-20,AVGO,1
2018-03-20,GOOGL,0
2018-03-20,META,1
2018-03-20,MSFT,0
2018-03-20,NFLX,0
2018-03-20,NVDA,0
2018-03-20,SPY,0
2018-03-20,TSLA,1
2018-03-21,AAPL,0
2018-03-21,AMD,1
2018-03-21,AMZN,0
2018-03-21,AVGO,0
2018-03-21,GOOGL,0
2018-03-21,META,0
2018-03-21,MSFT,0
2018-03-21,NFLX,0
2018-03-21,NVDA,0
2018-03-21,SPY,0
2018-03-21,TSLA,1
2018-03-22,AAPL,0
2018-03-22,AMD,1
2018-03-22,AMZN,0
2018-03-22,AVGO,0
2018-03-22,GOOGL,1
2018-03-22,META,1
2018-03-22,MSFT,0
2018-03-22,NFLX,0
2018-03-22,NVDA,0
2018-03-22,SPY,0
2018-03-22,TSLA,1
2018-03-23,AAPL,1
2018-03-23,AMD,1
2018-03-23,AMZN,0
2018-03-23,AVGO,0
2018-03-23,GOOGL,1
2018-03-23,META,1
2018-03-23,MSFT,1
2018-03-23,NFLX,1
2018-03-23,NVDA,0
2018-03-23,SPY,0
2018-03-23,TSLA,1
2018-03-26,AAPL,0
2018-03-26,AMD,1
2018-03-26,AMZN,0
2018-03-26,AVGO,0
2018-03-26,GOOGL,1
2018-03-26,META,1
2018-03-26,MSFT,0
2018-03-26,NFLX,0
2018-03-26,NVDA,0
2018-03-26,SPY,0
2018-03-26,TSLA,1
2018-03-27,AAPL,0
2018-03-27,AMD,1
2018-03-27,AMZN,0
2018-03-27,AVGO,0
2018-03-27,GOOGL,1
2018-03-27,META,1
2018-03-27,MSFT,0
2018-03-27,NFLX,1
2018-03-27,NVDA,1
2018-03-27,SPY,0
2018-03-27,TSLA,1
2018-03-28,AAPL,0
2018-03-28,AMD,1
2018-03-28,AMZN,1
2018-03-28,AVGO,1
2018-03-28,GOOGL,1
2018-03-28,META,1
2018-03-28,MSFT,0
2018-03-28,NFLX,1
2018-03-28,NVDA,1
2018-03-28,SPY,0
2018-03-28,TSLA,1
2018-03-29,AAPL,0
2018-03-29,AMD,1
2018-03-29,AMZN,1
2018-03-29,AVGO,1
2018-03-29,GOOGL,1
2018-03-29,META,1
2018-03-29,MSFT,0
2018-03-29,NFLX,1
2018-03-29,NVDA,0
2018-03-29,SPY,0
2018-03-29,TSLA,1
2018-04-02,AAPL,0
2018-04-02,AMD,1
2018-04-02,AMZN,1
2018-04-02,AVGO,1
2018-04-02,GOOGL,1
2018-04-02,META,1
2018-04-02,MSFT,0
2018-04-02,NFLX,1
2018-04-02,NVDA,1
2018-04-02,SPY,0
2018-04-02,TSLA,1
2018-04-03,AAPL,0
2018-04-03,AMD,1
2018-04-03,AMZN,1
2018-04-03,AVGO,1
2018-04-03,GOOGL,1
2018-04-03,META,1
2018-04-03,MSFT,0
2018-04-03,NFLX,1
2018-04-03,NVDA,1
2018-04-03,SPY,0
2018-04-03,TSLA,1
2018-04-04,AAPL,0
2018-04-04,AMD,1
2018-04-04,AMZN,1
2018-04-04,AVGO,1
2018-04-04,GOOGL,1
2018-04-04,META,1
2018-04-04,MSFT,0
2018-04-04,NFLX,1
2018-04-04,NVDA,1
2018-04-04,SPY,0
2018-04-04,TSLA,1
2018-04-05,AAPL,0
2018-04-05,AMD,1
2018-04-05,AMZN,1
2018-04-05,AVGO,1
2018-04-05,GOOGL,1
2018-04-05,META,1
2018-04-05,MSFT,0
2018-04-05,NFLX,1
2018-04-05,NVDA,1
2018-04-05,SPY,0
2018-04-05,TSLA,0
2018-04-06,AAPL,0
2018-04-06,AMD,1
2018-04-06,AMZN,1
2018-04-06,AVGO,1
2018-04-06,GOOGL,1
2018-04-06,META,1
2018-04-06,MSFT,0
2018-04-06,NFLX,1
2018-04-06,NVDA,1
2018-04-06,SPY,0
2018-04-06,TSLA,0
2018-04-09,AAPL,0
2018-04-09,AMD,1
2018-04-09,AMZN,1
2018-04-09,AVGO,1
2018-04-09,GOOGL,1
2018-04-09,META,1
2018-04-09,MSFT,0
2018-04-09,NFLX,1
2018-04-09,NVDA,1
2018-04-09,SPY,0
2018-04-09,TSLA,1
2018-04-10,AAPL,0
2018-04-10,AMD,1
2018-04-10,AMZN,1
2018-04-10,AVGO,1
2018-04-10,GOOGL,1
2018-04-10,META,1
2018-04-10,MSFT,0
2018-04-10,NFLX,0
2018-04-10,NVDA,0
2018-04-10,SPY,0
2018-04-10,TSLA,0
2018-04-11,AAPL,0
2018-04-11,AMD,1
2018-04-11,AMZN,1
2018-04-11,AVGO,0
2018-04-11,GOOGL,1
2018-04-11,META,1
2018-04-11,MSFT,0
2018-04-11,NFLX,0
2018-04-11,NVDA,1
2018-04-11,SPY,0
2018-04-11,TSLA,0
2018-04-12,AAPL,0
2018-04-12,AMD,1
2018-04-12,AMZN,0
2018-04-12,AVGO,0
2018-04-12,GOOGL,0
2018-04-12,META,1
2018-04-12,MSFT,0
2018-04-12,NFLX,0
2018-04-12,NVDA,0
2018-04-12,SPY,0
2018-04-12,TSLA,0
2018-04-13,AAPL,0
2018-04-13,AMD,1
2018-04-13,AMZN,1
2018-04-13,AVGO,0
2018-04-13,GOOGL,0
2018-04-13,META,0
2018-04-13,MSFT,0
2018-04-13,NFLX,0
2018-04-13,NVDA,0
2018-04-13,SPY,0
2018-04-13,TSLA,0
2018-04-16,AAPL,0
2018-04-16,AMD,1
2018-04-16,AMZN,1
2018-04-16,AVGO,0
2018-04-16,GOOGL,0
2018-04-16,META,0
2018-04-16,MSFT,0
2018-04-16,NFLX,0
2018-04-16,NVDA,0
2018-04-16,SPY,0
2018-04-16,TSLA,0
2018-04-17,AAPL,0
2018-04-17,AMD,0
2018-04-17,AMZN,0
2018-04-17,AVGO,0
2018-04-17,GOOGL,0
2018-04-17,META,0
2018-04-17,MSFT,0
2018-04-17,NFLX,0
2018-04-17,NVDA,0
2018-04-17,SPY,0
2018-04-17,TSLA,1
2018-04-18,AAPL,0
2018-04-18,AMD,0
2018-04-18,AMZN,0
2018-04-18,AVGO,0
2018-04-18,GOOGL,0
2018-04-18,META,0
2018-04-18,MSFT,0
2018-04-18,NFLX,0
2018-04-18,NVDA,0
2018-04-18,SPY,0
2018-04-18,TSLA,0
2018-04-19,AAPL,0
2018-04-19,AMD,0
2018-04-19,AMZN,0
2018-04-19,AVGO,0
2018-04-19,GOOGL,0
2018-04-19,META,0
2018-04-19,MSFT,0
2018-04-19,NFLX,0
2018-04-19,NVDA,0
2018-04-19,SPY,0
2018-04-19,TSLA,0
2018-04-20,AAPL,0
2018-04-20,AMD,0
2018-04-20,AMZN,0
2018-04-20,AVGO,0
2018-04-20,GOOGL,0
2018-04-20,META,0
2018-04-20,MSFT,0
2018-04-20,NFLX,0
2018-04-20,NVDA,0
2018-04-20,SPY,0
2018-04-20,TSLA,0
2018-04-23,AAPL,0
2018-04-23,AMD,0
2018-04-23,AMZN,0
2018-04-23,AVGO,0
2018-04-23,GOOGL,0
2018-04-23,META,0
2018-04-23,MSFT,0
2018-04-23,NFLX,0
2018-04-23,NVDA,0
2018-04-23,SPY,0
2018-04-23,TSLA,0
2018-04-24,AAPL,0
2018-04-24,AMD,0
2018-04-24,AMZN,0
2018-04-24,AVGO,1
2018-04-24,GOOGL,0
2018-04-24,META,0
2018-04-24,MSFT,0
2018-04-24,NFLX,0
2018-04-24,NVDA,0
2018-04-24,SPY,0
2018-04-24,TSLA,0
2018-04-25,AAPL,0
2018-04-25,AMD,1
2018-04-25,AMZN,0
2018-04-25,AVGO,0
2018-04-25,GOOGL,0
2018-04-25,META,0
2018-04-25,MSFT,0
2018-04-25,NFLX,0
2018-04-25,NVDA,0
2018-04-25,SPY,0
2018-04-25,TSLA,0
2018-04-26,AAPL,0
2018-04-26,AMD,0
2018-04-26,AMZN,0
2018-04-26,AVGO,0
2018-04-26,GOOGL,0
2018-04-26,META,0
2018-04-26,MSFT,0
2018-04-26,NFLX,0
2018-04-26,NVDA,0
2018-04-26,SPY,0
2018-04-26,TSLA,0
2018-04-27,AAPL,0
2018-04-27,AMD,0
2018-04-27,AMZN,0
2018-04-27,AVGO,0
2018-04-27,GOOGL,0
2018-04-27,META,0
2018-04-27,MSFT,0
2018-04-27,NFLX,0
2018-04-27,NVDA,0
2018-04-27,SPY,0
2018-04-27,TSLA,0
2018-04-30,AAPL,0
2018-04-30,AMD,0
2018-04-30,AMZN,0
2018-04-30,AVGO,0
2018-04-30,GOOGL,0
2018-04-30,META,0
2018-04-30,MSFT,0
2018-04-30,NFLX,0
2018-04-30,NVDA,0
2018-04-30,SPY,0
2018-04-30,TSLA,0
2018-05-01,AAPL,0
2018-05-01,AMD,0
2018-05-01,AMZN,0
2018-05-01,AVGO,0
2018-05-01,GOOGL,0
2018-05-01,META,0
2018-05-01,MSFT,0
2018-05-01,NFLX,0
2018-05-01,NVDA,0
2018-05-01,SPY,0
2018-05-01,TSLA,0
2018-05-02,AAPL,0
2018-05-02,AMD,0
2018-05-02,AMZN,0
2018-05-02,AVGO,1
2018-05-02,GOOGL,0
2018-05-02,META,0
2018-05-02,MSFT,0
2018-05-02,NFLX,0
2018-05-02,NVDA,0
2018-05-02,SPY,0
2018-05-02,TSLA,0
2018-05-03,AAPL,0
2018-05-03,AMD,0
2018-05-03,AMZN,0
2018-05-03,AVGO,1
2018-05-03,GOOGL,0
2018-05-03,META,0
2018-05-03,MSFT,0
2018-05-03,NFLX,0
2018-05-03,NVDA,0
2018-05-03,SPY,0
2018-05-03,TSLA,0
2018-05-04,AAPL,0
2018-05-04,AMD,0
2018-05-04,AMZN,0
2018-05-04,AVGO,0
2018-05-04,GOOGL,0
2018-05-04,META,0
2018-05-04,MSFT,0
2018-05-04,NFLX,0
2018-05-04,NVDA,0
2018-05-04,SPY,0
2018-05-04,TSLA,0
2018-05-07,AAPL,0
2018-05-07,AMD,0
2018-05-07,AMZN,0
2018-05-07,AVGO,0
2018-05-07,GOOGL,0
2018-05-07,META,0
2018-05-07,MSFT,0
2018-05-07,NFLX,0
2018-05-07,NVDA,0
2018-05-07,SPY,0
2018-05-07,TSLA,0
2018-05-08,AAPL,0
2018-05-08,AMD,0
2018-05-08,AMZN,0
2018-05-08,AVGO,0
2018-05-08,GOOGL,0
2018-05-08,META,0
2018-05-08,MSFT,0
2018-05-08,NFLX,0
2018-05-08,NVDA,0
2018-05-08,SPY,0
2018-05-08,TSLA,0
2018-05-09,AAPL,0
2018-05-09,AMD,0
2018-05-09,AMZN,0
2018-05-09,AVGO,0
2018-05-09,GOOGL,0
2018-05-09,META,0
2018-05-09,MSFT,0
2018-05-09,NFLX,0
2018-05-09,NVDA,0
2018-05-09,SPY,0
2018-05-09,TSLA,0
2018-05-10,AAPL,0
2018-05-10,AMD,0
2018-05-10,AMZN,0
2018-05-10,AVGO,0
2018-05-10,GOOGL,0
2018-05-10,META,0
2018-05-10,MSFT,0
2018-05-10,NFLX,0
2018-05-10,NVDA,0
2018-05-10,SPY,0
2018-05-10,TSLA,0
2018-05-11,AAPL,0
2018-05-11,AMD,0
2018-05-11,AMZN,0
2018-05-11,AVGO,0
2018-05-11,GOOGL,0
2018-05-11,META,0
2018-05-11,MSFT,0
2018-05-11,NFLX,0
2018-05-11,NVDA,0
2018-05-11,SPY,0
2018-05-11,TSLA,0
2018-05-14,AAPL,0
2018-05-14,AMD,0
2018-05-14,AMZN,0
2018-05-14,AVGO,0
2018-05-14,GOOGL,0
2018-05-14,META,0
2018-05-14,MSFT,0
2018-05-14,NFLX,0
2018-05-14,NVDA,0
2018-05-14,SPY,0
2018-05-14,TSLA,0
2018-05-15,AAPL,0
2018-05-15,AMD,0
2018-05-15,AMZN,0
2018-05-15,AVGO,0
2018-05-15,GOOGL,0
2018-05-15,META,0
2018-05-15,MSFT,0
2018-05-15,NFLX,0
2018-05-15,NVDA,0
2018-05-15,SPY,0
2018-05-15,TSLA,0
2018-05-16,AAPL,0
2018-05-16,AMD,0
2018-05-16,AMZN,0
2018-05-16,AVGO,0
2018-05-16,GOOGL,0
2018-05-16,META,0
2018-05-16,MSFT,0
2018-05-16,NFLX,0
2018-05-16,NVDA,0
2018-05-16,SPY,0
2018-05-16,TSLA,0
2018-05-17,AAPL,0
2018-05-17,AMD,0
2018-05-17,AMZN,0
2018-05-17,AVGO,0
2018-05-17,GOOGL,0
2018-05-17,META,0
2018-05-17,MSFT,0
2018-05-17,NFLX,0
2018-05-17,NVDA,0
2018-05-17,SPY,0
2018-05-17,TSLA,0
2018-05-18,AAPL,0
2018-05-18,AMD,0
2018-05-18,AMZN,0
2018-05-18,AVGO,0
2018-05-18,GOOGL,0
2018-05-18,META,0
2018-05-18,MSFT,0
2018-05-18,NFLX,0
2018-05-18,NVDA,0
2018-05-18,SPY,0
2018-05-18,TSLA,1
2018-05-21,AAPL,0
2018-05-21,AMD,0
2018-05-21,AMZN,0
2018-05-21,AVGO,0
2018-05-21,GOOGL,0
2018-05-21,META,0
2018-05-21,MSFT,0
2018-05-21,NFLX,0
2018-05-21,NVDA,0
2018-05-21,SPY,0
2018-05-21,TSLA,0
2018-05-22,AAPL,0
2018-05-22,AMD,0
2018-05-22,AMZN,0
2018-05-22,AVGO,0
2018-05-22,GOOGL,0
2018-05-22,META,0
2018-05-22,MSFT,0
2018-05-22,NFLX,0
2018-05-22,NVDA,0
2018-05-22,SPY,0
2018-05-22,TSLA,1
2018-05-23,AAPL,0
2018-05-23,AMD,0
2018-05-23,AMZN,0
2018-05-23,AVGO,0
2018-05-23,GOOGL,0
2018-05-23,META,0
2018-05-23,MSFT,0
2018-05-23,NFLX,0
2018-05-23,NVDA,0
2018-05-23,SPY,0
2018-05-23,TSLA,0
2018-05-24,AAPL,0
2018-05-24,AMD,0
2018-05-24,AMZN,0
2018-05-24,AVGO,0
2018-05-24,GOOGL,0
2018-05-24,META,0
2018-05-24,MSFT,0
2018-05-24,NFLX,0
2018-05-24,NVDA,0
2018-05-24,SPY,0
2018-05-24,TSLA,1
2018-05-25,AAPL,0
2018-05-25,AMD,0
2018-05-25,AMZN,0
2018-05-25,AVGO,0
2018-05-25,GOOGL,0
2018-05-25,META,0
2018-05-25,MSFT,0
2018-05-25,NFLX,0
2018-05-25,NVDA,0
2018-05-25,SPY,0
2018-05-25,TSLA,1
2018-05-29,AAPL,0
2018-05-29,AMD,0
2018-05-29,AMZN,0
2018-05-29,AVGO,0
2018-05-29,GOOGL,0
2018-05-29,META,0
2018-05-29,MSFT,0
2018-05-29,NFLX,0
2018-05-29,NVDA,0
2018-05-29,SPY,0
2018-05-29,TSLA,0
2018-05-30,AAPL,0
2018-05-30,AMD,0
2018-05-30,AMZN,0
2018-05-30,AVGO,0
2018-05-30,GOOGL,0
2018-05-30,META,0
2018-05-30,MSFT,0
2018-05-30,NFLX,0
2018-05-30,NVDA,0
2018-05-30,SPY,0
2018-05-30,TSLA,0
2018-05-31,AAPL,0
2018-05-31,AMD,0
2018-05-31,AMZN,0
2018-05-31,AVGO,0
2018-05-31,GOOGL,0
2018-05-31,META,0
2018-05-31,MSFT,0
2018-05-31,NFLX,0
2018-05-31,NVDA,0
2018-05-31,SPY,0
2018-05-31,TSLA,0
2018-06-01,AAPL,0
2018-06-01,AMD,0
2018-06-01,AMZN,0
2018-06-01,AVGO,0
2018-06-01,GOOGL,0
2018-06-01,META,0
2018-06-01,MSFT,0
2018-06-01,NFLX,0
2018-06-01,NVDA,0
2018-06-01,SPY,0
2018-06-01,TSLA,0
2018-06-04,AAPL,0
2018-06-04,AMD,0
2018-06-04,AMZN,0
2018-06-04,AVGO,0
2018-06-04,GOOGL,0
2018-06-04,META,0
2018-06-04,MSFT,0
2018-06-04,NFLX,0
2018-06-04,NVDA,0
2018-06-04,SPY,0
2018-06-04,TSLA,0
2018-06-05,AAPL,0
2018-06-05,AMD,0
2018-06-05,AMZN,0
2018-06-05,AVGO,0
2018-06-05,GOOGL,0
2018-06-05,META,0
2018-06-05,MSFT,0
2018-06-05,NFLX,0
2018-06-05,NVDA,0
2018-06-05,SPY,0
2018-06-05,TSLA,0
2018-06-06,AAPL,0
2018-06-06,AMD,0
2018-06-06,AMZN,0
2018-06-06,AVGO,0
2018-06-06,GOOGL,0
2018-06-06,META,0
2018-06-06,MSFT,0
2018-06-06,NFLX,0
2018-06-06,NVDA,0
2018-06-06,SPY,0
2018-06-06,TSLA,0
2018-06-07,AAPL,0
2018-06-07,AMD,0
2018-06-07,AMZN,0
2018-06-07,AVGO,0
2018-06-07,GOOGL,0
2018-06-07,META,0
2018-06-07,MSFT,0
2018-06-07,NFLX,0
2018-06-07,NVDA,0
2018-06-07,SPY,0
2018-06-07,TSLA,0
2018-06-08,AAPL,0
2018-06-08,AMD,0
2018-06-08,AMZN,0
2018-06-08,AVGO,0
2018-06-08,GOOGL,0
2018-06-08,META,0
2018-06-08,MSFT,0
2018-06-08,NFLX,0
2018-06-08,NVDA,0
2018-06-08,SPY,0
2018-06-08,TSLA,0
2018-06-11,AAPL,0
2018-06-11,AMD,0
2018-06-11,AMZN,0
2018-06-11,AVGO,0
2018-06-11,GOOGL,0
2018-06-11,META,0
2018-06-11,MSFT,0
2018-06-11,NFLX,0
2018-06-11,NVDA,0
2018-06-11,SPY,0
2018-06-11,TSLA,0
2018-06-12,AAPL,0
2018-06-12,AMD,0
2018-06-12,AMZN,0
2018-06-12,AVGO,0
2018-06-12,GOOGL,0
2018-06-12,META,0
2018-06-12,MSFT,0
2018-06-12,NFLX,0
2018-06-12,NVDA,0
2018-06-12,SPY,0
2018-06-12,TSLA,0
2018-06-13,AAPL,0
2018-06-13,AMD,0
2018-06-13,AMZN,0
2018-06-13,AVGO,0
2018-06-13,GOOGL,0
2018-06-13,META,0
2018-06-13,MSFT,0
2018-06-13,NFLX,0
2018-06-13,NVDA,0
2018-06-13,SPY,0
2018-06-13,TSLA,0
2018-06-14,AAPL,0
2018-06-14,AMD,0
2018-06-14,AMZN,0
2018-06-14,AVGO,0
2018-06-14,GOOGL,0
2018-06-14,META,0
2018-06-14,MSFT,0
2018-06-14,NFLX,0
2018-06-14,NVDA,0
2018-06-14,SPY,0
2018-06-14,TSLA,0
2018-06-15,AAPL,0
2018-06-15,AMD,0
2018-06-15,AMZN,0
2018-06-15,AVGO,0
2018-06-15,GOOGL,0
2018-06-15,META,0
2018-06-15,MSFT,0
2018-06-15,NFLX,0
2018-06-15,NVDA,0
2018-06-15,SPY,0
2018-06-15,TSLA,0
2018-06-18,AAPL,0
2018-06-18,AMD,0
2018-06-18,AMZN,0
2018-06-18,AVGO,0
2018-06-18,GOOGL,0
2018-06-18,META,0
2018-06-18,MSFT,0
2018-06-18,NFLX,0
2018-06-18,NVDA,0
2018-06-18,SPY,0
2018-06-18,TSLA,0
2018-06-19,AAPL,0
2018-06-19,AMD,0
2018-06-19,AMZN,0
2018-06-19,AVGO,0
2018-06-19,GOOGL,0
2018-06-19,META,0
2018-06-19,MSFT,0
2018-06-19,NFLX,0
2018-06-19,NVDA,0
2018-06-19,SPY,0
2018-06-19,TSLA,0
2018-06-20,AAPL,0
2018-06-20,AMD,0
2018-06-20,AMZN,0
2018-06-20,AVGO,0
2018-06-20,GOOGL,0
2018-06-20,META,0
2018-06-20,MSFT,0
2018-06-20,NFLX,0
2018-06-20,NVDA,0
2018-06-20,SPY,0
2018-06-20,TSLA,0
2018-06-21,AAPL,0
2018-06-21,AMD,0
2018-06-21,AMZN,0
2018-06-21,AVGO,0
2018-06-21,GOOGL,0
2018-06-21,META,0
2018-06-21,MSFT,0
2018-06-21,NFLX,0
2018-06-21,NVDA,0
2018-06-21,SPY,0
2018-06-21,TSLA,0
2018-06-22,AAPL,0
2018-06-22,AMD,0
2018-06-22,AMZN,0
2018-06-22,AVGO,0
2018-06-22,GOOGL,0
2018-06-22,META,0
2018-06-22,MSFT,0
2018-06-22,NFLX,0
2018-06-22,NVDA,0
2018-06-22,SPY,0
2018-06-22,TSLA,1
2018-06-25,AAPL,0
2018-06-25,AMD,1
2018-06-25,AMZN,0
2018-06-25,AVGO,0
2018-06-25,GOOGL,0
2018-06-25,META,0
2018-06-25,MSFT,0
2018-06-25,NFLX,0
2018-06-25,NVDA,1
2018-06-25,SPY,0
2018-06-25,TSLA,1
2018-06-26,AAPL,0
2018-06-26,AMD,1
2018-06-26,AMZN,0
2018-06-26,AVGO,0
2018-06-26,GOOGL,0
2018-06-26,META,0
2018-06-26,MSFT,0
2018-06-26,NFLX,0
2018-06-26,NVDA,1
2018-06-26,SPY,0
2018-06-26,TSLA,0
2018-06-27,AAPL,0
2018-06-27,AMD,1
2018-06-27,AMZN,0
2018-06-27,AVGO,0
2018-06-27,GOOGL,0
2018-06-27,META,0
2018-06-27,MSFT,0
2018-06-27,NFLX,0
2018-06-27,NVDA,1
2018-06-27,SPY,0
2018-06-27,TSLA,0
2018-06-28,AAPL,0
2018-06-28,AMD,1
2018-06-28,AMZN,0
2018-06-28,AVGO,0
2018-06-28,GOOGL,0
2018-06-28,META,0
2018-06-28,MSFT,0
2018-06-28,NFLX,0
2018-06-28,NVDA,1
2018-06-28,SPY,0
2018-06-28,TSLA,0
2018-06-29,AAPL,0
2018-06-29,AMD,1
2018-06-29,AMZN,0
2018-06-29,AVGO,0
2018-06-29,GOOGL,0
2018-06-29,META,0
2018-06-29,MSFT,0
2018-06-29,NFLX,0
2018-06-29,NVDA,1
2018-06-29,SPY,0
2018-06-29,TSLA,0
2018-07-02,AAPL,0
2018-07-02,AMD,1
2018-07-02,AMZN,0
2018-07-02,AVGO,1
2018-07-02,GOOGL,0
2018-07-02,META,0
2018-07-02,MSFT,0
2018-07-02,NFLX,0
2018-07-02,NVDA,1
2018-07-02,SPY,0
2018-07-02,TSLA,1
2018-07-03,AAPL,0
2018-07-03,AMD,1
2018-07-03,AMZN,0
2018-07-03,AVGO,1
2018-07-03,GOOGL,0
2018-07-03,META,0
2018-07-03,MSFT,0
2018-07-03,NFLX,0
2018-07-03,NVDA,1
2018-07-03,SPY,0
2018-07-03,TSLA,1
2018-07-05,AAPL,0
2018-07-05,AMD,1
2018-07-05,AMZN,0
2018-07-05,AVGO,0
2018-07-05,GOOGL,0
2018-07-05,META,0
2018-07-05,MSFT,0
2018-07-05,NFLX,0
2018-07-05,NVDA,0
2018-07-05,SPY,0
2018-07-05,TSLA,1
2018-07-06,AAPL,0
2018-07-06,AMD,0
2018-07-06,AMZN,0
2018-07-06,AVGO,0
2018-07-06,GOOGL,0
2018-07-06,META,0
2018-07-06,MSFT,0
2018-07-06,NFLX,0
2018-07-06,NVDA,0
2018-07-06,SPY,0
2018-07-06,TSLA,1
2018-07-09,AAPL,0
2018-07-09,AMD,0
2018-07-09,AMZN,0
2018-07-09,AVGO,0
2018-07-09,GOOGL,0
2018-07-09,META,0
2018-07-09,MSFT,0
2018-07-09,NFLX,0
2018-07-09,NVDA,0
2018-07-09,SPY,0
2018-07-09,TSLA,1
2018-07-10,AAPL,0
2018-07-10,AMD,0
2018-07-10,AMZN,0
2018-07-10,AVGO,0
2018-07-10,GOOGL,0
2018-07-10,META,0
2018-07-10,MSFT,0
2018-07-10,NFLX,0
2018-07-10,NVDA,0
2018-07-10,SPY,0
2018-07-10,TSLA,1
2018-07-11,AAPL,0
2018-07-11,AMD,0
2018-07-11,AMZN,0
2018-07-11,AVGO,0
2018-07-11,GOOGL,0
2018-07-11,META,0
2018-07-11,MSFT,0
2018-07-11,NFLX,0
2018-07-11,NVDA,0
2018-07-11,SPY,0
2018-07-11,TSLA,1
2018-07-12,AAPL,0
2018-07-12,AMD,0
2018-07-12,AMZN,0
2018-07-12,AVGO,1
2018-07-12,GOOGL,0
2018-07-12,META,0
2018-07-12,MSFT,0
2018-07-12,NFLX,0
2018-07-12,NVDA,0
2018-07-12,SPY,0
2018-07-12,TSLA,1
2018-07-13,AAPL,0
2018-07-13,AMD,0
2018-07-13,AMZN,0
2018-07-13,AVGO,1
2018-07-13,GOOGL,0
2018-07-13,META,0
2018-07-13,MSFT,0
2018-07-13,NFLX,0
2018-07-13,NVDA,0
2018-07-13,SPY,0
2018-07-13,TSLA,1
2018-07-16,AAPL,0
2018-07-16,AMD,0
2018-07-16,AMZN,0
2018-07-16,AVGO,1
2018-07-16,GOOGL,0
2018-07-16,META,0
2018-07-16,MSFT,0
2018-07-16,NFLX,0
2018-07-16,NVDA,0
2018-07-16,SPY,0
2018-07-16,TSLA,1
2018-07-17,AAPL,0
2018-07-17,AMD,0
2018-07-17,AMZN,0
2018-07-17,AVGO,1
2018-07-17,GOOGL,0
2018-07-17,META,0
2018-07-17,MSFT,0
2018-07-17,NFLX,1
2018-07-17,NVDA,0
2018-07-17,SPY,0
2018-07-17,TSLA,1
2018-07-18,AAPL,0
2018-07-18,AMD,0
2018-07-18,AMZN,0
2018-07-18,AVGO,1
2018-07-18,GOOGL,0
2018-07-18,META,0
2018-07-18,MSFT,0
2018-07-18,NFLX,1
2018-07-18,NVDA,0
2018-07-18,SPY,0
2018-07-18,TSLA,0
2018-07-19,AAPL,0
2018-07-19,AMD,0
2018-07-19,AMZN,0
2018-07-19,AVGO,1
2018-07-19,GOOGL,0
2018-07-19,META,0
2018-07-19,MSFT,0
2018-07-19,NFLX,1
2018-07-19,NVDA,0
2018-07-19,SPY,0
2018-07-19,TSLA,0
2018-07-20,AAPL,0
2018-07-20,AMD,0
2018-07-20,AMZN,0
2018-07-20,AVGO,1
2018-07-20,GOOGL,0
2018-07-20,META,0
2018-07-20,MSFT,0
2018-07-20,NFLX,1
2018-07-20,NVDA,0
2018-07-20,SPY,0
2018-07-20,TSLA,1
2018-07-23,AAPL,0
2018-07-23,AMD,0
2018-07-23,AMZN,0
2018-07-23,AVGO,1
2018-07-23,GOOGL,0
2018-07-23,META,0
2018-07-23,MSFT,0
2018-07-23,NFLX,1
2018-07-23,NVDA,0
2018-07-23,SPY,0
2018-07-23,TSLA,1
2018-07-24,AAPL,0
2018-07-24,AMD,0
2018-07-24,AMZN,0
2018-07-24,AVGO,1
2018-07-24,GOOGL,0
2018-07-24,META,0
2018-07-24,MSFT,0
2018-07-24,NFLX,1
2018-07-24,NVDA,0
2018-07-24,SPY,0
2018-07-24,TSLA,1
2018-07-25,AAPL,0
2018-07-25,AMD,1
2018-07-25,AMZN,0
2018-07-25,AVGO,1
2018-07-25,GOOGL,0
2018-07-25,META,0
2018-07-25,MSFT,0
2018-07-25,NFLX,1
2018-07-25,NVDA,0
2018-07-25,SPY,0
2018-07-25,TSLA,1
2018-07-26,AAPL,0
2018-07-26,AMD,0
2018-07-26,AMZN,0
2018-07-26,AVGO,1
2018-07-26,GOOGL,0
2018-07-26,META,1
2018-07-26,MSFT,0
2018-07-26,NFLX,1
2018-07-26,NVDA,0
2018-07-26,SPY,0
2018-07-26,TSLA,1
2018-07-27,AAPL,0
2018-07-27,AMD,0
2018-07-27,AMZN,0
2018-07-27,AVGO,1
2018-07-27,GOOGL,0
2018-07-27,META,1
2018-07-27,MSFT,0
2018-07-27,NFLX,1
2018-07-27,NVDA,0
2018-07-27,SPY,0
2018-07-27,TSLA,1
2018-07-30,AAPL,0
2018-07-30,AMD,0
2018-07-30,AMZN,0
2018-07-30,AVGO,1
2018-07-30,GOOGL,0
2018-07-30,META,1
2018-07-30,MSFT,0
2018-07-30,NFLX,1
2018-07-30,NVDA,0
2018-07-30,SPY,0
2018-07-30,TSLA,1
2018-07-31,AAPL,0
2018-07-31,AMD,0
2018-07-31,AMZN,0
2018-07-31,AVGO,1
2018-07-31,GOOGL,0
2018-07-31,META,1
2018-07-31,MSFT,0
2018-07-31,NFLX,1
2018-07-31,NVDA,0
2018-07-31,SPY,0
2018-07-31,TSLA,0
2018-08-01,AAPL,0
2018-08-01,AMD,0
2018-08-01,AMZN,0
2018-08-01,AVGO,1
2018-08-01,GOOGL,0
2018-08-01,META,1
2018-08-01,MSFT,0
2018-08-01,NFLX,1
2018-08-01,NVDA,0
2018-08-01,SPY,0
2018-08-01,TSLA,1
2018-08-02,AAPL,0
2018-08-02,AMD,0
2018-08-02,AMZN,0
2018-08-02,AVGO,1
2018-08-02,GOOGL,0
2018-08-02,META,1
2018-08-02,MSFT,0
2018-08-02,NFLX,1
2018-08-02,NVDA,0
2018-08-02,SPY,0
2018-08-02,TSLA,0
2018-08-03,AAPL,0
2018-08-03,AMD,0
2018-08-03,AMZN,0
2018-08-03,AVGO,1
2018-08-03,GOOGL,0
2018-08-03,META,1
2018-08-03,MSFT,0
2018-08-03,NFLX,1
2018-08-03,NVDA,0
2018-08-03,SPY,0
2018-08-03,TSLA,0
2018-08-06,AAPL,0
2018-08-06,AMD,0
2018-08-06,AMZN,0
2018-08-06,AVGO,1
2018-08-06,GOOGL,0
2018-08-06,META,1
2018-08-06,MSFT,0
2018-08-06,NFLX,1
2018-08-06,NVDA,0
2018-08-06,SPY,0
2018-08-06,TSLA,0
2018-08-07,AAPL,0
2018-08-07,AMD,0
2018-08-07,AMZN,0
2018-08-07,AVGO,0
2018-08-07,GOOGL,0
2018-08-07,META,1
2018-08-07,MSFT,0
2018-08-07,NFLX,1
2018-08-07,NVDA,0
2018-08-07,SPY,0
2018-08-07,TSLA,0
2018-08-08,AAPL,0
2018-08-08,AMD,0
2018-08-08,AMZN,0
2018-08-08,AVGO,0
2018-08-08,GOOGL,0
2018-08-08,META,1
2018-08-08,MSFT,0
2018-08-08,NFLX,1
2018-08-08,NVDA,0
2018-08-08,SPY,0
2018-08-08,TSLA,0
2018-08-09,AAPL,0
2018-08-09,AMD,0
2018-08-09,AMZN,0
2018-08-09,AVGO,0
2018-08-09,GOOGL,0
2018-08-09,META,1
2018-08-09,MSFT,0
2018-08-09,NFLX,1
2018-08-09,NVDA,0
2018-08-09,SPY,0
2018-08-09,TSLA,0
2018-08-10,AAPL,0
2018-08-10,AMD,0
2018-08-10,AMZN,0
2018-08-10,AVGO,0
2018-08-10,GOOGL,0
2018-08-10,META,1
2018-08-10,MSFT,0
2018-08-10,NFLX,0
2018-08-10,NVDA,0
2018-08-10,SPY,0
2018-08-10,TSLA,0
2018-08-13,AAPL,0
2018-08-13,AMD,0
2018-08-13,AMZN,0
2018-08-13,AVGO,0
2018-08-13,GOOGL,0
2018-08-13,META,1
2018-08-13,MSFT,0
2018-08-13,NFLX,0
2018-08-13,NVDA,0
2018-08-13,SPY,0
2018-08-13,TSLA,0
2018-08-14,AAPL,0
2018-08-14,AMD,0
2018-08-14,AMZN,0
2018-08-14,AVGO,0
2018-08-14,GOOGL,0
2018-08-14,META,1
2018-08-14,MSFT,0
2018-08-14,NFLX,0
2018-08-14,NVDA,0
2018-08-14,SPY,0
2018-08-14,TSLA,0
2018-08-15,AAPL,0
2018-08-15,AMD,0
2018-08-15,AMZN,0
2018-08-15,AVGO,0
2018-08-15,GOOGL,0
2018-08-15,META,1
2018-08-15,MSFT,0
2018-08-15,NFLX,1
2018-08-15,NVDA,0
2018-08-15,SPY,0
2018-08-15,TSLA,1
2018-08-16,AAPL,0
2018-08-16,AMD,0
2018-08-16,AMZN,0
2018-08-16,AVGO,0
2018-08-16,GOOGL,0
2018-08-16,META,1
2018-08-16,MSFT,0
2018-08-16,NFLX,1
2018-08-16,NVDA,0
2018-08-16,SPY,0
2018-08-16,TSLA,1
2018-08-17,AAPL,0
2018-08-17,AMD,0
2018-08-17,AMZN,0
2018-08-17,AVGO,0
2018-08-17,GOOGL,0
2018-08-17,META,1
2018-08-17,MSFT,0
2018-08-17,NFLX,1
2018-08-17,NVDA,0
2018-08-17,SPY,0
2018-08-17,TSLA,1
2018-08-20,AAPL,0
2018-08-20,AMD,0
2018-08-20,AMZN,0
2018-08-20,AVGO,0
2018-08-20,GOOGL,0
2018-08-20,META,1
2018-08-20,MSFT,0
2018-08-20,NFLX,1
2018-08-20,NVDA,0
2018-08-20,SPY,0
2018-08-20,TSLA,1
2018-08-21,AAPL,0
2018-08-21,AMD,0
2018-08-21,AMZN,0
2018-08-21,AVGO,0
2018-08-21,GOOGL,0
2018-08-21,META,0
2018-08-21,MSFT,0
2018-08-21,NFLX,0
2018-08-21,NVDA,0
2018-08-21,SPY,0
2018-08-21,TSLA,1
2018-08-22,AAPL,0
2018-08-22,AMD,0
2018-08-22,AMZN,0
2018-08-22,AVGO,0
2018-08-22,GOOGL,0
2018-08-22,META,0
2018-08-22,MSFT,0
2018-08-22,NFLX,0
2018-08-22,NVDA,0
2018-08-22,SPY,0
2018-08-22,TSLA,1
2018-08-23,AAPL,0
2018-08-23,AMD,0
2018-08-23,AMZN,0
2018-08-23,AVGO,0
2018-08-23,GOOGL,0
2018-08-23,META,0
2018-08-23,MSFT,0
2018-08-23,NFLX,0
2018-08-23,NVDA,0
2018-08-23,SPY,0
2018-08-23,TSLA,1
2018-08-24,AAPL,0
2018-08-24,AMD,0
2018-08-24,AMZN,0
2018-08-24,AVGO,0
2018-08-24,GOOGL,0
2018-08-24,META,0
2018-08-24,MSFT,0
2018-08-24,NFLX,0
2018-08-24,NVDA,0
2018-08-24,SPY,0
2018-08-24,TSLA,1
2018-08-27,AAPL,0
2018-08-27,AMD,0
2018-08-27,AMZN,0
2018-08-27,AVGO,0
2018-08-27,GOOGL,0
2018-08-27,META,0
2018-08-27,MSFT,0
2018-08-27,NFLX,0
2018-08-27,NVDA,0
2018-08-27,SPY,0
2018-08-27,TSLA,1
2018-08-28,AAPL,0
2018-08-28,AMD,0
2018-08-28,AMZN,0
2018-08-28,AVGO,0
2018-08-28,GOOGL,0
2018-08-28,META,0
2018-08-28,MSFT,0
2018-08-28,NFLX,0
2018-08-28,NVDA,0
2018-08-28,SPY,0
2018-08-28,TSLA,1
2018-08-29,AAPL,0
2018-08-29,AMD,0
2018-08-29,AMZN,0
2018-08-29,AVGO,0
2018-08-29,GOOGL,0
2018-08-29,META,0
2018-08-29,MSFT,0
2018-08-29,NFLX,0
2018-08-29,NVDA,0
2018-08-29,SPY,0
2018-08-29,TSLA,1
2018-08-30,AAPL,0
2018-08-30,AMD,0
2018-08-30,AMZN,0
2018-08-30,AVGO,0
2018-08-30,GOOGL,0
2018-08-30,META,0
2018-08-30,MSFT,0
2018-08-30,NFLX,0
2018-08-30,NVDA,0
2018-08-30,SPY,0
2018-08-30,TSLA,1
2018-08-31,AAPL,0
2018-08-31,AMD,0
2018-08-31,AMZN,0
2018-08-31,AVGO,0
2018-08-31,GOOGL,0
2018-08-31,META,0
2018-08-31,MSFT,0
2018-08-31,NFLX,0
2018-08-31,NVDA,0
2018-08-31,SPY,0
2018-08-31,TSLA,1
2018-09-04,AAPL,0
2018-09-04,AMD,0
2018-09-04,AMZN,0
2018-09-04,AVGO,0
2018-09-04,GOOGL,0
2018-09-04,META,0
2018-09-04,MSFT,0
2018-09-04,NFLX,0
2018-09-04,NVDA,0
2018-09-04,SPY,0
2018-09-04,TSLA,1
2018-09-05,AAPL,0
2018-09-05,AMD,0
2018-09-05,AMZN,0
2018-09-05,AVGO,0
2018-09-05,GOOGL,0
2018-09-05,META,0
2018-09-05,MSFT,0
2018-09-05,NFLX,0
2018-09-05,NVDA,0
2018-09-05,SPY,0
2018-09-05,TSLA,1
2018-09-06,AAPL,0
2018-09-06,AMD,0
2018-09-06,AMZN,0
2018-09-06,AVGO,0
2018-09-06,GOOGL,0
2018-09-06,META,1
2018-09-06,MSFT,0
2018-09-06,NFLX,0
2018-09-06,NVDA,0
2018-09-06,SPY,0
2018-09-06,TSLA,1
2018-09-07,AAPL,0
2018-09-07,AMD,0
2018-09-07,AMZN,0
2018-09-07,AVGO,0
2018-09-07,GOOGL,0
2018-09-07,META,1
2018-09-07,MSFT,0
2018-09-07,NFLX,0
2018-09-07,NVDA,0
2018-09-07,SPY,0
2018-09-07,TSLA,1
2018-09-10,AAPL,0
2018-09-10,AMD,0
2018-09-10,AMZN,0
2018-09-10,AVGO,0
2018-09-10,GOOGL,0
2018-09-10,META,1
2018-09-10,MSFT,0
2018-09-10,NFLX,0
2018-09-10,NVDA,0
2018-09-10,SPY,0
2018-09-10,TSLA,1
2018-09-11,AAPL,0
2018-09-11,AMD,0
2018-09-11,AMZN,0
2018-09-11,AVGO,0
2018-09-11,GOOGL,0
2018-09-11,META,0
2018-09-11,MSFT,0
2018-09-11,NFLX,0
2018-09-11,NVDA,0
2018-09-11,SPY,0
2018-09-11,TSLA,1
2018-09-12,AAPL,0
2018-09-12,AMD,0
2018-09-12,AMZN,0
2018-09-12,AVGO,0
2018-09-12,GOOGL,0
2018-09-12,META,0
2018-09-12,MSFT,0
2018-09-12,NFLX,0
2018-09-12,NVDA,0
2018-09-12,SPY,0
2018-09-12,TSLA,1
2018-09-13,AAPL,0
2018-09-13,AMD,0
2018-09-13,AMZN,0
2018-09-13,AVGO,0
2018-09-13,GOOGL,0
2018-09-13,META,1
2018-09-13,MSFT,0
2018-09-13,NFLX,0
2018-09-13,NVDA,0
2018-09-13,SPY,0
2018-09-13,TSLA,1
2018-09-14,AAPL,0
2018-09-14,AMD,0
2018-09-14,AMZN,0
2018-09-14,AVGO,0
2018-09-14,GOOGL,0
2018-09-14,META,0
2018-09-14,MSFT,0
2018-09-14,NFLX,0
2018-09-14,NVDA,0
2018-09-14,SPY,0
2018-09-14,TSLA,0
2018-09-17,AAPL,0
2018-09-17,AMD,0
2018-09-17,AMZN,0
2018-09-17,AVGO,0
2018-09-17,GOOGL,0
2018-09-17,META,1
2018-09-17,MSFT,0
2018-09-17,NFLX,0
2018-09-17,NVDA,0
2018-09-17,SPY,0
2018-09-17,TSLA,0
2018-09-18,AAPL,0
2018-09-18,AMD,0
2018-09-18,AMZN,0
2018-09-18,AVGO,0
2018-09-18,GOOGL,0
2018-09-18,META,1
2018-09-18,MSFT,0
2018-09-18,NFLX,0
2018-09-18,NVDA,0
2018-09-18,SPY,0
2018-09-18,TSLA,1
2018-09-19,AAPL,0
2018-09-19,AMD,0
2018-09-19,AMZN,0
2018-09-19,AVGO,0
2018-09-19,GOOGL,0
2018-09-19,META,0
2018-09-19,MSFT,0
2018-09-19,NFLX,0
2018-09-19,NVDA,0
2018-09-19,SPY,0
2018-09-19,TSLA,0
2018-09-20,AAPL,0
2018-09-20,AMD,0
2018-09-20,AMZN,0
2018-09-20,AVGO,0
2018-09-20,GOOGL,0
2018-09-20,META,0
2018-09-20,MSFT,0
2018-09-20,NFLX,0
2018-09-20,NVDA,0
2018-09-20,SPY,0
2018-09-20,TSLA,0
2018-09-21,AAPL,0
2018-09-21,AMD,0
2018-09-21,AMZN,0
2018-09-21,AVGO,0
2018-09-21,GOOGL,0
2018-09-21,META,0
2018-09-21,MSFT,0
2018-09-21,NFLX,0
2018-09-21,NVDA,0
2018-09-21,SPY,0
2018-09-21,TSLA,0
2018-09-24,AAPL,0
2018-09-24,AMD,0
2018-09-24,AMZN,0
2018-09-24,AVGO,0
2018-09-24,GOOGL,0
2018-09-24,META,0
2018-09-24,MSFT,0
2018-09-24,NFLX,0
2018-09-24,NVDA,0
2018-09-24,SPY,0
2018-09-24,TSLA,0
2018-09-25,AAPL,0
2018-09-25,AMD,0
2018-09-25,AMZN,0
2018-09-25,AVGO,0
2018-09-25,GOOGL,0
2018-09-25,META,0
2018-09-25,MSFT,0
2018-09-25,NFLX,0
2018-09-25,NVDA,0
2018-09-25,SPY,0
2018-09-25,TSLA,0
2018-09-26,AAPL,0
2018-09-26,AMD,0
2018-09-26,AMZN,0
2018-09-26,AVGO,0
2018-09-26,GOOGL,0
2018-09-26,META,0
2018-09-26,MSFT,0
2018-09-26,NFLX,0
2018-09-26,NVDA,0
2018-09-26,SPY,0
2018-09-26,TSLA,0
2018-09-27,AAPL,0
2018-09-27,AMD,0
2018-09-27,AMZN,0
2018-09-27,AVGO,0
2018-09-27,GOOGL,0
2018-09-27,META,0
2018-09-27,MSFT,0
2018-09-27,NFLX,0
2018-09-27,NVDA,0
2018-09-27,SPY,0
2018-09-27,TSLA,0
2018-09-28,AAPL,0
2018-09-28,AMD,0
2018-09-28,AMZN,0
2018-09-28,AVGO,0
2018-09-28,GOOGL,0
2018-09-28,META,0
2018-09-28,MSFT,0
2018-09-28,NFLX,0
2018-09-28,NVDA,0
2018-09-28,SPY,0
2018-09-28,TSLA,1
2018-10-01,AAPL,0
2018-10-01,AMD,0
2018-10-01,AMZN,0
2018-10-01,AVGO,0
2018-10-01,GOOGL,0
2018-10-01,META,0
2018-10-01,MSFT,0
2018-10-01,NFLX,0
2018-10-01,NVDA,0
2018-10-01,SPY,0
2018-10-01,TSLA,0
2018-10-02,AAPL,0
2018-10-02,AMD,1
2018-10-02,AMZN,0
2018-10-02,AVGO,0
2018-10-02,GOOGL,0
2018-10-02,META,0
2018-10-02,MSFT,0
2018-10-02,NFLX,0
2018-10-02,NVDA,0
2018-10-02,SPY,0
2018-10-02,TSLA,0
2018-10-03,AAPL,0
2018-10-03,AMD,1
2018-10-03,AMZN,0
2018-10-03,AVGO,0
2018-10-03,GOOGL,0
2018-10-03,META,0
2018-10-03,MSFT,0
2018-10-03,NFLX,0
2018-10-03,NVDA,0
2018-10-03,SPY,0
2018-10-03,TSLA,0
2018-10-04,AAPL,0
2018-10-04,AMD,1
2018-10-04,AMZN,0
2018-10-04,AVGO,0
2018-10-04,GOOGL,0
2018-10-04,META,0
2018-10-04,MSFT,0
2018-10-04,NFLX,0
2018-10-04,NVDA,0
2018-10-04,SPY,0
2018-10-04,TSLA,1
2018-10-05,AAPL,0
2018-10-05,AMD,1
2018-10-05,AMZN,0
2018-10-05,AVGO,0
2018-10-05,GOOGL,0
2018-10-05,META,0
2018-10-05,MSFT,0
2018-10-05,NFLX,0
2018-10-05,NVDA,0
2018-10-05,SPY,0
2018-10-05,TSLA,1
2018-10-08,AAPL,0
2018-10-08,AMD,1
2018-10-08,AMZN,0
2018-10-08,AVGO,0
2018-10-08,GOOGL,0
2018-10-08,META,0
2018-10-08,MSFT,0
2018-10-08,NFLX,0
2018-10-08,NVDA,0
2018-10-08,SPY,0
2018-10-08,TSLA,1
2018-10-09,AAPL,0
2018-10-09,AMD,1
2018-10-09,AMZN,0
2018-10-09,AVGO,0
2018-10-09,GOOGL,0
2018-10-09,META,0
2018-10-09,MSFT,0
2018-10-09,NFLX,0
2018-10-09,NVDA,0
2018-10-09,SPY,0
2018-10-09,TSLA,1
2018-10-10,AAPL,0
2018-10-10,AMD,1
2018-10-10,AMZN,1
2018-10-10,AVGO,0
2018-10-10,GOOGL,1
2018-10-10,META,1
2018-10-10,MSFT,0
2018-10-10,NFLX,1
2018-10-10,NVDA,1
2018-10-10,SPY,0
2018-10-10,TSLA,1
2018-10-11,AAPL,0
2018-10-11,AMD,1
2018-10-11,AMZN,1
2018-10-11,AVGO,0
2018-10-11,GOOGL,1
2018-10-11,META,1
2018-10-11,MSFT,0
2018-10-11,NFLX,1
2018-10-11,NVDA,1
2018-10-11,SPY,0
2018-10-11,TSLA,1
2018-10-12,AAPL,0
2018-10-12,AMD,1
2018-10-12,AMZN,1
2018-10-12,AVGO,0
2018-10-12,GOOGL,0
2018-10-12,META,0
2018-10-12,MSFT,0
2018-10-12,NFLX,1
2018-10-12,NVDA,1
2018-10-12,SPY,0
2018-10-12,TSLA,1
2018-10-15,AAPL,0
2018-10-15,AMD,1
2018-10-15,AMZN,1
2018-10-15,AVGO,0
2018-10-15,GOOGL,0
2018-10-15,META,0
2018-10-15,MSFT,0
2018-10-15,NFLX,1
2018-10-15,NVDA,1
2018-10-15,SPY,0
2018-10-15,TSLA,1
2018-10-16,AAPL,0
2018-10-16,AMD,1
2018-10-16,AMZN,1
2018-10-16,AVGO,0
2018-10-16,GOOGL,0
2018-10-16,META,0
2018-10-16,MSFT,0
2018-10-16,NFLX,1
2018-10-16,NVDA,1
2018-10-16,SPY,0
2018-10-16,TSLA,1
2018-10-17,AAPL,0
2018-10-17,AMD,1
2018-10-17,AMZN,0
2018-10-17,AVGO,0
2018-10-17,GOOGL,0
2018-10-17,META,0
2018-10-17,MSFT,0
2018-10-17,NFLX,0
2018-10-17,NVDA,1
2018-10-17,SPY,0
2018-10-17,TSLA,1
2018-10-18,AAPL,0
2018-10-18,AMD,1
2018-10-18,AMZN,1
2018-10-18,AVGO,0
2018-10-18,GOOGL,1
2018-10-18,META,0
2018-10-18,MSFT,0
2018-10-18,NFLX,1
2018-10-18,NVDA,1
2018-10-18,SPY,0
2018-10-18,TSLA,1
2018-10-19,AAPL,0
2018-10-19,AMD,1
2018-10-19,AMZN,1
2018-10-19,AVGO,0
2018-10-19,GOOGL,0
2018-10-19,META,0
2018-10-19,MSFT,0
2018-10-19,NFLX,1
2018-10-19,NVDA,1
2018-10-19,SPY,0
2018-10-19,TSLA,1
2018-10-22,AAPL,0
2018-10-22,AMD,1
2018-10-22,AMZN,1
2018-10-22,AVGO,0
2018-10-22,GOOGL,0
2018-10-22,META,0
2018-10-22,MSFT,0
2018-10-22,NFLX,1
2018-10-22,NVDA,1
2018-10-22,SPY,0
2018-10-22,TSLA,1
2018-10-23,AAPL,0
2018-10-23,AMD,1
2018-10-23,AMZN,1
2018-10-23,AVGO,0
2018-10-23,GOOGL,0
2018-10-23,META,0
2018-10-23,MSFT,0
2018-10-23,NFLX,1
2018-10-23,NVDA,1
2018-10-23,SPY,0
2018-10-23,TSLA,0
2018-10-24,AAPL,0
2018-10-24,AMD,0
2018-10-24,AMZN,1
2018-10-24,AVGO,1
2018-10-24,GOOGL,1
2018-10-24,META,1
2018-10-24,MSFT,1
2018-10-24,NFLX,1
2018-10-24,NVDA,1
2018-10-24,SPY,0
2018-10-24,TSLA,0
2018-10-25,AAPL,0
2018-10-25,AMD,1
2018-10-25,AMZN,1
2018-10-25,AVGO,1
2018-10-25,GOOGL,0
2018-10-25,META,0
2018-10-25,MSFT,0
2018-10-25,NFLX,1
2018-10-25,NVDA,1
2018-10-25,SPY,0
2018-10-25,TSLA,0
2018-10-26,AAPL,0
2018-10-26,AMD,1
2018-10-26,AMZN,1
2018-10-26,AVGO,1
2018-10-26,GOOGL,1
2018-10-26,META,1
2018-10-26,MSFT,0
2018-10-26,NFLX,1
2018-10-26,NVDA,1
2018-10-26,SPY,0
2018-10-26,TSLA,0
2018-10-29,AAPL,0
2018-10-29,AMD,1
2018-10-29,AMZN,1
2018-10-29,AVGO,1
2018-10-29,GOOGL,1
2018-10-29,META,1
2018-10-29,MSFT,1
2018-10-29,NFLX,1
2018-10-29,NVDA,1
2018-10-29,SPY,1
2018-10-29,TSLA,0
2018-10-30,AAPL,0
2018-10-30,AMD,1
2018-10-30,AMZN,1
2018-10-30,AVGO,1
2018-10-30,GOOGL,1
2018-10-30,META,0
2018-10-30,MSFT,0
2018-10-30,NFLX,1
2018-10-30,NVDA,1
2018-10-30,SPY,0
2018-10-30,TSLA,0
2018-10-31,AAPL,0
2018-10-31,AMD,1
2018-10-31,AMZN,1
2018-10-31,AVGO,0
2018-10-31,GOOGL,0
2018-10-31,META,0
2018-10-31,MSFT,0
2018-10-31,NFLX,1
2018-10-31,NVDA,1
2018-10-31,SPY,0
2018-10-31,TSLA,0
2018-11-01,AAPL,0
2018-11-01,AMD,0
2018-11-01,AMZN,1
2018-11-01,AVGO,0
2018-11-01,GOOGL,0
2018-11-01,META,0
2018-11-01,MSFT,0
2018-11-01,NFLX,1
2018-11-01,NVDA,1
2018-11-01,SPY,0
2018-11-01,TSLA,0
2018-11-02,AAPL,0
2018-11-02,AMD,0
2018-11-02,AMZN,1
2018-11-02,AVGO,1
2018-11-02,GOOGL,0
2018-11-02,META,0
2018-11-02,MSFT,0
2018-11-02,NFLX,1
2018-11-02,NVDA,1
2018-11-02,SPY,0
2018-11-02,TSLA,0
2018-11-05,AAPL,1
2018-11-05,AMD,0
2018-11-05,AMZN,1
2018-11-05,AVGO,0
2018-11-05,GOOGL,0
2018-11-05,META,0
2018-11-05,MSFT,0
2018-11-05,NFLX,1
2018-11-05,NVDA,1
2018-11-05,SPY,0
2018-11-05,TSLA,0
2018-11-06,AAPL,0
2018-11-06,AMD,0
2018-11-06,AMZN,1
2018-11-06,AVGO,0
2018-11-06,GOOGL,0
2018-11-06,META,0
2018-11-06,MSFT,0
2018-11-06,NFLX,1
2018-11-06,NVDA,1
2018-11-06,SPY,0
2018-11-06,TSLA,0
2018-11-07,AAPL,0
2018-11-07,AMD,0
2018-11-07,AMZN,0
2018-11-07,AVGO,0
2018-11-07,GOOGL,0
2018-11-07,META,0
2018-11-07,MSFT,0
2018-11-07,NFLX,1
2018-11-07,NVDA,1
2018-11-07,SPY,0
2018-11-07,TSLA,0
2018-11-08,AAPL,0
2018-11-08,AMD,0
2018-11-08,AMZN,0
2018-11-08,AVGO,0
2018-11-08,GOOGL,0
2018-11-08,META,0
2018-11-08,MSFT,0
2018-11-08,NFLX,1
2018-11-08,NVDA,1
2018-11-08,SPY,0
2018-11-08,TSLA,0
2018-11-09,AAPL,0
2018-11-09,AMD,0
2018-11-09,AMZN,0
2018-11-09,AVGO,0
2018-11-09,GOOGL,0
2018-11-09,META,0
2018-11-09,MSFT,0
2018-11-09,NFLX,1
2018-11-09,NVDA,1
2018-11-09,SPY,0
2018-11-09,TSLA,0
2018-11-12,AAPL,1
2018-11-12,AMD,1
2018-11-12,AMZN,1
2018-11-12,AVGO,0
2018-11-12,GOOGL,0
2018-11-12,META,1
2018-11-12,MSFT,0
2018-11-12,NFLX,1
2018-11-12,NVDA,1
2018-11-12,SPY,0
2018-11-12,TSLA,0
2018-11-13,AAPL,1
2018-11-13,AMD,1
2018-11-13,AMZN,0
2018-11-13,AVGO,0
2018-11-13,GOOGL,0
2018-11-13,META,0
2018-11-13,MSFT,0
2018-11-13,NFLX,1
2018-11-13,NVDA,1
2018-11-13,SPY,0
2018-11-13,TSLA,0
2018-11-14,AAPL,1
2018-11-14,AMD,0
2018-11-14,AMZN,1
2018-11-14,AVGO,0
2018-11-14,GOOGL,0
2018-11-14,META,0
2018-11-14,MSFT,0
2018-11-14,NFLX,1
2018-11-14,NVDA,1
2018-11-14,SPY,0
2018-11-14,TSLA,0
2018-11-15,AAPL,1
2018-11-15,AMD,0
2018-11-15,AMZN,1
2018-11-15,AVGO,0
2018-11-15,GOOGL,0
2018-11-15,META,0
2018-11-15,MSFT,0
2018-11-15,NFLX,1
2018-11-15,NVDA,0
2018-11-15,SPY,0
2018-11-15,TSLA,0
2018-11-16,AAPL,1
2018-11-16,AMD,0
2018-11-16,AMZN,1
2018-11-16,AVGO,0
2018-11-16,GOOGL,0
2018-11-16,META,1
2018-11-16,MSFT,0
2018-11-16,NFLX,1
2018-11-16,NVDA,1
2018-11-16,SPY,0
2018-11-16,TSLA,0
2018-11-19,AAPL,1
2018-11-19,AMD,1
2018-11-19,AMZN,1
2018-11-19,AVGO,0
2018-11-19,GOOGL,0
2018-11-19,META,1
2018-11-19,MSFT,0
2018-11-19,NFLX,1
2018-11-19,NVDA,1
2018-11-19,SPY,0
2018-11-19,TSLA,0
2018-11-20,AAPL,1
2018-11-20,AMD,1
2018-11-20,AMZN,1
2018-11-20,AVGO,0
2018-11-20,GOOGL,0
2018-11-20,META,1
2018-11-20,MSFT,0
2018-11-20,NFLX,1
2018-11-20,NVDA,1
2018-11-20,SPY,0
2018-11-20,TSLA,0
2018-11-21,AAPL,1
2018-11-21,AMD,1
2018-11-21,AMZN,1
2018-11-21,AVGO,0
2018-11-21,GOOGL,0
2018-11-21,META,1
2018-11-21,MSFT,0
2018-11-21,NFLX,1
2018-11-21,NVDA,1
2018-11-21,SPY,0
2018-11-21,TSLA,0
2018-11-23,AAPL,1
2018-11-23,AMD,1
2018-11-23,AMZN,1
2018-11-23,AVGO,0
2018-11-23,GOOGL,0
2018-11-23,META,1
2018-11-23,MSFT,0
2018-11-23,NFLX,1
2018-11-23,NVDA,1
2018-11-23,SPY,0
2018-11-23,TSLA,0
2018-11-26,AAPL,1
2018-11-26,AMD,0
2018-11-26,AMZN,1
2018-11-26,AVGO,0
2018-11-26,GOOGL,0
2018-11-26,META,1
2018-11-26,MSFT,0
2018-11-26,NFLX,1
2018-11-26,NVDA,1
2018-11-26,SPY,0
2018-11-26,TSLA,0
2018-11-27,AAPL,1
2018-11-27,AMD,0
2018-11-27,AMZN,1
2018-11-27,AVGO,0
2018-11-27,GOOGL,0
2018-11-27,META,1
2018-11-27,MSFT,0
2018-11-27,NFLX,1
2018-11-27,NVDA,1
2018-11-27,SPY,0
2018-11-27,TSLA,0
2018-11-28,AAPL,1
2018-11-28,AMD,0
2018-11-28,AMZN,0
2018-11-28,AVGO,0
2018-11-28,GOOGL,0
2018-11-28,META,1
2018-11-28,MSFT,0
2018-11-28,NFLX,1
2018-11-28,NVDA,1
2018-11-28,SPY,0
2018-11-28,TSLA,0
2018-11-29,AAPL,1
2018-11-29,AMD,0
2018-11-29,AMZN,0
2018-11-29,AVGO,0
2018-11-29,GOOGL,0
2018-11-29,META,0
2018-11-29,MSFT,0
2018-11-29,NFLX,1
2018-11-29,NVDA,1
2018-11-29,SPY,0
2018-11-29,TSLA,0
2018-11-30,AAPL,1
2018-11-30,AMD,1
2018-11-30,AMZN,0
2018-11-30,AVGO,0
2018-11-30,GOOGL,0
2018-11-30,META,0
2018-11-30,MSFT,0
2018-11-30,NFLX,1
2018-11-30,NVDA,1
2018-11-30,SPY,0
2018-11-30,TSLA,0
2018-12-03,AAPL,1
2018-12-03,AMD,0
2018-12-03,AMZN,0
2018-12-03,AVGO,0
2018-12-03,GOOGL,0
2018-12-03,META,0
2018-12-03,MSFT,0
2018-12-03,NFLX,1
2018-12-03,NVDA,1
2018-12-03,SPY,0
2018-12-03,TSLA,0
2018-12-04,AAPL,1
2018-12-04,AMD,1
2018-12-04,AMZN,0
2018-12-04,AVGO,0
2018-12-04,GOOGL,0
2018-12-04,META,0
2018-12-04,MSFT,0
2018-12-04,NFLX,1
2018-12-04,NVDA,1
2018-12-04,SPY,0
2018-12-04,TSLA,0
2018-12-06,AAPL,1
2018-12-06,AMD,1
2018-12-06,AMZN,0
2018-12-06,AVGO,0
2018-12-06,GOOGL,0
2018-12-06,META,0
2018-12-06,MSFT,0
2018-12-06,NFLX,1
2018-12-06,NVDA,1
2018-12-06,SPY,0
2018-12-06,TSLA,0
2018-12-07,AAPL,1
2018-12-07,AMD,1
2018-12-07,AMZN,0
2018-12-07,AVGO,0
2018-12-07,GOOGL,0
2018-12-07,META,0
2018-12-07,MSFT,0
2018-12-07,NFLX,1
2018-12-07,NVDA,1
2018-12-07,SPY,0
2018-12-07,TSLA,0
2018-12-10,AAPL,1
2018-12-10,AMD,1
2018-12-10,AMZN,0
2018-12-10,AVGO,0
2018-12-10,GOOGL,0
2018-12-10,META,0
2018-12-10,MSFT,0
2018-12-10,NFLX,0
2018-12-10,NVDA,1
2018-12-10,SPY,0
2018-12-10,TSLA,0
2018-12-11,AAPL,1
2018-12-11,AMD,1
2018-12-11,AMZN,0
2018-12-11,AVGO,0
2018-12-11,GOOGL,0
2018-12-11,META,0
2018-12-11,MSFT,0
2018-12-11,NFLX,1
2018-12-11,NVDA,1
2018-12-11,SPY,0
2018-12-11,TSLA,0
2018-12-12,AAPL,1
2018-12-12,AMD,1
2018-12-12,AMZN,0
2018-12-12,AVGO,0
2018-12-12,GOOGL,0
2018-12-12,META,0
2018-12-12,MSFT,0
2018-12-12,NFLX,0
2018-12-12,NVDA,1
2018-12-12,SPY,0
2018-12-12,TSLA,0
2018-12-13,AAPL,1
2018-12-13,AMD,1
2018-12-13,AMZN,0
2018-12-13,AVGO,0
2018-12-13,GOOGL,0
2018-12-13,META,0
2018-12-13,MSFT,0
2018-12-13,NFLX,0
2018-12-13,NVDA,1
2018-12-13,SPY,0
2018-12-13,TSLA,0
2018-12-14,AAPL,1
2018-12-14,AMD,1
2018-12-14,AMZN,1
2018-12-14,AVGO,0
2018-12-14,GOOGL,0
2018-12-14,META,0
2018-12-14,MSFT,0
2018-12-14,NFLX,0
2018-12-14,NVDA,1
2018-12-14,SPY,0
2018-12-14,TSLA,0
2018-12-17,AAPL,1
2018-12-17,AMD,1
2018-12-17,AMZN,1
2018-12-17,AVGO,0
2018-12-17,GOOGL,0
2018-12-17,META,0
2018-12-17,MSFT,0
2018-12-17,NFLX,1
2018-12-17,NVDA,1
2018-12-17,SPY,0
2018-12-17,TSLA,0
2018-12-18,AAPL,1
2018-12-18,AMD,1
2018-12-18,AMZN,1
2018-12-18,AVGO,0
2018-12-18,GOOGL,0
2018-12-18,META,0
2018-12-18,MSFT,0
2018-12-18,NFLX,0
2018-12-18,NVDA,1
2018-12-18,SPY,0
2018-12-18,TSLA,1
2018-12-19,AAPL,1
2018-12-19,AMD,1
2018-12-19,AMZN,1
2018-12-19,AVGO,0
2018-12-19,GOOGL,0
2018-12-19,META,0
2018-12-19,MSFT,0
2018-12-19,NFLX,0
2018-12-19,NVDA,1
2018-12-19,SPY,1
2018-12-19,TSLA,1
2018-12-20,AAPL,1
2018-12-20,AMD,1
2018-12-20,AMZN,1
2018-12-20,AVGO,0
2018-12-20,GOOGL,0
2018-12-20,META,0
2018-12-20,MSFT,1
2018-12-20,NFLX,1
2018-12-20,NVDA,1
2018-12-20,SPY,1
2018-12-20,TSLA,1
2018-12-21,AAPL,1
2018-12-21,AMD,1
2018-12-21,AMZN,1
2018-12-21,AVGO,0
2018-12-21,GOOGL,1
2018-12-21,META,1
2018-12-21,MSFT,1
2018-12-21,NFLX,1
2018-12-21,NVDA,1
2018-12-21,SPY,1
2018-12-21,TSLA,1
2018-12-24,AAPL,1
2018-12-24,AMD,1
2018-12-24,AMZN,1
2018-12-24,AVGO,0
2018-12-24,GOOGL,1
2018-12-24,META,1
2018-12-24,MSFT,1
2018-12-24,NFLX,1
2018-12-24,NVDA,1
2018-12-24,SPY,1
2018-12-24,TSLA,1
2018-12-26,AAPL,1
2018-12-26,AMD,1
2018-12-26,AMZN,1
2018-12-26,AVGO,0
2018-12-26,GOOGL,0
2018-12-26,META,0
2018-12-26,MSFT,1
2018-12-26,NFLX,1
2018-12-26,NVDA,1
2018-12-26,SPY,1
2018-12-26,TSLA,1
2018-12-27,AAPL,1
2018-12-27,AMD,1
2018-12-27,AMZN,1
2018-12-27,AVGO,0
2018-12-27,GOOGL,0
2018-12-27,META,0
2018-12-27,MSFT,1
2018-12-27,NFLX,1
2018-12-27,NVDA,1
2018-12-27,SPY,1
2018-12-27,TSLA,1
2018-12-28,AAPL,1
2018-12-28,AMD,1
2018-12-28,AMZN,1
2018-12-28,AVGO,0
2018-12-28,GOOGL,0
2018-12-28,META,0
2018-12-28,MSFT,1
2018-12-28,NFLX,1
2018-12-28,NVDA,1
2018-12-28,SPY,1
2018-12-28,TSLA,1
2018-12-31,AAPL,1
2018-12-31,AMD,1
2018-12-31,AMZN,1
2018-12-31,AVGO,0
2018-12-31,GOOGL,0
2018-12-31,META,1
2018-12-31,MSFT,1
2018-12-31,NFLX,0
2018-12-31,NVDA,1
2018-12-31,SPY,1
2018-12-31,TSLA,1
2019-01-02,AAPL,1
2019-01-02,AMD,1
2019-01-02,AMZN,1
2019-01-02,AVGO,0
2019-01-02,GOOGL,0
2019-01-02,META,0
2019-01-02,MSFT,0
2019-01-02,NFLX,0
2019-01-02,NVDA,1
2019-01-02,SPY,0
2019-01-02,TSLA,1
2019-01-03,AAPL,1
2019-01-03,AMD,1
2019-01-03,AMZN,1
2019-01-03,AVGO,1
2019-01-03,GOOGL,0
2019-01-03,META,1
2019-01-03,MSFT,1
2019-01-03,NFLX,0
2019-01-03,NVDA,1
2019-01-03,SPY,0
2019-01-03,TSLA,1
2019-01-04,AAPL,1
2019-01-04,AMD,0
2019-01-04,AMZN,0
2019-01-04,AVGO,0
2019-01-04,GOOGL,0
2019-01-04,META,0
2019-01-04,MSFT,0
2019-01-04,NFLX,0
2019-01-04,NVDA,1
2019-01-04,SPY,0
2019-01-04,TSLA,1
2019-01-07,AAPL,1
2019-01-07,AMD,0
2019-01-07,AMZN,0
2019-01-07,AVGO,0
2019-01-07,GOOGL,0
2019-01-07,META,0
2019-01-07,MSFT,0
2019-01-07,NFLX,0
2019-01-07,NVDA,0
2019-01-07,SPY,0
2019-01-07,TSLA,1
2019-01-08,AAPL,1
2019-01-08,AMD,0
2019-01-08,AMZN,0
2019-01-08,AVGO,0
2019-01-08,GOOGL,0
2019-01-08,META,0
2019-01-08,MSFT,0
2019-01-08,NFLX,0
2019-01-08,NVDA,0
2019-01-08,SPY,0
2019-01-08,TSLA,1
2019-01-09,AAPL,1
2019-01-09,AMD,0
2019-01-09,AMZN,0
2019-01-09,AVGO,0
2019-01-09,GOOGL,0
2019-01-09,META,0
2019-01-09,MSFT,0
2019-01-09,NFLX,0
2019-01-09,NVDA,0
2019-01-09,SPY,0
2019-01-09,TSLA,1
2019-01-10,AAPL,1
2019-01-10,AMD,0
2019-01-10,AMZN,0
2019-01-10,AVGO,0
2019-01-10,GOOGL,0
2019-01-10,META,0
2019-01-10,MSFT,0
2019-01-10,NFLX,0
2019-01-10,NVDA,0
2019-01-10,SPY,0
2019-01-10,TSLA,0
2019-01-11,AAPL,0
2019-01-11,AMD,0
2019-01-11,AMZN,0
2019-01-11,AVGO,0
2019-01-11,GOOGL,0
2019-01-11,META,0
2019-01-11,MSFT,0
2019-01-11,NFLX,0
2019-01-11,NVDA,0
2019-01-11,SPY,0
2019-01-11,TSLA,0
2019-01-14,AAPL,1
2019-01-14,AMD,0
2019-01-14,AMZN,0
2019-01-14,AVGO,0
2019-01-14,GOOGL,0
2019-01-14,META,0
2019-01-14,MSFT,0
2019-01-14,NFLX,0
2019-01-14,NVDA,0
2019-01-14,SPY,0
2019-01-14,TSLA,0
2019-01-15,AAPL,0
2019-01-15,AMD,0
2019-01-15,AMZN,0
2019-01-15,AVGO,0
2019-01-15,GOOGL,0
2019-01-15,META,0
2019-01-15,MSFT,0
2019-01-15,NFLX,0
2019-01-15,NVDA,0
2019-01-15,SPY,0
2019-01-15,TSLA,0
2019-01-16,AAPL,0
2019-01-16,AMD,0
2019-01-16,AMZN,0
2019-01-16,AVGO,0
2019-01-16,GOOGL,0
2019-01-16,META,0
2019-01-16,MSFT,0
2019-01-16,NFLX,0
2019-01-16,NVDA,0
2019-01-16,SPY,0
2019-01-16,TSLA,0
2019-01-17,AAPL,0
2019-01-17,AMD,0
2019-01-17,AMZN,0
2019-01-17,AVGO,0
2019-01-17,GOOGL,0
2019-01-17,META,0
2019-01-17,MSFT,0
2019-01-17,NFLX,0
2019-01-17,NVDA,0
2019-01-17,SPY,0
2019-01-17,TSLA,0
2019-01-18,AAPL,0
2019-01-18,AMD,0
2019-01-18,AMZN,0
2019-01-18,AVGO,0
2019-01-18,GOOGL,0
2019-01-18,META,0
2019-01-18,MSFT,0
2019-01-18,NFLX,0
2019-01-18,NVDA,0
2019-01-18,SPY,0
2019-01-18,TSLA,1
2019-01-22,AAPL,0
2019-01-22,AMD,0
2019-01-22,AMZN,0
2019-01-22,AVGO,0
2019-01-22,GOOGL,0
2019-01-22,META,0
2019-01-22,MSFT,0
2019-01-22,NFLX,0
2019-01-22,NVDA,0
2019-01-22,SPY,0
2019-01-22,TSLA,1
2019-01-23,AAPL,0
2019-01-23,AMD,0
2019-01-23,AMZN,0
2019-01-23,AVGO,0
2019-01-23,GOOGL,0
2019-01-23,META,0
2019-01-23,MSFT,0
2019-01-23,NFLX,0
2019-01-23,NVDA,0
2019-01-23,SPY,0
2019-01-23,TSLA,1
2019-01-24,AAPL,0
2019-01-24,AMD,0
2019-01-24,AMZN,0
2019-01-24,AVGO,0
2019-01-24,GOOGL,0
2019-01-24,META,0
2019-01-24,MSFT,0
2019-01-24,NFLX,0
2019-01-24,NVDA,0
2019-01-24,SPY,0
2019-01-24,TSLA,1
2019-01-25,AAPL,0
2019-01-25,AMD,0
2019-01-25,AMZN,0
2019-01-25,AVGO,0
2019-01-25,GOOGL,0
2019-01-25,META,0
2019-01-25,MSFT,0
2019-01-25,NFLX,0
2019-01-25,NVDA,0
2019-01-25,SPY,0
2019-01-25,TSLA,1
2019-01-28,AAPL,0
2019-01-28,AMD,0
2019-01-28,AMZN,0
2019-01-28,AVGO,0
2019-01-28,GOOGL,0
2019-01-28,META,0
2019-01-28,MSFT,0
2019-01-28,NFLX,0
2019-01-28,NVDA,1
2019-01-28,SPY,0
2019-01-28,TSLA,1
2019-01-29,AAPL,0
2019-01-29,AMD,1
2019-01-29,AMZN,0
2019-01-29,AVGO,0
2019-01-29,GOOGL,0
2019-01-29,META,0
2019-01-29,MSFT,0
2019-01-29,NFLX,0
2019-01-29,NVDA,1
2019-01-29,SPY,0
2019-01-29,TSLA,1
2019-01-30,AAPL,0
2019-01-30,AMD,0
2019-01-30,AMZN,0
2019-01-30,AVGO,0
2019-01-30,GOOGL,0
2019-01-30,META,1
2019-01-30,MSFT,0
2019-01-30,NFLX,0
2019-01-30,NVDA,1
2019-01-30,SPY,0
2019-01-30,TSLA,1
2019-01-31,AAPL,0
2019-01-31,AMD,0
2019-01-31,AMZN,0
2019-01-31,AVGO,0
2019-01-31,GOOGL,0
2019-01-31,META,0
2019-01-31,MSFT,0
2019-01-31,NFLX,0
2019-01-31,NVDA,1
2019-01-31,SPY,0
2019-01-31,TSLA,1
2019-02-01,AAPL,0
2019-02-01,AMD,0
2019-02-01,AMZN,0
2019-02-01,AVGO,0
2019-02-01,GOOGL,0
2019-02-01,META,0
2019-02-01,MSFT,0
2019-02-01,NFLX,0
2019-02-01,NVDA,1
2019-02-01,SPY,0
2019-02-01,TSLA,1
2019-02-04,AAPL,0
2019-02-04,AMD,0
2019-02-04,AMZN,0
2019-02-04,AVGO,0
2019-02-04,GOOGL,0
2019-02-04,META,0
2019-02-04,MSFT,0
2019-02-04,NFLX,0
2019-02-04,NVDA,0
2019-02-04,SPY,0
2019-02-04,TSLA,1
2019-02-05,AAPL,0
2019-02-05,AMD,0
2019-02-05,AMZN,0
2019-02-05,AVGO,0
2019-02-05,GOOGL,0
2019-02-05,META,0
2019-02-05,MSFT,0
2019-02-05,NFLX,0
2019-02-05,NVDA,0
2019-02-05,SPY,0
2019-02-05,TSLA,0
2019-02-06,AAPL,0
2019-02-06,AMD,0
2019-02-06,AMZN,0
2019-02-06,AVGO,0
2019-02-06,GOOGL,0
2019-02-06,META,0
2019-02-06,MSFT,0
2019-02-06,NFLX,0
2019-02-06,NVDA,0
2019-02-06,SPY,0
2019-02-06,TSLA,0
2019-02-07,AAPL,0
2019-02-07,AMD,0
2019-02-07,AMZN,0
2019-02-07,AVGO,0
2019-02-07,GOOGL,0
2019-02-07,META,0
2019-02-07,MSFT,0
2019-02-07,NFLX,0
2019-02-07,NVDA,0
2019-02-07,SPY,0
2019-02-07,TSLA,1
2019-02-08,AAPL,0
2019-02-08,AMD,0
2019-02-08,AMZN,0
2019-02-08,AVGO,0
2019-02-08,GOOGL,0
2019-02-08,META,0
2019-02-08,MSFT,0
2019-02-08,NFLX,0
2019-02-08,NVDA,0
2019-02-08,SPY,0
2019-02-08,TSLA,1
2019-02-11,AAPL,0
2019-02-11,AMD,0
2019-02-11,AMZN,0
2019-02-11,AVGO,0
2019-02-11,GOOGL,0
2019-02-11,META,0
2019-02-11,MSFT,0
2019-02-11,NFLX,0
2019-02-11,NVDA,0
2019-02-11,SPY,0
2019-02-11,TSLA,1
2019-02-12,AAPL,0
2019-02-12,AMD,0
2019-02-12,AMZN,0
2019-02-12,AVGO,0
2019-02-12,GOOGL,0
2019-02-12,META,0
2019-02-12,MSFT,0
2019-02-12,NFLX,0
2019-02-12,NVDA,0
2019-02-12,SPY,0
2019-02-12,TSLA,1
2019-02-13,AAPL,0
2019-02-13,AMD,0
2019-02-13,AMZN,0
2019-02-13,AVGO,0
2019-02-13,GOOGL,0
2019-02-13,META,0
2019-02-13,MSFT,0
2019-02-13,NFLX,0
2019-02-13,NVDA,0
2019-02-13,SPY,0
2019-02-13,TSLA,1
2019-02-14,AAPL,0
2019-02-14,AMD,0
2019-02-14,AMZN,0
2019-02-14,AVGO,0
2019-02-14,GOOGL,0
2019-02-14,META,0
2019-02-14,MSFT,0
2019-02-14,NFLX,0
2019-02-14,NVDA,0
2019-02-14,SPY,0
2019-02-14,TSLA,0
2019-02-15,AAPL,0
2019-02-15,AMD,0
2019-02-15,AMZN,0
2019-02-15,AVGO,0
2019-02-15,GOOGL,0
2019-02-15,META,0
2019-02-15,MSFT,0
2019-02-15,NFLX,0
2019-02-15,NVDA,0
2019-02-15,SPY,0
2019-02-15,TSLA,0
2019-02-19,AAPL,0
2019-02-19,AMD,0
2019-02-19,AMZN,0
2019-02-19,AVGO,0
2019-02-19,GOOGL,0
2019-02-19,META,0
2019-02-19,MSFT,0
2019-02-19,NFLX,0
2019-02-19,NVDA,0
2019-02-19,SPY,0
2019-02-19,TSLA,0
2019-02-20,AAPL,0
2019-02-20,AMD,0
2019-02-20,AMZN,0
2019-02-20,AVGO,0
2019-02-20,GOOGL,0
2019-02-20,META,0
2019-02-20,MSFT,0
2019-02-20,NFLX,0
2019-02-20,NVDA,0
2019-02-20,SPY,0
2019-02-20,TSLA,0
2019-02-21,AAPL,0
2019-02-21,AMD,0
2019-02-21,AMZN,0
2019-02-21,AVGO,0
2019-02-21,GOOGL,0
2019-02-21,META,0
2019-02-21,MSFT,0
2019-02-21,NFLX,0
2019-02-21,NVDA,0
2019-02-21,SPY,0
2019-02-21,TSLA,1
2019-02-22,AAPL,0
2019-02-22,AMD,0
2019-02-22,AMZN,0
2019-02-22,AVGO,0
2019-02-22,GOOGL,0
2019-02-22,META,0
2019-02-22,MSFT,0
2019-02-22,NFLX,0
2019-02-22,NVDA,0
2019-02-22,SPY,0
2019-02-22,TSLA,0
2019-02-25,AAPL,0
2019-02-25,AMD,0
2019-02-25,AMZN,0
2019-02-25,AVGO,0
2019-02-25,GOOGL,0
2019-02-25,META,0
2019-02-25,MSFT,0
2019-02-25,NFLX,0
2019-02-25,NVDA,0
2019-02-25,SPY,0
2019-02-25,TSLA,0
2019-02-26,AAPL,0
2019-02-26,AMD,0
2019-02-26,AMZN,0
2019-02-26,AVGO,0
2019-02-26,GOOGL,0
2019-02-26,META,0
2019-02-26,MSFT,0
2019-02-26,NFLX,0
2019-02-26,NVDA,0
2019-02-26,SPY,0
2019-02-26,TSLA,0
2019-02-27,AAPL,0
2019-02-27,AMD,0
2019-02-27,AMZN,0
2019-02-27,AVGO,0
2019-02-27,GOOGL,0
2019-02-27,META,0
2019-02-27,MSFT,0
2019-02-27,NFLX,0
2019-02-27,NVDA,0
2019-02-27,SPY,0
2019-02-27,TSLA,0
2019-02-28,AAPL,0
2019-02-28,AMD,0
2019-02-28,AMZN,0
2019-02-28,AVGO,0
2019-02-28,GOOGL,0
2019-02-28,META,0
2019-02-28,MSFT,0
2019-02-28,NFLX,0
2019-02-28,NVDA,0
2019-02-28,SPY,0
2019-02-28,TSLA,0
2019-03-01,AAPL,0
2019-03-01,AMD,0
2019-03-01,AMZN,0
2019-03-01,AVGO,0
2019-03-01,GOOGL,0
2019-03-01,META,0
2019-03-01,MSFT,0
2019-03-01,NFLX,0
2019-03-01,NVDA,0
2019-03-01,SPY,0
2019-03-01,TSLA,0
2019-03-04,AAPL,0
2019-03-04,AMD,0
2019-03-04,AMZN,0
2019-03-04,AVGO,0
2019-03-04,GOOGL,0
2019-03-04,META,0
2019-03-04,MSFT,0
2019-03-04,NFLX,0
2019-03-04,NVDA,0
2019-03-04,SPY,0
2019-03-04,TSLA,1
2019-03-05,AAPL,0
2019-03-05,AMD,0
2019-03-05,AMZN,0
2019-03-05,AVGO,0
2019-03-05,GOOGL,0
2019-03-05,META,0
2019-03-05,MSFT,0
2019-03-05,NFLX,0
2019-03-05,NVDA,0
2019-03-05,SPY,0
2019-03-05,TSLA,1
2019-03-06,AAPL,0
2019-03-06,AMD,1
2019-03-06,AMZN,0
2019-03-06,AVGO,0
2019-03-06,GOOGL,0
2019-03-06,META,0
2019-03-06,MSFT,0
2019-03-06,NFLX,0
2019-03-06,NVDA,0
2019-03-06,SPY,0
2019-03-06,TSLA,1
2019-03-07,AAPL,0
2019-03-07,AMD,1
2019-03-07,AMZN,0
2019-03-07,AVGO,0
2019-03-07,GOOGL,0
2019-03-07,META,0
2019-03-07,MSFT,0
2019-03-07,NFLX,0
2019-03-07,NVDA,0
2019-03-07,SPY,0
2019-03-07,TSLA,1
2019-03-08,AAPL,0
2019-03-08,AMD,1
2019-03-08,AMZN,0
2019-03-08,AVGO,0
2019-03-08,GOOGL,0
2019-03-08,META,0
2019-03-08,MSFT,0
2019-03-08,NFLX,0
2019-03-08,NVDA,0
2019-03-08,SPY,0
2019-03-08,TSLA,1
2019-03-11,AAPL,0
2019-03-11,AMD,0
2019-03-11,AMZN,0
2019-03-11,AVGO,0
2019-03-11,GOOGL,0
2019-03-11,META,0
2019-03-11,MSFT,0
2019-03-11,NFLX,0
2019-03-11,NVDA,0
2019-03-11,SPY,0
2019-03-11,TSLA,0
2019-03-12,AAPL,0
2019-03-12,AMD,0
2019-03-12,AMZN,0
2019-03-12,AVGO,0
2019-03-12,GOOGL,0
2019-03-12,META,0
2019-03-12,MSFT,0
2019-03-12,NFLX,0
2019-03-12,NVDA,0
2019-03-12,SPY,0
2019-03-12,TSLA,1
2019-03-13,AAPL,0
2019-03-13,AMD,0
2019-03-13,AMZN,0
2019-03-13,AVGO,0
2019-03-13,GOOGL,0
2019-03-13,META,0
2019-03-13,MSFT,0
2019-03-13,NFLX,0
2019-03-13,NVDA,0
2019-03-13,SPY,0
2019-03-13,TSLA,1
2019-03-14,AAPL,0
2019-03-14,AMD,0
2019-03-14,AMZN,0
2019-03-14,AVGO,0
2019-03-14,GOOGL,0
2019-03-14,META,0
2019-03-14,MSFT,0
2019-03-14,NFLX,0
2019-03-14,NVDA,0
2019-03-14,SPY,0
2019-03-14,TSLA,1
2019-03-15,AAPL,0
2019-03-15,AMD,0
2019-03-15,AMZN,0
2019-03-15,AVGO,0
2019-03-15,GOOGL,0
2019-03-15,META,0
2019-03-15,MSFT,0
2019-03-15,NFLX,0
2019-03-15,NVDA,0
2019-03-15,SPY,0
2019-03-15,TSLA,1
2019-03-18,AAPL,0
2019-03-18,AMD,1
2019-03-18,AMZN,0
2019-03-18,AVGO,0
2019-03-18,GOOGL,0
2019-03-18,META,0
2019-03-18,MSFT,0
2019-03-18,NFLX,0
2019-03-18,NVDA,0
2019-03-18,SPY,0
2019-03-18,TSLA,1
2019-03-19,AAPL,0
2019-03-19,AMD,0
2019-03-19,AMZN,0
2019-03-19,AVGO,0
2019-03-19,GOOGL,0
2019-03-19,META,0
2019-03-19,MSFT,0
2019-03-19,NFLX,0
2019-03-19,NVDA,0
2019-03-19,SPY,0
2019-03-19,TSLA,1
2019-03-20,AAPL,0
2019-03-20,AMD,0
2019-03-20,AMZN,0
2019-03-20,AVGO,0
2019-03-20,GOOGL,0
2019-03-20,META,0
2019-03-20,MSFT,0
2019-03-20,NFLX,0
2019-03-20,NVDA,0
2019-03-20,SPY,0
2019-03-20,TSLA,1
2019-03-21,AAPL,0
2019-03-21,AMD,0
2019-03-21,AMZN,0
2019-03-21,AVGO,0
2019-03-21,GOOGL,0
2019-03-21,META,0
2019-03-21,MSFT,0
2019-03-21,NFLX,0
2019-03-21,NVDA,0
2019-03-21,SPY,0
2019-03-21,TSLA,1
2019-03-22,AAPL,0
2019-03-22,AMD,0
2019-03-22,AMZN,0
2019-03-22,AVGO,0
2019-03-22,GOOGL,0
2019-03-22,META,0
2019-03-22,MSFT,0
2019-03-22,NFLX,0
2019-03-22,NVDA,0
2019-03-22,SPY,0
2019-03-22,TSLA,1
2019-03-25,AAPL,0
2019-03-25,AMD,0
2019-03-25,AMZN,0
2019-03-25,AVGO,0
2019-03-25,GOOGL,0
2019-03-25,META,0
2019-03-25,MSFT,0
2019-03-25,NFLX,0
2019-03-25,NVDA,0
2019-03-25,SPY,0
2019-03-25,TSLA,1
2019-03-26,AAPL,0
2019-03-26,AMD,0
2019-03-26,AMZN,0
2019-03-26,AVGO,0
2019-03-26,GOOGL,0
2019-03-26,META,0
2019-03-26,MSFT,0
2019-03-26,NFLX,0
2019-03-26,NVDA,0
2019-03-26,SPY,0
2019-03-26,TSLA,1
2019-03-27,AAPL,0
2019-03-27,AMD,1
2019-03-27,AMZN,0
2019-03-27,AVGO,0
2019-03-27,GOOGL,0
2019-03-27,META,0
2019-03-27,MSFT,0
2019-03-27,NFLX,0
2019-03-27,NVDA,0
2019-03-27,SPY,0
2019-03-27,TSLA,0
2019-03-28,AAPL,0
2019-03-28,AMD,1
2019-03-28,AMZN,0
2019-03-28,AVGO,0
2019-03-28,GOOGL,0
2019-03-28,META,0
2019-03-28,MSFT,0
2019-03-28,NFLX,0
2019-03-28,NVDA,0
2019-03-28,SPY,0
2019-03-28,TSLA,0
2019-03-29,AAPL,0
2019-03-29,AMD,0
2019-03-29,AMZN,0
2019-03-29,AVGO,0
2019-03-29,GOOGL,0
2019-03-29,META,0
2019-03-29,MSFT,0
2019-03-29,NFLX,0
2019-03-29,NVDA,0
2019-03-29,SPY,0
2019-03-29,TSLA,0
2019-04-01,AAPL,0
2019-04-01,AMD,0
2019-04-01,AMZN,0
2019-04-01,AVGO,0
2019-04-01,GOOGL,0
2019-04-01,META,0
2019-04-01,MSFT,0
2019-04-01,NFLX,0
2019-04-01,NVDA,0
2019-04-01,SPY,0
2019-04-01,TSLA,0
2019-04-02,AAPL,0
2019-04-02,AMD,0
2019-04-02,AMZN,0
2019-04-02,AVGO,0
2019-04-02,GOOGL,0
2019-04-02,META,0
2019-04-02,MSFT,0
2019-04-02,NFLX,0
2019-04-02,NVDA,0
2019-04-02,SPY,0
2019-04-02,TSLA,0
2019-04-03,AAPL,0
2019-04-03,AMD,0
2019-04-03,AMZN,0
2019-04-03,AVGO,0
2019-04-03,GOOGL,0
2019-04-03,META,0
2019-04-03,MSFT,0
2019-04-03,NFLX,0
2019-04-03,NVDA,0
2019-04-03,SPY,0
2019-04-03,TSLA,0
2019-04-04,AAPL,0
2019-04-04,AMD,0
2019-04-04,AMZN,0
2019-04-04,AVGO,0
2019-04-04,GOOGL,0
2019-04-04,META,0
2019-04-04,MSFT,0
2019-04-04,NFLX,0
2019-04-04,NVDA,0
2019-04-04,SPY,0
2019-04-04,TSLA,0
2019-04-05,AAPL,0
2019-04-05,AMD,0
2019-04-05,AMZN,0
2019-04-05,AVGO,0
2019-04-05,GOOGL,0
2019-04-05,META,0
2019-04-05,MSFT,0
2019-04-05,NFLX,0
2019-04-05,NVDA,0
2019-04-05,SPY,0
2019-04-05,TSLA,0
2019-04-08,AAPL,0
2019-04-08,AMD,0
2019-04-08,AMZN,0
2019-04-08,AVGO,0
2019-04-08,GOOGL,0
2019-04-08,META,0
2019-04-08,MSFT,0
2019-04-08,NFLX,0
2019-04-08,NVDA,0
2019-04-08,SPY,0
2019-04-08,TSLA,0
2019-04-09,AAPL,0
2019-04-09,AMD,0
2019-04-09,AMZN,0
2019-04-09,AVGO,0
2019-04-09,GOOGL,0
2019-04-09,META,0
2019-04-09,MSFT,0
2019-04-09,NFLX,0
2019-04-09,NVDA,0
2019-04-09,SPY,0
2019-04-09,TSLA,0
2019-04-10,AAPL,0
2019-04-10,AMD,0
2019-04-10,AMZN,0
2019-04-10,AVGO,0
2019-04-10,GOOGL,0
2019-04-10,META,0
2019-04-10,MSFT,0
2019-04-10,NFLX,0
2019-04-10,NVDA,0
2019-04-10,SPY,0
2019-04-10,TSLA,0
2019-04-11,AAPL,0
2019-04-11,AMD,0
2019-04-11,AMZN,0
2019-04-11,AVGO,0
2019-04-11,GOOGL,0
2019-04-11,META,0
2019-04-11,MSFT,0
2019-04-11,NFLX,0
2019-04-11,NVDA,0
2019-04-11,SPY,0
2019-04-11,TSLA,0
2019-04-12,AAPL,0
2019-04-12,AMD,0
2019-04-12,AMZN,0
2019-04-12,AVGO,0
2019-04-12,GOOGL,0
2019-04-12,META,0
2019-04-12,MSFT,0
2019-04-12,NFLX,0
2019-04-12,NVDA,0
2019-04-12,SPY,0
2019-04-12,TSLA,0
2019-04-15,AAPL,0
2019-04-15,AMD,0
2019-04-15,AMZN,0
2019-04-15,AVGO,0
2019-04-15,GOOGL,0
2019-04-15,META,0
2019-04-15,MSFT,0
2019-04-15,NFLX,0
2019-04-15,NVDA,0
2019-04-15,SPY,0
2019-04-15,TSLA,0
2019-04-16,AAPL,0
2019-04-16,AMD,0
2019-04-16,AMZN,0
2019-04-16,AVGO,0
2019-04-16,GOOGL,0
2019-04-16,META,0
2019-04-16,MSFT,0
2019-04-16,NFLX,0
2019-04-16,NVDA,0
2019-04-16,SPY,0
2019-04-16,TSLA,0
2019-04-17,AAPL,0
2019-04-17,AMD,0
2019-04-17,AMZN,0
2019-04-17,AVGO,0
2019-04-17,GOOGL,0
2019-04-17,META,0
2019-04-17,MSFT,0
2019-04-17,NFLX,0
2019-04-17,NVDA,0
2019-04-17,SPY,0
2019-04-17,TSLA,0
2019-04-18,AAPL,0
2019-04-18,AMD,0
2019-04-18,AMZN,0
2019-04-18,AVGO,0
2019-04-18,GOOGL,0
2019-04-18,META,0
2019-04-18,MSFT,0
2019-04-18,NFLX,0
2019-04-18,NVDA,0
2019-04-18,SPY,0
2019-04-18,TSLA,0
2019-04-22,AAPL,0
2019-04-22,AMD,0
2019-04-22,AMZN,0
2019-04-22,AVGO,0
2019-04-22,GOOGL,0
2019-04-22,META,0
2019-04-22,MSFT,0
2019-04-22,NFLX,0
2019-04-22,NVDA,0
2019-04-22,SPY,0
2019-04-22,TSLA,1
2019-04-23,AAPL,0
2019-04-23,AMD,0
2019-04-23,AMZN,0
2019-04-23,AVGO,0
2019-04-23,GOOGL,0
2019-04-23,META,0
2019-04-23,MSFT,0
2019-04-23,NFLX,0
2019-04-23,NVDA,0
2019-04-23,SPY,0
2019-04-23,TSLA,1
2019-04-24,AAPL,0
2019-04-24,AMD,0
2019-04-24,AMZN,0
2019-04-24,AVGO,0
2019-04-24,GOOGL,0
2019-04-24,META,0
2019-04-24,MSFT,0
2019-04-24,NFLX,0
2019-04-24,NVDA,0
2019-04-24,SPY,0
2019-04-24,TSLA,1
2019-04-25,AAPL,0
2019-04-25,AMD,0
2019-04-25,AMZN,0
2019-04-25,AVGO,0
2019-04-25,GOOGL,0
2019-04-25,META,0
2019-04-25,MSFT,0
2019-04-25,NFLX,0
2019-04-25,NVDA,0
2019-04-25,SPY,0
2019-04-25,TSLA,1
2019-04-26,AAPL,0
2019-04-26,AMD,0
2019-04-26,AMZN,0
2019-04-26,AVGO,0
2019-04-26,GOOGL,0
2019-04-26,META,0
2019-04-26,MSFT,0
2019-04-26,NFLX,0
2019-04-26,NVDA,0
2019-04-26,SPY,0
2019-04-26,TSLA,1
2019-04-29,AAPL,0
2019-04-29,AMD,0
2019-04-29,AMZN,0
2019-04-29,AVGO,0
2019-04-29,GOOGL,0
2019-04-29,META,0
2019-04-29,MSFT,0
2019-04-29,NFLX,0
2019-04-29,NVDA,0
2019-04-29,SPY,0
2019-04-29,TSLA,1
2019-04-30,AAPL,0
2019-04-30,AMD,0
2019-04-30,AMZN,0
2019-04-30,AVGO,0
2019-04-30,GOOGL,0
2019-04-30,META,0
2019-04-30,MSFT,0
2019-04-30,NFLX,0
2019-04-30,NVDA,0
2019-04-30,SPY,0
2019-04-30,TSLA,1
2019-05-01,AAPL,0
2019-05-01,AMD,0
2019-05-01,AMZN,0
2019-05-01,AVGO,0
2019-05-01,GOOGL,1
2019-05-01,META,0
2019-05-01,MSFT,0
2019-05-01,NFLX,0
2019-05-01,NVDA,0
2019-05-01,SPY,0
2019-05-01,TSLA,1
2019-05-02,AAPL,0
2019-05-02,AMD,0
2019-05-02,AMZN,0
2019-05-02,AVGO,0
2019-05-02,GOOGL,1
2019-05-02,META,0
2019-05-02,MSFT,0
2019-05-02,NFLX,0
2019-05-02,NVDA,0
2019-05-02,SPY,0
2019-05-02,TSLA,1
2019-05-03,AAPL,0
2019-05-03,AMD,0
2019-05-03,AMZN,0
2019-05-03,AVGO,0
2019-05-03,GOOGL,0
2019-05-03,META,0
2019-05-03,MSFT,0
2019-05-03,NFLX,0
2019-05-03,NVDA,0
2019-05-03,SPY,0
2019-05-03,TSLA,0
2019-05-06,AAPL,0
2019-05-06,AMD,0
2019-05-06,AMZN,0
2019-05-06,AVGO,0
2019-05-06,GOOGL,0
2019-05-06,META,0
2019-05-06,MSFT,0
2019-05-06,NFLX,0
2019-05-06,NVDA,0
2019-05-06,SPY,0
2019-05-06,TSLA,0
2019-05-07,AAPL,0
2019-05-07,AMD,0
2019-05-07,AMZN,0
2019-05-07,AVGO,0
2019-05-07,GOOGL,0
2019-05-07,META,0
2019-05-07,MSFT,0
2019-05-07,NFLX,0
2019-05-07,NVDA,1
2019-05-07,SPY,0
2019-05-07,TSLA,1
2019-05-08,AAPL,0
2019-05-08,AMD,0
2019-05-08,AMZN,0
2019-05-08,AVGO,0
2019-05-08,GOOGL,1
2019-05-08,META,0
2019-05-08,MSFT,0
2019-05-08,NFLX,0
2019-05-08,NVDA,1
2019-05-08,SPY,0
2019-05-08,TSLA,1
2019-05-09,AAPL,0
2019-05-09,AMD,0
2019-05-09,AMZN,0
2019-05-09,AVGO,0
2019-05-09,GOOGL,1
2019-05-09,META,0
2019-05-09,MSFT,0
2019-05-09,NFLX,0
2019-05-09,NVDA,1
2019-05-09,SPY,0
2019-05-09,TSLA,1
2019-05-10,AAPL,0
2019-05-10,AMD,0
2019-05-10,AMZN,0
2019-05-10,AVGO,0
2019-05-10,GOOGL,1
2019-05-10,META,0
2019-05-10,MSFT,0
2019-05-10,NFLX,0
2019-05-10,NVDA,1
2019-05-10,SPY,0
2019-05-10,TSLA,1
2019-05-13,AAPL,1
2019-05-13,AMD,0
2019-05-13,AMZN,0
2019-05-13,AVGO,0
2019-05-13,GOOGL,1
2019-05-13,META,0
2019-05-13,MSFT,0
2019-05-13,NFLX,1
2019-05-13,NVDA,1
2019-05-13,SPY,0
2019-05-13,TSLA,1
2019-05-14,AAPL,1
2019-05-14,AMD,0
2019-05-14,AMZN,0
2019-05-14,AVGO,0
2019-05-14,GOOGL,1
2019-05-14,META,0
2019-05-14,MSFT,0
2019-05-14,NFLX,1
2019-05-14,NVDA,1
2019-05-14,SPY,0
2019-05-14,TSLA,1
2019-05-15,AAPL,1
2019-05-15,AMD,0
2019-05-15,AMZN,0
2019-05-15,AVGO,0
2019-05-15,GOOGL,1
2019-05-15,META,0
2019-05-15,MSFT,0
2019-05-15,NFLX,0
2019-05-15,NVDA,1
2019-05-15,SPY,0
2019-05-15,TSLA,1
2019-05-16,AAPL,1
2019-05-16,AMD,0
2019-05-16,AMZN,0
2019-05-16,AVGO,0
2019-05-16,GOOGL,0
2019-05-16,META,0
2019-05-16,MSFT,0
2019-05-16,NFLX,0
2019-05-16,NVDA,1
2019-05-16,SPY,0
2019-05-16,TSLA,1
2019-05-17,AAPL,1
2019-05-17,AMD,0
2019-05-17,AMZN,0
2019-05-17,AVGO,1
2019-05-17,GOOGL,1
2019-05-17,META,0
2019-05-17,MSFT,0
2019-05-17,NFLX,0
2019-05-17,NVDA,1
2019-05-17,SPY,0
2019-05-17,TSLA,1
2019-05-20,AAPL,1
2019-05-20,AMD,0
2019-05-20,AMZN,0
2019-05-20,AVGO,1
2019-05-20,GOOGL,1
2019-05-20,META,0
2019-05-20,MSFT,0
2019-05-20,NFLX,1
2019-05-20,NVDA,1
2019-05-20,SPY,0
2019-05-20,TSLA,1
2019-05-21,AAPL,1
2019-05-21,AMD,0
2019-05-21,AMZN,0
2019-05-21,AVGO,1
2019-05-21,GOOGL,1
2019-05-21,META,0
2019-05-21,MSFT,0
2019-05-21,NFLX,0
2019-05-21,NVDA,1
2019-05-21,SPY,0
2019-05-21,TSLA,1
2019-05-22,AAPL,1
2019-05-22,AMD,0
2019-05-22,AMZN,0
2019-05-22,AVGO,1
2019-05-22,GOOGL,1
2019-05-22,META,0
2019-05-22,MSFT,0
2019-05-22,NFLX,0
2019-05-22,NVDA,1
2019-05-22,SPY,0
2019-05-22,TSLA,1
2019-05-23,AAPL,1
2019-05-23,AMD,0
2019-05-23,AMZN,0
2019-05-23,AVGO,1
2019-05-23,GOOGL,1
2019-05-23,META,0
2019-05-23,MSFT,0
2019-05-23,NFLX,0
2019-05-23,NVDA,1
2019-05-23,SPY,0
2019-05-23,TSLA,1
2019-05-24,AAPL,1
2019-05-24,AMD,0
2019-05-24,AMZN,0
2019-05-24,AVGO,1
2019-05-24,GOOGL,0
2019-05-24,META,0
2019-05-24,MSFT,0
2019-05-24,NFLX,0
2019-05-24,NVDA,1
2019-05-24,SPY,0
2019-05-24,TSLA,1
2019-05-28,AAPL,1
2019-05-28,AMD,0
2019-05-28,AMZN,0
2019-05-28,AVGO,1
2019-05-28,GOOGL,0
2019-05-28,META,0
2019-05-28,MSFT,0
2019-05-28,NFLX,0
2019-05-28,NVDA,1
2019-05-28,SPY,0
2019-05-28,TSLA,1
2019-05-29,AAPL,1
2019-05-29,AMD,0
2019-05-29,AMZN,0
2019-05-29,AVGO,1
2019-05-29,GOOGL,0
2019-05-29,META,0
2019-05-29,MSFT,0
2019-05-29,NFLX,1
2019-05-29,NVDA,1
2019-05-29,SPY,0
2019-05-29,TSLA,1
2019-05-30,AAPL,1
2019-05-30,AMD,0
2019-05-30,AMZN,0
2019-05-30,AVGO,1
2019-05-30,GOOGL,0
2019-05-30,META,0
2019-05-30,MSFT,0
2019-05-30,NFLX,0
2019-05-30,NVDA,1
2019-05-30,SPY,0
2019-05-30,TSLA,1
2019-05-31,AAPL,1
2019-05-31,AMD,0
2019-05-31,AMZN,0
2019-05-31,AVGO,1
2019-05-31,GOOGL,0
2019-05-31,META,0
2019-05-31,MSFT,0
2019-05-31,NFLX,1
2019-05-31,NVDA,1
2019-05-31,SPY,0
2019-05-31,TSLA,1
2019-06-03,AAPL,1
2019-06-03,AMD,0
2019-06-03,AMZN,1
2019-06-03,AVGO,1
2019-06-03,GOOGL,1
2019-06-03,META,1
2019-06-03,MSFT,0
2019-06-03,NFLX,1
2019-06-03,NVDA,1
2019-06-03,SPY,0
2019-06-03,TSLA,1
2019-06-04,AAPL,1
2019-06-04,AMD,0
2019-06-04,AMZN,1
2019-06-04,AVGO,1
2019-06-04,GOOGL,1
2019-06-04,META,1
2019-06-04,MSFT,0
2019-06-04,NFLX,0
2019-06-04,NVDA,1
2019-06-04,SPY,0
2019-06-04,TSLA,1
2019-06-05,AAPL,0
2019-06-05,AMD,0
2019-06-05,AMZN,0
2019-06-05,AVGO,1
2019-06-05,GOOGL,1
2019-06-05,META,1
2019-06-05,MSFT,0
2019-06-05,NFLX,0
2019-06-05,NVDA,1
2019-06-05,SPY,0
2019-06-05,TSLA,1
2019-06-06,AAPL,0
2019-06-06,AMD,0
2019-06-06,AMZN,0
2019-06-06,AVGO,1
2019-06-06,GOOGL,1
2019-06-06,META,1
2019-06-06,MSFT,0
2019-06-06,NFLX,0
2019-06-06,NVDA,1
2019-06-06,SPY,0
2019-06-06,TSLA,1
2019-06-07,AAPL,0
2019-06-07,AMD,0
2019-06-07,AMZN,0
2019-06-07,AVGO,1
2019-06-07,GOOGL,1
2019-06-07,META,0
2019-06-07,MSFT,0
2019-06-07,NFLX,0
2019-06-07,NVDA,1
2019-06-07,SPY,0
2019-06-07,TSLA,1
2019-06-10,AAPL,0
2019-06-10,AMD,0
2019-06-10,AMZN,0
2019-06-10,AVGO,0
2019-06-10,GOOGL,0
2019-06-10,META,0
2019-06-10,MSFT,0
2019-06-10,NFLX,0
2019-06-10,NVDA,0
2019-06-10,SPY,0
2019-06-10,TSLA,0
2019-06-11,AAPL,0
2019-06-11,AMD,0
2019-06-11,AMZN,0
2019-06-11,AVGO,0
2019-06-11,GOOGL,0
2019-06-11,META,0
2019-06-11,MSFT,0
2019-06-11,NFLX,0
2019-06-11,NVDA,0
2019-06-11,SPY,0
2019-06-11,TSLA,0
2019-06-12,AAPL,0
2019-06-12,AMD,0
2019-06-12,AMZN,0
2019-06-12,AVGO,0
2019-06-12,GOOGL,0
2019-06-12,META,0
2019-06-12,MSFT,0
2019-06-12,NFLX,0
2019-06-12,NVDA,0
2019-06-12,SPY,0
2019-06-12,TSLA,0
2019-06-13,AAPL,0
2019-06-13,AMD,0
2019-06-13,AMZN,0
2019-06-13,AVGO,0
2019-06-13,GOOGL,0
2019-06-13,META,0
2019-06-13,MSFT,0
2019-06-13,NFLX,0
2019-06-13,NVDA,0
2019-06-13,SPY,0
2019-06-13,TSLA,0
2019-06-14,AAPL,0
2019-06-14,AMD,0
2019-06-14,AMZN,0
2019-06-14,AVGO,0
2019-06-14,GOOGL,0
2019-06-14,META,0
2019-06-14,MSFT,0
2019-06-14,NFLX,0
2019-06-14,NVDA,0
2019-06-14,SPY,0
2019-06-14,TSLA,0
2019-06-17,AAPL,0
2019-06-17,AMD,1
2019-06-17,AMZN,0
2019-06-17,AVGO,0
2019-06-17,GOOGL,0
2019-06-17,META,0
2019-06-17,MSFT,0
2019-06-17,NFLX,0
2019-06-17,NVDA,0
2019-06-17,SPY,0
2019-06-17,TSLA,0
2019-06-18,AAPL,0
2019-06-18,AMD,0
2019-06-18,AMZN,0
2019-06-18,AVGO,0
2019-06-18,GOOGL,0
2019-06-18,META,0
2019-06-18,MSFT,0
2019-06-18,NFLX,0
2019-06-18,NVDA,0
2019-06-18,SPY,0
2019-06-18,TSLA,0
2019-06-19,AAPL,0
2019-06-19,AMD,0
2019-06-19,AMZN,0
2019-06-19,AVGO,0
2019-06-19,GOOGL,0
2019-06-19,META,0
2019-06-19,MSFT,0
2019-06-19,NFLX,0
2019-06-19,NVDA,0
2019-06-19,SPY,0
2019-06-19,TSLA,0
2019-06-20,AAPL,0
2019-06-20,AMD,1
2019-06-20,AMZN,0
2019-06-20,AVGO,0
2019-06-20,GOOGL,0
2019-06-20,META,0
2019-06-20,MSFT,0
2019-06-20,NFLX,0
2019-06-20,NVDA,0
2019-06-20,SPY,0
2019-06-20,TSLA,0
2019-06-21,AAPL,0
2019-06-21,AMD,1
2019-06-21,AMZN,0
2019-06-21,AVGO,0
2019-06-21,GOOGL,0
2019-06-21,META,0
2019-06-21,MSFT,0
2019-06-21,NFLX,0
2019-06-21,NVDA,0
2019-06-21,SPY,0
2019-06-21,TSLA,0
2019-06-24,AAPL,0
2019-06-24,AMD,1
2019-06-24,AMZN,0
2019-06-24,AVGO,0
2019-06-24,GOOGL,0
2019-06-24,META,0
2019-06-24,MSFT,0
2019-06-24,NFLX,0
2019-06-24,NVDA,0
2019-06-24,SPY,0
2019-06-24,TSLA,0
2019-06-25,AAPL,0
2019-06-25,AMD,1
2019-06-25,AMZN,0
2019-06-25,AVGO,0
2019-06-25,GOOGL,0
2019-06-25,META,0
2019-06-25,MSFT,0
2019-06-25,NFLX,0
2019-06-25,NVDA,0
2019-06-25,SPY,0
2019-06-25,TSLA,0
2019-06-26,AAPL,0
2019-06-26,AMD,1
2019-06-26,AMZN,0
2019-06-26,AVGO,0
2019-06-26,GOOGL,0
2019-06-26,META,0
2019-06-26,MSFT,0
2019-06-26,NFLX,0
2019-06-26,NVDA,0
2019-06-26,SPY,0
2019-06-26,TSLA,0
2019-06-27,AAPL,0
2019-06-27,AMD,0
2019-06-27,AMZN,0
2019-06-27,AVGO,0
2019-06-27,GOOGL,0
2019-06-27,META,0
2019-06-27,MSFT,0
2019-06-27,NFLX,0
2019-06-27,NVDA,0
2019-06-27,SPY,0
2019-06-27,TSLA,0
2019-06-28,AAPL,0
2019-06-28,AMD,0
2019-06-28,AMZN,0
2019-06-28,AVGO,0
2019-06-28,GOOGL,0
2019-06-28,META,0
2019-06-28,MSFT,0
2019-06-28,NFLX,0
2019-06-28,NVDA,0
2019-06-28,SPY,0
2019-06-28,TSLA,0
2019-07-01,AAPL,0
2019-07-01,AMD,0
2019-07-01,AMZN,0
2019-07-01,AVGO,0
2019-07-01,GOOGL,0
2019-07-01,META,0
2019-07-01,MSFT,0
2019-07-01,NFLX,0
2019-07-01,NVDA,0
2019-07-01,SPY,0
2019-07-01,TSLA,0
2019-07-02,AAPL,0
2019-07-02,AMD,0
2019-07-02,AMZN,0
2019-07-02,AVGO,0
2019-07-02,GOOGL,0
2019-07-02,META,0
2019-07-02,MSFT,0
2019-07-02,NFLX,0
2019-07-02,NVDA,0
2019-07-02,SPY,0
2019-07-02,TSLA,0
2019-07-03,AAPL,0
2019-07-03,AMD,0
2019-07-03,AMZN,0
2019-07-03,AVGO,0
2019-07-03,GOOGL,0
2019-07-03,META,0
2019-07-03,MSFT,0
2019-07-03,NFLX,0
2019-07-03,NVDA,0
2019-07-03,SPY,0
2019-07-03,TSLA,0
2019-07-05,AAPL,0
2019-07-05,AMD,0
2019-07-05,AMZN,0
2019-07-05,AVGO,0
2019-07-05,GOOGL,0
2019-07-05,META,0
2019-07-05,MSFT,0
2019-07-05,NFLX,0
2019-07-05,NVDA,0
2019-07-05,SPY,0
2019-07-05,TSLA,0
2019-07-08,AAPL,0
2019-07-08,AMD,0
2019-07-08,AMZN,0
2019-07-08,AVGO,0
2019-07-08,GOOGL,0
2019-07-08,META,0
2019-07-08,MSFT,0
2019-07-08,NFLX,0
2019-07-08,NVDA,0
2019-07-08,SPY,0
2019-07-08,TSLA,0
2019-07-09,AAPL,0
2019-07-09,AMD,0
2019-07-09,AMZN,0
2019-07-09,AVGO,0
2019-07-09,GOOGL,0
2019-07-09,META,0
2019-07-09,MSFT,0
2019-07-09,NFLX,0
2019-07-09,NVDA,0
2019-07-09,SPY,0
2019-07-09,TSLA,0
2019-07-10,AAPL,0
2019-07-10,AMD,0
2019-07-10,AMZN,0
2019-07-10,AVGO,0
2019-07-10,GOOGL,0
2019-07-10,META,0
2019-07-10,MSFT,0
2019-07-10,NFLX,0
2019-07-10,NVDA,0
2019-07-10,SPY,0
2019-07-10,TSLA,0
2019-07-11,AAPL,0
2019-07-11,AMD,0
2019-07-11,AMZN,0
2019-07-11,AVGO,0
2019-07-11,GOOGL,0
2019-07-11,META,0
2019-07-11,MSFT,0
2019-07-11,NFLX,0
2019-07-11,NVDA,0
2019-07-11,SPY,0
2019-07-11,TSLA,0
2019-07-12,AAPL,0
2019-07-12,AMD,0
2019-07-12,AMZN,0
2019-07-12,AVGO,0
2019-07-12,GOOGL,0
2019-07-12,META,0
2019-07-12,MSFT,0
2019-07-12,NFLX,0
2019-07-12,NVDA,0
2019-07-12,SPY,0
2019-07-12,TSLA,0
2019-07-15,AAPL,0
2019-07-15,AMD,0
2019-07-15,AMZN,0
2019-07-15,AVGO,0
2019-07-15,GOOGL,0
2019-07-15,META,0
2019-07-15,MSFT,0
2019-07-15,NFLX,0
2019-07-15,NVDA,0
2019-07-15,SPY,0
2019-07-15,TSLA,0
2019-07-16,AAPL,0
2019-07-16,AMD,0
2019-07-16,AMZN,0
2019-07-16,AVGO,0
2019-07-16,GOOGL,0
2019-07-16,META,0
2019-07-16,MSFT,0
2019-07-16,NFLX,0
2019-07-16,NVDA,0
2019-07-16,SPY,0
2019-07-16,TSLA,0
2019-07-17,AAPL,0
2019-07-17,AMD,0
2019-07-17,AMZN,0
2019-07-17,AVGO,0
2019-07-17,GOOGL,0
2019-07-17,META,0
2019-07-17,MSFT,0
2019-07-17,NFLX,0
2019-07-17,NVDA,0
2019-07-17,SPY,0
2019-07-17,TSLA,0
2019-07-18,AAPL,0
2019-07-18,AMD,0
2019-07-18,AMZN,0
2019-07-18,AVGO,0
2019-07-18,GOOGL,0
2019-07-18,META,0
2019-07-18,MSFT,0
2019-07-18,NFLX,1
2019-07-18,NVDA,0
2019-07-18,SPY,0
2019-07-18,TSLA,0
2019-07-19,AAPL,0
2019-07-19,AMD,0
2019-07-19,AMZN,0
2019-07-19,AVGO,0
2019-07-19,GOOGL,0
2019-07-19,META,0
2019-07-19,MSFT,0
2019-07-19,NFLX,1
2019-07-19,NVDA,0
2019-07-19,SPY,0
2019-07-19,TSLA,0
2019-07-22,AAPL,0
2019-07-22,AMD,0
2019-07-22,AMZN,0
2019-07-22,AVGO,0
2019-07-22,GOOGL,0
2019-07-22,META,0
2019-07-22,MSFT,0
2019-07-22,NFLX,1
2019-07-22,NVDA,0
2019-07-22,SPY,0
2019-07-22,TSLA,0
2019-07-23,AAPL,0
2019-07-23,AMD,0
2019-07-23,AMZN,0
2019-07-23,AVGO,0
2019-07-23,GOOGL,0
2019-07-23,META,0
2019-07-23,MSFT,0
2019-07-23,NFLX,1
2019-07-23,NVDA,0
2019-07-23,SPY,0
2019-07-23,TSLA,0
2019-07-24,AAPL,0
2019-07-24,AMD,0
2019-07-24,AMZN,0
2019-07-24,AVGO,0
2019-07-24,GOOGL,0
2019-07-24,META,0
2019-07-24,MSFT,0
2019-07-24,NFLX,1
2019-07-24,NVDA,0
2019-07-24,SPY,0
2019-07-24,TSLA,0
2019-07-25,AAPL,0
2019-07-25,AMD,0
2019-07-25,AMZN,0
2019-07-25,AVGO,0
2019-07-25,GOOGL,0
2019-07-25,META,0
2019-07-25,MSFT,0
2019-07-25,NFLX,1
2019-07-25,NVDA,0
2019-07-25,SPY,0
2019-07-25,TSLA,1
2019-07-26,AAPL,0
2019-07-26,AMD,0
2019-07-26,AMZN,0
2019-07-26,AVGO,0
2019-07-26,GOOGL,0
2019-07-26,META,0
2019-07-26,MSFT,0
2019-07-26,NFLX,1
2019-07-26,NVDA,0
2019-07-26,SPY,0
2019-07-26,TSLA,1
2019-07-29,AAPL,0
2019-07-29,AMD,0
2019-07-29,AMZN,0
2019-07-29,AVGO,0
2019-07-29,GOOGL,0
2019-07-29,META,0
2019-07-29,MSFT,0
2019-07-29,NFLX,1
2019-07-29,NVDA,0
2019-07-29,SPY,0
2019-07-29,TSLA,1
2019-07-30,AAPL,0
2019-07-30,AMD,0
2019-07-30,AMZN,0
2019-07-30,AVGO,0
2019-07-30,GOOGL,0
2019-07-30,META,0
2019-07-30,MSFT,0
2019-07-30,NFLX,1
2019-07-30,NVDA,0
2019-07-30,SPY,0
2019-07-30,TSLA,0
2019-07-31,AAPL,0
2019-07-31,AMD,1
2019-07-31,AMZN,0
2019-07-31,AVGO,0
2019-07-31,GOOGL,0
2019-07-31,META,0
2019-07-31,MSFT,0
2019-07-31,NFLX,1
2019-07-31,NVDA,0
2019-07-31,SPY,0
2019-07-31,TSLA,0
2019-08-01,AAPL,0
2019-08-01,AMD,1
2019-08-01,AMZN,0
2019-08-01,AVGO,0
2019-08-01,GOOGL,0
2019-08-01,META,0
2019-08-01,MSFT,0
2019-08-01,NFLX,1
2019-08-01,NVDA,0
2019-08-01,SPY,0
2019-08-01,TSLA,1
2019-08-02,AAPL,0
2019-08-02,AMD,1
2019-08-02,AMZN,1
2019-08-02,AVGO,0
2019-08-02,GOOGL,0
2019-08-02,META,0
2019-08-02,MSFT,0
2019-08-02,NFLX,1
2019-08-02,NVDA,1
2019-08-02,SPY,0
2019-08-02,TSLA,1
2019-08-05,AAPL,1
2019-08-05,AMD,1
2019-08-05,AMZN,1
2019-08-05,AVGO,1
2019-08-05,GOOGL,0
2019-08-05,META,1
2019-08-05,MSFT,0
2019-08-05,NFLX,1
2019-08-05,NVDA,1
2019-08-05,SPY,0
2019-08-05,TSLA,1
2019-08-06,AAPL,0
2019-08-06,AMD,1
2019-08-06,AMZN,1
2019-08-06,AVGO,1
2019-08-06,GOOGL,0
2019-08-06,META,1
2019-08-06,MSFT,0
2019-08-06,NFLX,1
2019-08-06,NVDA,1
2019-08-06,SPY,0
2019-08-06,TSLA,1
2019-08-07,AAPL,0
2019-08-07,AMD,1
2019-08-07,AMZN,1
2019-08-07,AVGO,1
2019-08-07,GOOGL,0
2019-08-07,META,1
2019-08-07,MSFT,0
2019-08-07,NFLX,1
2019-08-07,NVDA,1
2019-08-07,SPY,0
2019-08-07,TSLA,1
2019-08-08,AAPL,0
2019-08-08,AMD,0
2019-08-08,AMZN,1
2019-08-08,AVGO,1
2019-08-08,GOOGL,0
2019-08-08,META,0
2019-08-08,MSFT,0
2019-08-08,NFLX,1
2019-08-08,NVDA,1
2019-08-08,SPY,0
2019-08-08,TSLA,1
2019-08-09,AAPL,0
2019-08-09,AMD,0
2019-08-09,AMZN,1
2019-08-09,AVGO,1
2019-08-09,GOOGL,0
2019-08-09,META,0
2019-08-09,MSFT,0
2019-08-09,NFLX,1
2019-08-09,NVDA,1
2019-08-09,SPY,0
2019-08-09,TSLA,1
2019-08-12,AAPL,0
2019-08-12,AMD,0
2019-08-12,AMZN,1
2019-08-12,AVGO,1
2019-08-12,GOOGL,0
2019-08-12,META,1
2019-08-12,MSFT,0
2019-08-12,NFLX,1
2019-08-12,NVDA,1
2019-08-12,SPY,0
2019-08-12,TSLA,1
2019-08-13,AAPL,0
2019-08-13,AMD,0
2019-08-13,AMZN,0
2019-08-13,AVGO,0
2019-08-13,GOOGL,0
2019-08-13,META,0
2019-08-13,MSFT,0
2019-08-13,NFLX,0
2019-08-13,NVDA,1
2019-08-13,SPY,0
2019-08-13,TSLA,1
2019-08-14,AAPL,0
2019-08-14,AMD,1
2019-08-14,AMZN,1
2019-08-14,AVGO,1
2019-08-14,GOOGL,0
2019-08-14,META,1
2019-08-14,MSFT,0
2019-08-14,NFLX,1
2019-08-14,NVDA,1
2019-08-14,SPY,0
2019-08-14,TSLA,1
2019-08-15,AAPL,0
2019-08-15,AMD,1
2019-08-15,AMZN,1
2019-08-15,AVGO,1
2019-08-15,GOOGL,0
2019-08-15,META,1
2019-08-15,MSFT,0
2019-08-15,NFLX,1
2019-08-15,NVDA,1
2019-08-15,SPY,0
2019-08-15,TSLA,1
2019-08-16,AAPL,0
2019-08-16,AMD,0
2019-08-16,AMZN,1
2019-08-16,AVGO,1
2019-08-16,GOOGL,0
2019-08-16,META,1
2019-08-16,MSFT,0
2019-08-16,NFLX,1
2019-08-16,NVDA,1
2019-08-16,SPY,0
2019-08-16,TSLA,1
2019-08-19,AAPL,0
2019-08-19,AMD,0
2019-08-19,AMZN,1
2019-08-19,AVGO,0
2019-08-19,GOOGL,0
2019-08-19,META,0
2019-08-19,MSFT,0
2019-08-19,NFLX,0
2019-08-19,NVDA,0
2019-08-19,SPY,0
2019-08-19,TSLA,1
2019-08-20,AAPL,0
2019-08-20,AMD,1
2019-08-20,AMZN,0
2019-08-20,AVGO,0
2019-08-20,GOOGL,0
2019-08-20,META,0
2019-08-20,MSFT,0
2019-08-20,NFLX,1
2019-08-20,NVDA,0
2019-08-20,SPY,0
2019-08-20,TSLA,0
2019-08-21,AAPL,0
2019-08-21,AMD,0
2019-08-21,AMZN,0
2019-08-21,AVGO,0
2019-08-21,GOOGL,0
2019-08-21,META,0
2019-08-21,MSFT,0
2019-08-21,NFLX,1
2019-08-21,NVDA,0
2019-08-21,SPY,0
2019-08-21,TSLA,0
2019-08-22,AAPL,0
2019-08-22,AMD,0
2019-08-22,AMZN,0
2019-08-22,AVGO,0
2019-08-22,GOOGL,0
2019-08-22,META,0
2019-08-22,MSFT,0
2019-08-22,NFLX,1
2019-08-22,NVDA,0
2019-08-22,SPY,0
2019-08-22,TSLA,0
2019-08-23,AAPL,0
2019-08-23,AMD,1
2019-08-23,AMZN,0
2019-08-23,AVGO,1
2019-08-23,GOOGL,0
2019-08-23,META,1
2019-08-23,MSFT,0
2019-08-23,NFLX,1
2019-08-23,NVDA,0
2019-08-23,SPY,0
2019-08-23,TSLA,1
2019-08-26,AAPL,0
2019-08-26,AMD,1
2019-08-26,AMZN,0
2019-08-26,AVGO,0
2019-08-26,GOOGL,0
2019-08-26,META,0
2019-08-26,MSFT,0
2019-08-26,NFLX,0
2019-08-26,NVDA,0
2019-08-26,SPY,0
2019-08-26,TSLA,1
2019-08-27,AAPL,0
2019-08-27,AMD,1
2019-08-27,AMZN,0
2019-08-27,AVGO,0
2019-08-27,GOOGL,0
2019-08-27,META,0
2019-08-27,MSFT,0
2019-08-27,NFLX,0
2019-08-27,NVDA,0
2019-08-27,SPY,0
2019-08-27,TSLA,1
2019-08-28,AAPL,0
2019-08-28,AMD,1
2019-08-28,AMZN,0
2019-08-28,AVGO,0
2019-08-28,GOOGL,0
2019-08-28,META,0
2019-08-28,MSFT,0
2019-08-28,NFLX,0
2019-08-28,NVDA,0
2019-08-28,SPY,0
2019-08-28,TSLA,1
2019-08-29,AAPL,0
2019-08-29,AMD,0
2019-08-29,AMZN,0
2019-08-29,AVGO,0
2019-08-29,GOOGL,0
2019-08-29,META,0
2019-08-29,MSFT,0
2019-08-29,NFLX,0
2019-08-29,NVDA,0
2019-08-29,SPY,0
2019-08-29,TSLA,0
2019-08-30,AAPL,0
2019-08-30,AMD,0
2019-08-30,AMZN,0
2019-08-30,AVGO,0
2019-08-30,GOOGL,0
2019-08-30,META,0
2019-08-30,MSFT,0
2019-08-30,NFLX,0
2019-08-30,NVDA,0
2019-08-30,SPY,0
2019-08-30,TSLA,0
2019-09-03,AAPL,0
2019-09-03,AMD,1
2019-09-03,AMZN,0
2019-09-03,AVGO,0
2019-09-03,GOOGL,0
2019-09-03,META,0
2019-09-03,MSFT,0
2019-09-03,NFLX,0
2019-09-03,NVDA,0
2019-09-03,SPY,0
2019-09-03,TSLA,0
2019-09-04,AAPL,0
2019-09-04,AMD,1
2019-09-04,AMZN,0
2019-09-04,AVGO,0
2019-09-04,GOOGL,0
2019-09-04,META,0
2019-09-04,MSFT,0
2019-09-04,NFLX,0
2019-09-04,NVDA,0
2019-09-04,SPY,0
2019-09-04,TSLA,0
2019-09-05,AAPL,0
2019-09-05,AMD,0
2019-09-05,AMZN,0
2019-09-05,AVGO,0
2019-09-05,GOOGL,0
2019-09-05,META,0
2019-09-05,MSFT,0
2019-09-05,NFLX,0
2019-09-05,NVDA,0
2019-09-05,SPY,0
2019-09-05,TSLA,0
2019-09-06,AAPL,0
2019-09-06,AMD,0
2019-09-06,AMZN,0
2019-09-06,AVGO,0
2019-09-06,GOOGL,0
2019-09-06,META,0
2019-09-06,MSFT,0
2019-09-06,NFLX,0
2019-09-06,NVDA,0
2019-09-06,SPY,0
2019-09-06,TSLA,0
2019-09-09,AAPL,0
2019-09-09,AMD,0
2019-09-09,AMZN,0
2019-09-09,AVGO,0
2019-09-09,GOOGL,0
2019-09-09,META,0
2019-09-09,MSFT,0
2019-09-09,NFLX,0
2019-09-09,NVDA,0
2019-09-09,SPY,0
2019-09-09,TSLA,0
2019-09-10,AAPL,0
2019-09-10,AMD,0
2019-09-10,AMZN,0
2019-09-10,AVGO,0
2019-09-10,GOOGL,0
2019-09-10,META,0
2019-09-10,MSFT,0
2019-09-10,NFLX,0
2019-09-10,NVDA,0
2019-09-10,SPY,0
2019-09-10,TSLA,0
2019-09-11,AAPL,0
2019-09-11,AMD,0
2019-09-11,AMZN,0
2019-09-11,AVGO,0
2019-09-11,GOOGL,0
2019-09-11,META,0
2019-09-11,MSFT,0
2019-09-11,NFLX,0
2019-09-11,NVDA,0
2019-09-11,SPY,0
2019-09-11,TSLA,0
2019-09-12,AAPL,0
2019-09-12,AMD,0
2019-09-12,AMZN,0
2019-09-12,AVGO,0
2019-09-12,GOOGL,0
2019-09-12,META,0
2019-09-12,MSFT,0
2019-09-12,NFLX,0
2019-09-12,NVDA,0
2019-09-12,SPY,0
2019-09-12,TSLA,0
2019-09-13,AAPL,0
2019-09-13,AMD,0
2019-09-13,AMZN,0
2019-09-13,AVGO,0
2019-09-13,GOOGL,0
2019-09-13,META,0
2019-09-13,MSFT,0
2019-09-13,NFLX,0
2019-09-13,NVDA,0
2019-09-13,SPY,0
2019-09-13,TSLA,0
2019-09-16,AAPL,0
2019-09-16,AMD,0
2019-09-16,AMZN,0
2019-09-16,AVGO,0
2019-09-16,GOOGL,0
2019-09-16,META,0
2019-09-16,MSFT,0
2019-09-16,NFLX,0
2019-09-16,NVDA,0
2019-09-16,SPY,0
2019-09-16,TSLA,0
2019-09-17,AAPL,0
2019-09-17,AMD,0
2019-09-17,AMZN,0
2019-09-17,AVGO,0
2019-09-17,GOOGL,0
2019-09-17,META,0
2019-09-17,MSFT,0
2019-09-17,NFLX,0
2019-09-17,NVDA,0
2019-09-17,SPY,0
2019-09-17,TSLA,0
2019-09-18,AAPL,0
2019-09-18,AMD,0
2019-09-18,AMZN,0
2019-09-18,AVGO,0
2019-09-18,GOOGL,0
2019-09-18,META,0
2019-09-18,MSFT,0
2019-09-18,NFLX,0
2019-09-18,NVDA,0
2019-09-18,SPY,0
2019-09-18,TSLA,0
2019-09-19,AAPL,0
2019-09-19,AMD,0
2019-09-19,AMZN,0
2019-09-19,AVGO,0
2019-09-19,GOOGL,0
2019-09-19,META,0
2019-09-19,MSFT,0
2019-09-19,NFLX,0
2019-09-19,NVDA,0
2019-09-19,SPY,0
2019-09-19,TSLA,0
2019-09-20,AAPL,0
2019-09-20,AMD,0
2019-09-20,AMZN,0
2019-09-20,AVGO,0
2019-09-20,GOOGL,0
2019-09-20,META,0
2019-09-20,MSFT,0
2019-09-20,NFLX,1
2019-09-20,NVDA,0
2019-09-20,SPY,0
2019-09-20,TSLA,0
2019-09-23,AAPL,0
2019-09-23,AMD,0
2019-09-23,AMZN,0
2019-09-23,AVGO,0
2019-09-23,GOOGL,0
2019-09-23,META,0
2019-09-23,MSFT,0
2019-09-23,NFLX,1
2019-09-23,NVDA,0
2019-09-23,SPY,0
2019-09-23,TSLA,0
2019-09-24,AAPL,0
2019-09-24,AMD,0
2019-09-24,AMZN,0
2019-09-24,AVGO,0
2019-09-24,GOOGL,0
2019-09-24,META,0
2019-09-24,MSFT,0
2019-09-24,NFLX,1
2019-09-24,NVDA,0
2019-09-24,SPY,0
2019-09-24,TSLA,1
2019-09-25,AAPL,0
2019-09-25,AMD,0
2019-09-25,AMZN,0
2019-09-25,AVGO,0
2019-09-25,GOOGL,0
2019-09-25,META,0
2019-09-25,MSFT,0
2019-09-25,NFLX,1
2019-09-25,NVDA,0
2019-09-25,SPY,0
2019-09-25,TSLA,0
2019-09-26,AAPL,0
2019-09-26,AMD,0
2019-09-26,AMZN,0
2019-09-26,AVGO,0
2019-09-26,GOOGL,0
2019-09-26,META,0
2019-09-26,MSFT,0
2019-09-26,NFLX,1
2019-09-26,NVDA,0
2019-09-26,SPY,0
2019-09-26,TSLA,0
2019-09-27,AAPL,0
2019-09-27,AMD,0
2019-09-27,AMZN,0
2019-09-27,AVGO,0
2019-09-27,GOOGL,0
2019-09-27,META,0
2019-09-27,MSFT,0
2019-09-27,NFLX,1
2019-09-27,NVDA,0
2019-09-27,SPY,0
2019-09-27,TSLA,0
2019-09-30,AAPL,0
2019-09-30,AMD,0
2019-09-30,AMZN,0
2019-09-30,AVGO,0
2019-09-30,GOOGL,0
2019-09-30,META,0
2019-09-30,MSFT,0
2019-09-30,NFLX,1
2019-09-30,NVDA,0
2019-09-30,SPY,0
2019-09-30,TSLA,0
2019-10-01,AAPL,0
2019-10-01,AMD,0
2019-10-01,AMZN,0
2019-10-01,AVGO,0
2019-10-01,GOOGL,0
2019-10-01,META,0
2019-10-01,MSFT,0
2019-10-01,NFLX,1
2019-10-01,NVDA,0
2019-10-01,SPY,0
2019-10-01,TSLA,0
2019-10-02,AAPL,0
2019-10-02,AMD,0
2019-10-02,AMZN,0
2019-10-02,AVGO,1
2019-10-02,GOOGL,0
2019-10-02,META,0
2019-10-02,MSFT,0
2019-10-02,NFLX,1
2019-10-02,NVDA,0
2019-10-02,SPY,0
2019-10-02,TSLA,0
2019-10-03,AAPL,0
2019-10-03,AMD,0
2019-10-03,AMZN,0
2019-10-03,AVGO,0
2019-10-03,GOOGL,0
2019-10-03,META,0
2019-10-03,MSFT,0
2019-10-03,NFLX,1
2019-10-03,NVDA,0
2019-10-03,SPY,0
2019-10-03,TSLA,0
2019-10-04,AAPL,0
2019-10-04,AMD,0
2019-10-04,AMZN,0
2019-10-04,AVGO,0
2019-10-04,GOOGL,0
2019-10-04,META,0
2019-10-04,MSFT,0
2019-10-04,NFLX,0
2019-10-04,NVDA,0
2019-10-04,SPY,0
2019-10-04,TSLA,0
2019-10-07,AAPL,0
2019-10-07,AMD,0
2019-10-07,AMZN,0
2019-10-07,AVGO,0
2019-10-07,GOOGL,0
2019-10-07,META,0
2019-10-07,MSFT,0
2019-10-07,NFLX,0
2019-10-07,NVDA,0
2019-10-07,SPY,0
2019-10-07,TSLA,0
2019-10-08,AAPL,0
2019-10-08,AMD,0
2019-10-08,AMZN,0
2019-10-08,AVGO,1
2019-10-08,GOOGL,0
2019-10-08,META,0
2019-10-08,MSFT,0
2019-10-08,NFLX,1
2019-10-08,NVDA,0
2019-10-08,SPY,0
2019-10-08,TSLA,0
2019-10-09,AAPL,0
2019-10-09,AMD,0
2019-10-09,AMZN,0
2019-10-09,AVGO,0
2019-10-09,GOOGL,0
2019-10-09,META,0
2019-10-09,MSFT,0
2019-10-09,NFLX,1
2019-10-09,NVDA,0
2019-10-09,SPY,0
2019-10-09,TSLA,0
2019-10-10,AAPL,0
2019-10-10,AMD,0
2019-10-10,AMZN,0
2019-10-10,AVGO,0
2019-10-10,GOOGL,0
2019-10-10,META,0
2019-10-10,MSFT,0
2019-10-10,NFLX,0
2019-10-10,NVDA,0
2019-10-10,SPY,0
2019-10-10,TSLA,0
2019-10-11,AAPL,0
2019-10-11,AMD,0
2019-10-11,AMZN,0
2019-10-11,AVGO,0
2019-10-11,GOOGL,0
2019-10-11,META,0
2019-10-11,MSFT,0
2019-10-11,NFLX,0
2019-10-11,NVDA,0
2019-10-11,SPY,0
2019-10-11,TSLA,0
2019-10-14,AAPL,0
2019-10-14,AMD,0
2019-10-14,AMZN,0
2019-10-14,AVGO,0
2019-10-14,GOOGL,0
2019-10-14,META,0
2019-10-14,MSFT,0
2019-10-14,NFLX,0
2019-10-14,NVDA,0
2019-10-14,SPY,0
2019-10-14,TSLA,0
2019-10-15,AAPL,0
2019-10-15,AMD,0
2019-10-15,AMZN,0
2019-10-15,AVGO,0
2019-10-15,GOOGL,0
2019-10-15,META,0
2019-10-15,MSFT,0
2019-10-15,NFLX,0
2019-10-15,NVDA,0
2019-10-15,SPY,0
2019-10-15,TSLA,0
2019-10-16,AAPL,0
2019-10-16,AMD,0
2019-10-16,AMZN,0
2019-10-16,AVGO,0
2019-10-16,GOOGL,0
2019-10-16,META,0
2019-10-16,MSFT,0
2019-10-16,NFLX,0
2019-10-16,NVDA,0
2019-10-16,SPY,0
2019-10-16,TSLA,0
2019-10-17,AAPL,0
2019-10-17,AMD,0
2019-10-17,AMZN,0
2019-10-17,AVGO,0
2019-10-17,GOOGL,0
2019-10-17,META,0
2019-10-17,MSFT,0
2019-10-17,NFLX,0
2019-10-17,NVDA,0
2019-10-17,SPY,0
2019-10-17,TSLA,0
2019-10-18,AAPL,0
2019-10-18,AMD,0
2019-10-18,AMZN,0
2019-10-18,AVGO,0
2019-10-18,GOOGL,0
2019-10-18,META,0
2019-10-18,MSFT,0
2019-10-18,NFLX,0
2019-10-18,NVDA,0
2019-10-18,SPY,0
2019-10-18,TSLA,0
2019-10-21,AAPL,0
2019-10-21,AMD,0
2019-10-21,AMZN,0
2019-10-21,AVGO,0
2019-10-21,GOOGL,0
2019-10-21,META,0
2019-10-21,MSFT,0
2019-10-21,NFLX,0
2019-10-21,NVDA,0
2019-10-21,SPY,0
2019-10-21,TSLA,0
2019-10-22,AAPL,0
2019-10-22,AMD,0
2019-10-22,AMZN,0
2019-10-22,AVGO,0
2019-10-22,GOOGL,0
2019-10-22,META,0
2019-10-22,MSFT,0
2019-10-22,NFLX,0
2019-10-22,NVDA,0
2019-10-22,SPY,0
2019-10-22,TSLA,0
2019-10-23,AAPL,0
2019-10-23,AMD,0
2019-10-23,AMZN,0
2019-10-23,AVGO,0
2019-10-23,GOOGL,0
2019-10-23,META,0
2019-10-23,MSFT,0
2019-10-23,NFLX,0
2019-10-23,NVDA,0
2019-10-23,SPY,0
2019-10-23,TSLA,1
2019-10-24,AAPL,0
2019-10-24,AMD,0
2019-10-24,AMZN,0
2019-10-24,AVGO,0
2019-10-24,GOOGL,0
2019-10-24,META,0
2019-10-24,MSFT,0
2019-10-24,NFLX,0
2019-10-24,NVDA,0
2019-10-24,SPY,0
2019-10-24,TSLA,0
2019-10-25,AAPL,0
2019-10-25,AMD,0
2019-10-25,AMZN,0
2019-10-25,AVGO,0
2019-10-25,GOOGL,0
2019-10-25,META,0
2019-10-25,MSFT,0
2019-10-25,NFLX,0
2019-10-25,NVDA,0
2019-10-25,SPY,0
2019-10-25,TSLA,0
2019-10-28,AAPL,0
2019-10-28,AMD,0
2019-10-28,AMZN,0
2019-10-28,AVGO,0
2019-10-28,GOOGL,0
2019-10-28,META,0
2019-10-28,MSFT,0
2019-10-28,NFLX,0
2019-10-28,NVDA,0
2019-10-28,SPY,0
2019-10-28,TSLA,0
2019-10-29,AAPL,0
2019-10-29,AMD,0
2019-10-29,AMZN,0
2019-10-29,AVGO,0
2019-10-29,GOOGL,0
2019-10-29,META,0
2019-10-29,MSFT,0
2019-10-29,NFLX,0
2019-10-29,NVDA,0
2019-10-29,SPY,0
2019-10-29,TSLA,0
2019-10-30,AAPL,0
2019-10-30,AMD,0
2019-10-30,AMZN,0
2019-10-30,AVGO,0
2019-10-30,GOOGL,0
2019-10-30,META,0
2019-10-30,MSFT,0
2019-10-30,NFLX,0
2019-10-30,NVDA,0
2019-10-30,SPY,0
2019-10-30,TSLA,0
2019-10-31,AAPL,0
2019-10-31,AMD,0
2019-10-31,AMZN,0
2019-10-31,AVGO,0
2019-10-31,GOOGL,0
2019-10-31,META,0
2019-10-31,MSFT,0
2019-10-31,NFLX,0
2019-10-31,NVDA,0
2019-10-31,SPY,0
2019-10-31,TSLA,0
2019-11-01,AAPL,0
2019-11-01,AMD,0
2019-11-01,AMZN,0
2019-11-01,AVGO,0
2019-11-01,GOOGL,0
2019-11-01,META,0
2019-11-01,MSFT,0
2019-11-01,NFLX,0
2019-11-01,NVDA,0
2019-11-01,SPY,0
2019-11-01,TSLA,0
2019-11-04,AAPL,0
2019-11-04,AMD,0
2019-11-04,AMZN,0
2019-11-04,AVGO,0
2019-11-04,GOOGL,0
2019-11-04,META,0
2019-11-04,MSFT,0
2019-11-04,NFLX,0
2019-11-04,NVDA,0
2019-11-04,SPY,0
2019-11-04,TSLA,0
2019-11-05,AAPL,0
2019-11-05,AMD,0
2019-11-05,AMZN,0
2019-11-05,AVGO,0
2019-11-05,GOOGL,0
2019-11-05,META,0
2019-11-05,MSFT,0
2019-11-05,NFLX,0
2019-11-05,NVDA,0
2019-11-05,SPY,0
2019-11-05,TSLA,0
2019-11-06,AAPL,0
2019-11-06,AMD,0
2019-11-06,AMZN,0
2019-11-06,AVGO,0
2019-11-06,GOOGL,0
2019-11-06,META,0
2019-11-06,MSFT,0
2019-11-06,NFLX,0
2019-11-06,NVDA,0
2019-11-06,SPY,0
2019-11-06,TSLA,0
2019-11-07,AAPL,0
2019-11-07,AMD,0
2019-11-07,AMZN,0
2019-11-07,AVGO,0
2019-11-07,GOOGL,0
2019-11-07,META,0
2019-11-07,MSFT,0
2019-11-07,NFLX,0
2019-11-07,NVDA,0
2019-11-07,SPY,0
2019-11-07,TSLA,0
2019-11-08,AAPL,0
2019-11-08,AMD,0
2019-11-08,AMZN,0
2019-11-08,AVGO,0
2019-11-08,GOOGL,0
2019-11-08,META,0
2019-11-08,MSFT,0
2019-11-08,NFLX,0
2019-11-08,NVDA,0
2019-11-08,SPY,0
2019-11-08,TSLA,0
2019-11-11,AAPL,0
2019-11-11,AMD,0
2019-11-11,AMZN,0
2019-11-11,AVGO,0
2019-11-11,GOOGL,0
2019-11-11,META,0
2019-11-11,MSFT,0
2019-11-11,NFLX,0
2019-11-11,NVDA,0
2019-11-11,SPY,0
2019-11-11,TSLA,0
2019-11-12,AAPL,0
2019-11-12,AMD,0
2019-11-12,AMZN,0
2019-11-12,AVGO,0
2019-11-12,GOOGL,0
2019-11-12,META,0
2019-11-12,MSFT,0
2019-11-12,NFLX,0
2019-11-12,NVDA,0
2019-11-12,SPY,0
2019-11-12,TSLA,0
2019-11-13,AAPL,0
2019-11-13,AMD,0
2019-11-13,AMZN,0
2019-11-13,AVGO,0
2019-11-13,GOOGL,0
2019-11-13,META,0
2019-11-13,MSFT,0
2019-11-13,NFLX,0
2019-11-13,NVDA,0
2019-11-13,SPY,0
2019-11-13,TSLA,0
2019-11-14,AAPL,0
2019-11-14,AMD,0
2019-11-14,AMZN,0
2019-11-14,AVGO,0
2019-11-14,GOOGL,0
2019-11-14,META,0
2019-11-14,MSFT,0
2019-11-14,NFLX,0
2019-11-14,NVDA,0
2019-11-14,SPY,0
2019-11-14,TSLA,0
2019-11-15,AAPL,0
2019-11-15,AMD,0
2019-11-15,AMZN,0
2019-11-15,AVGO,0
2019-11-15,GOOGL,0
2019-11-15,META,0
2019-11-15,MSFT,0
2019-11-15,NFLX,0
2019-11-15,NVDA,0
2019-11-15,SPY,0
2019-11-15,TSLA,0
2019-11-18,AAPL,0
2019-11-18,AMD,0
2019-11-18,AMZN,0
2019-11-18,AVGO,0
2019-11-18,GOOGL,0
2019-11-18,META,0
2019-11-18,MSFT,0
2019-11-18,NFLX,0
2019-11-18,NVDA,0
2019-11-18,SPY,0
2019-11-18,TSLA,0
2019-11-19,AAPL,0
2019-11-19,AMD,0
2019-11-19,AMZN,0
2019-11-19,AVGO,0
2019-11-19,GOOGL,0
2019-11-19,META,0
2019-11-19,MSFT,0
2019-11-19,NFLX,0
2019-11-19,NVDA,0
2019-11-19,SPY,0
2019-11-19,TSLA,0
2019-11-20,AAPL,0
2019-11-20,AMD,0
2019-11-20,AMZN,0
2019-11-20,AVGO,0
2019-11-20,GOOGL,0
2019-11-20,META,0
2019-11-20,MSFT,0
2019-11-20,NFLX,0
2019-11-20,NVDA,0
2019-11-20,SPY,0
2019-11-20,TSLA,0
2019-11-21,AAPL,0
2019-11-21,AMD,0
2019-11-21,AMZN,0
2019-11-21,AVGO,0
2019-11-21,GOOGL,0
2019-11-21,META,0
2019-11-21,MSFT,0
2019-11-21,NFLX,0
2019-11-21,NVDA,0
2019-11-21,SPY,0
2019-11-21,TSLA,0
2019-11-22,AAPL,0
2019-11-22,AMD,0
2019-11-22,AMZN,0
2019-11-22,AVGO,0
2019-11-22,GOOGL,0
2019-11-22,META,0
2019-11-22,MSFT,0
2019-11-22,NFLX,0
2019-11-22,NVDA,0
2019-11-22,SPY,0
2019-11-22,TSLA,0
2019-11-25,AAPL,0
2019-11-25,AMD,0
2019-11-25,AMZN,0
2019-11-25,AVGO,0
2019-11-25,GOOGL,0
2019-11-25,META,0
2019-11-25,MSFT,0
2019-11-25,NFLX,0
2019-11-25,NVDA,0
2019-11-25,SPY,0
2019-11-25,TSLA,0
2019-11-26,AAPL,0
2019-11-26,AMD,0
2019-11-26,AMZN,0
2019-11-26,AVGO,0
2019-11-26,GOOGL,0
2019-11-26,META,0
2019-11-26,MSFT,0
2019-11-26,NFLX,0
2019-11-26,NVDA,0
2019-11-26,SPY,0
2019-11-26,TSLA,0
2019-11-27,AAPL,0
2019-11-27,AMD,0
2019-11-27,AMZN,0
2019-11-27,AVGO,0
2019-11-27,GOOGL,0
2019-11-27,META,0
2019-11-27,MSFT,0
2019-11-27,NFLX,0
2019-11-27,NVDA,0
2019-11-27,SPY,0
2019-11-27,TSLA,0
2019-11-29,AAPL,0
2019-11-29,AMD,0
2019-11-29,AMZN,0
2019-11-29,AVGO,0
2019-11-29,GOOGL,0
2019-11-29,META,0
2019-11-29,MSFT,0
2019-11-29,NFLX,0
2019-11-29,NVDA,0
2019-11-29,SPY,0
2019-11-29,TSLA,0
2019-12-02,AAPL,0
2019-12-02,AMD,0
2019-12-02,AMZN,0
2019-12-02,AVGO,0
2019-12-02,GOOGL,0
2019-12-02,META,0
2019-12-02,MSFT,0
2019-12-02,NFLX,0
2019-12-02,NVDA,0
2019-12-02,SPY,0
2019-12-02,TSLA,0
2019-12-03,AAPL,0
2019-12-03,AMD,0
2019-12-03,AMZN,0
2019-12-03,AVGO,0
2019-12-03,GOOGL,0
2019-12-03,META,0
2019-12-03,MSFT,0
2019-12-03,NFLX,0
2019-12-03,NVDA,0
2019-12-03,SPY,0
2019-12-03,TSLA,0
2019-12-04,AAPL,0
2019-12-04,AMD,0
2019-12-04,AMZN,0
2019-12-04,AVGO,0
2019-12-04,GOOGL,0
2019-12-04,META,0
2019-12-04,MSFT,0
2019-12-04,NFLX,0
2019-12-04,NVDA,0
2019-12-04,SPY,0
2019-12-04,TSLA,0
2019-12-05,AAPL,0
2019-12-05,AMD,0
2019-12-05,AMZN,0
2019-12-05,AVGO,0
2019-12-05,GOOGL,0
2019-12-05,META,0
2019-12-05,MSFT,0
2019-12-05,NFLX,0
2019-12-05,NVDA,0
2019-12-05,SPY,0
2019-12-05,TSLA,0
2019-12-06,AAPL,0
2019-12-06,AMD,0
2019-12-06,AMZN,0
2019-12-06,AVGO,0
2019-12-06,GOOGL,0
2019-12-06,META,0
2019-12-06,MSFT,0
2019-12-06,NFLX,0
2019-12-06,NVDA,0
2019-12-06,SPY,0
2019-12-06,TSLA,0
2019-12-09,AAPL,0
2019-12-09,AMD,0
2019-12-09,AMZN,0
2019-12-09,AVGO,0
2019-12-09,GOOGL,0
2019-12-09,META,0
2019-12-09,MSFT,0
2019-12-09,NFLX,0
2019-12-09,NVDA,0
2019-12-09,SPY,0
2019-12-09,TSLA,0
2019-12-10,AAPL,0
2019-12-10,AMD,0
2019-12-10,AMZN,0
2019-12-10,AVGO,0
2019-12-10,GOOGL,0
2019-12-10,META,0
2019-12-10,MSFT,0
2019-12-10,NFLX,0
2019-12-10,NVDA,0
2019-12-10,SPY,0
2019-12-10,TSLA,0
2019-12-11,AAPL,0
2019-12-11,AMD,0
2019-12-11,AMZN,0
2019-12-11,AVGO,0
2019-12-11,GOOGL,0
2019-12-11,META,0
2019-12-11,MSFT,0
2019-12-11,NFLX,0
2019-12-11,NVDA,0
2019-12-11,SPY,0
2019-12-11,TSLA,0
2019-12-12,AAPL,0
2019-12-12,AMD,0
2019-12-12,AMZN,0
2019-12-12,AVGO,0
2019-12-12,GOOGL,0
2019-12-12,META,0
2019-12-12,MSFT,0
2019-12-12,NFLX,0
2019-12-12,NVDA,0
2019-12-12,SPY,0
2019-12-12,TSLA,0
2019-12-13,AAPL,0
2019-12-13,AMD,0
2019-12-13,AMZN,0
2019-12-13,AVGO,0
2019-12-13,GOOGL,0
2019-12-13,META,0
2019-12-13,MSFT,0
2019-12-13,NFLX,0
2019-12-13,NVDA,0
2019-12-13,SPY,0
2019-12-13,TSLA,0
2019-12-16,AAPL,0
2019-12-16,AMD,0
2019-12-16,AMZN,0
2019-12-16,AVGO,0
2019-12-16,GOOGL,0
2019-12-16,META,0
2019-12-16,MSFT,0
2019-12-16,NFLX,0
2019-12-16,NVDA,0
2019-12-16,SPY,0
2019-12-16,TSLA,0
2019-12-17,AAPL,0
2019-12-17,AMD,0
2019-12-17,AMZN,0
2019-12-17,AVGO,0
2019-12-17,GOOGL,0
2019-12-17,META,0
2019-12-17,MSFT,0
2019-12-17,NFLX,0
2019-12-17,NVDA,0
2019-12-17,SPY,0
2019-12-17,TSLA,0
2019-12-18,AAPL,0
2019-12-18,AMD,0
2019-12-18,AMZN,0
2019-12-18,AVGO,0
2019-12-18,GOOGL,0
2019-12-18,META,0
2019-12-18,MSFT,0
2019-12-18,NFLX,0
2019-12-18,NVDA,0
2019-12-18,SPY,0
2019-12-18,TSLA,0
2019-12-19,AAPL,0
2019-12-19,AMD,0
2019-12-19,AMZN,0
2019-12-19,AVGO,0
2019-12-19,GOOGL,0
2019-12-19,META,0
2019-12-19,MSFT,0
2019-12-19,NFLX,0
2019-12-19,NVDA,0
2019-12-19,SPY,0
2019-12-19,TSLA,0
2019-12-20,AAPL,0
2019-12-20,AMD,0
2019-12-20,AMZN,0
2019-12-20,AVGO,0
2019-12-20,GOOGL,0
2019-12-20,META,0
2019-12-20,MSFT,0
2019-12-20,NFLX,0
2019-12-20,NVDA,0
2019-12-20,SPY,0
2019-12-20,TSLA,0
2019-12-23,AAPL,0
2019-12-23,AMD,0
2019-12-23,AMZN,0
2019-12-23,AVGO,0
2019-12-23,GOOGL,0
2019-12-23,META,0
2019-12-23,MSFT,0
2019-12-23,NFLX,0
2019-12-23,NVDA,0
2019-12-23,SPY,0
2019-12-23,TSLA,0
2019-12-24,AAPL,0
2019-12-24,AMD,0
2019-12-24,AMZN,0
2019-12-24,AVGO,0
2019-12-24,GOOGL,0
2019-12-24,META,0
2019-12-24,MSFT,0
2019-12-24,NFLX,0
2019-12-24,NVDA,0
2019-12-24,SPY,0
2019-12-24,TSLA,0
2019-12-26,AAPL,0
2019-12-26,AMD,0
2019-12-26,AMZN,0
2019-12-26,AVGO,0
2019-12-26,GOOGL,0
2019-12-26,META,0
2019-12-26,MSFT,0
2019-12-26,NFLX,0
2019-12-26,NVDA,0
2019-12-26,SPY,0
2019-12-26,TSLA,0
2019-12-27,AAPL,0
2019-12-27,AMD,0
2019-12-27,AMZN,0
2019-12-27,AVGO,0
2019-12-27,GOOGL,0
2019-12-27,META,0
2019-12-27,MSFT,0
2019-12-27,NFLX,0
2019-12-27,NVDA,0
2019-12-27,SPY,0
2019-12-27,TSLA,0
2019-12-30,AAPL,0
2019-12-30,AMD,0
2019-12-30,AMZN,0
2019-12-30,AVGO,0
2019-12-30,GOOGL,0
2019-12-30,META,0
2019-12-30,MSFT,0
2019-12-30,NFLX,0
2019-12-30,NVDA,0
2019-12-30,SPY,0
2019-12-30,TSLA,0
2019-12-31,AAPL,0
2019-12-31,AMD,0
2019-12-31,AMZN,0
2019-12-31,AVGO,0
2019-12-31,GOOGL,0
2019-12-31,META,0
2019-12-31,MSFT,0
2019-12-31,NFLX,0
2019-12-31,NVDA,0
2019-12-31,SPY,0
2019-12-31,TSLA,0
2020-01-02,AAPL,0
2020-01-02,AMD,0
2020-01-02,AMZN,0
2020-01-02,AVGO,0
2020-01-02,GOOGL,0
2020-01-02,META,0
2020-01-02,MSFT,0
2020-01-02,NFLX,0
2020-01-02,NVDA,0
2020-01-02,SPY,0
2020-01-02,TSLA,0
2020-01-03,AAPL,0
2020-01-03,AMD,0
2020-01-03,AMZN,0
2020-01-03,AVGO,0
2020-01-03,GOOGL,0
2020-01-03,META,0
2020-01-03,MSFT,0
2020-01-03,NFLX,0
2020-01-03,NVDA,0
2020-01-03,SPY,0
2020-01-03,TSLA,0
2020-01-06,AAPL,0
2020-01-06,AMD,0
2020-01-06,AMZN,0
2020-01-06,AVGO,0
2020-01-06,GOOGL,0
2020-01-06,META,0
2020-01-06,MSFT,0
2020-01-06,NFLX,0
2020-01-06,NVDA,0
2020-01-06,SPY,0
2020-01-06,TSLA,0
2020-01-07,AAPL,0
2020-01-07,AMD,0
2020-01-07,AMZN,0
2020-01-07,AVGO,0
2020-01-07,GOOGL,0
2020-01-07,META,0
2020-01-07,MSFT,0
2020-01-07,NFLX,0
2020-01-07,NVDA,0
2020-01-07,SPY,0
2020-01-07,TSLA,0
2020-01-08,AAPL,0
2020-01-08,AMD,0
2020-01-08,AMZN,0
2020-01-08,AVGO,0
2020-01-08,GOOGL,0
2020-01-08,META,0
2020-01-08,MSFT,0
2020-01-08,NFLX,0
2020-01-08,NVDA,0
2020-01-08,SPY,0
2020-01-08,TSLA,0
2020-01-09,AAPL,0
2020-01-09,AMD,0
2020-01-09,AMZN,0
2020-01-09,AVGO,0
2020-01-09,GOOGL,0
2020-01-09,META,0
2020-01-09,MSFT,0
2020-01-09,NFLX,0
2020-01-09,NVDA,0
2020-01-09,SPY,0
2020-01-09,TSLA,0
2020-01-10,AAPL,0
2020-01-10,AMD,0
2020-01-10,AMZN,0
2020-01-10,AVGO,0
2020-01-10,GOOGL,0
2020-01-10,META,0
2020-01-10,MSFT,0
2020-01-10,NFLX,0
2020-01-10,NVDA,0
2020-01-10,SPY,0
2020-01-10,TSLA,0
2020-01-13,AAPL,0
2020-01-13,AMD,0
2020-01-13,AMZN,0
2020-01-13,AVGO,0
2020-01-13,GOOGL,0
2020-01-13,META,0
2020-01-13,MSFT,0
2020-01-13,NFLX,0
2020-01-13,NVDA,0
2020-01-13,SPY,0
2020-01-13,TSLA,0
2020-01-14,AAPL,0
2020-01-14,AMD,0
2020-01-14,AMZN,0
2020-01-14,AVGO,0
2020-01-14,GOOGL,0
2020-01-14,META,0
2020-01-14,MSFT,0
2020-01-14,NFLX,0
2020-01-14,NVDA,0
2020-01-14,SPY,0
2020-01-14,TSLA,0
2020-01-15,AAPL,0
2020-01-15,AMD,0
2020-01-15,AMZN,0
2020-01-15,AVGO,0
2020-01-15,GOOGL,0
2020-01-15,META,0
2020-01-15,MSFT,0
2020-01-15,NFLX,0
2020-01-15,NVDA,0
2020-01-15,SPY,0
2020-01-15,TSLA,0
2020-01-16,AAPL,0
2020-01-16,AMD,0
2020-01-16,AMZN,0
2020-01-16,AVGO,0
2020-01-16,GOOGL,0
2020-01-16,META,0
2020-01-16,MSFT,0
2020-01-16,NFLX,0
2020-01-16,NVDA,0
2020-01-16,SPY,0
2020-01-16,TSLA,0
2020-01-17,AAPL,0
2020-01-17,AMD,0
2020-01-17,AMZN,0
2020-01-17,AVGO,0
2020-01-17,GOOGL,0
2020-01-17,META,0
2020-01-17,MSFT,0
2020-01-17,NFLX,0
2020-01-17,NVDA,0
2020-01-17,SPY,0
2020-01-17,TSLA,0
2020-01-21,AAPL,0
2020-01-21,AMD,0
2020-01-21,AMZN,0
2020-01-21,AVGO,0
2020-01-21,GOOGL,0
2020-01-21,META,0
2020-01-21,MSFT,0
2020-01-21,NFLX,0
2020-01-21,NVDA,0
2020-01-21,SPY,0
2020-01-21,TSLA,0
2020-01-22,AAPL,0
2020-01-22,AMD,0
2020-01-22,AMZN,0
2020-01-22,AVGO,0
2020-01-22,GOOGL,0
2020-01-22,META,0
2020-01-22,MSFT,0
2020-01-22,NFLX,0
2020-01-22,NVDA,0
2020-01-22,SPY,0
2020-01-22,TSLA,0
2020-01-23,AAPL,0
2020-01-23,AMD,0
2020-01-23,AMZN,0
2020-01-23,AVGO,0
2020-01-23,GOOGL,0
2020-01-23,META,0
2020-01-23,MSFT,0
2020-01-23,NFLX,0
2020-01-23,NVDA,0
2020-01-23,SPY,0
2020-01-23,TSLA,0
2020-01-24,AAPL,0
2020-01-24,AMD,0
2020-01-24,AMZN,0
2020-01-24,AVGO,0
2020-01-24,GOOGL,0
2020-01-24,META,0
2020-01-24,MSFT,0
2020-01-24,NFLX,0
2020-01-24,NVDA,0
2020-01-24,SPY,0
2020-01-24,TSLA,0
2020-01-27,AAPL,0
2020-01-27,AMD,0
2020-01-27,AMZN,0
2020-01-27,AVGO,0
2020-01-27,GOOGL,0
2020-01-27,META,0
2020-01-27,MSFT,0
2020-01-27,NFLX,0
2020-01-27,NVDA,0
2020-01-27,SPY,0
2020-01-27,TSLA,0
2020-01-28,AAPL,0
2020-01-28,AMD,0
2020-01-28,AMZN,0
2020-01-28,AVGO,0
2020-01-28,GOOGL,0
2020-01-28,META,0
2020-01-28,MSFT,0
2020-01-28,NFLX,0
2020-01-28,NVDA,0
2020-01-28,SPY,0
2020-01-28,TSLA,0
2020-01-29,AAPL,0
2020-01-29,AMD,0
2020-01-29,AMZN,0
2020-01-29,AVGO,0
2020-01-29,GOOGL,0
2020-01-29,META,0
2020-01-29,MSFT,0
2020-01-29,NFLX,0
2020-01-29,NVDA,0
2020-01-29,SPY,0
2020-01-29,TSLA,0
2020-01-30,AAPL,0
2020-01-30,AMD,0
2020-01-30,AMZN,0
2020-01-30,AVGO,0
2020-01-30,GOOGL,0
2020-01-30,META,0
2020-01-30,MSFT,0
2020-01-30,NFLX,0
2020-01-30,NVDA,0
2020-01-30,SPY,0
2020-01-30,TSLA,0
2020-01-31,AAPL,0
2020-01-31,AMD,1
2020-01-31,AMZN,0
2020-01-31,AVGO,0
2020-01-31,GOOGL,0
2020-01-31,META,1
2020-01-31,MSFT,0
2020-01-31,NFLX,0
2020-01-31,NVDA,0
2020-01-31,SPY,0
2020-01-31,TSLA,0
2020-02-03,AAPL,0
2020-02-03,AMD,0
2020-02-03,AMZN,0
2020-02-03,AVGO,0
2020-02-03,GOOGL,0
2020-02-03,META,0
2020-02-03,MSFT,0
2020-02-03,NFLX,0
2020-02-03,NVDA,0
2020-02-03,SPY,0
2020-02-03,TSLA,0
2020-02-04,AAPL,0
2020-02-04,AMD,0
2020-02-04,AMZN,0
2020-02-04,AVGO,0
2020-02-04,GOOGL,0
2020-02-04,META,0
2020-02-04,MSFT,0
2020-02-04,NFLX,0
2020-02-04,NVDA,0
2020-02-04,SPY,0
2020-02-04,TSLA,0
2020-02-05,AAPL,0
2020-02-05,AMD,0
2020-02-05,AMZN,0
2020-02-05,AVGO,0
2020-02-05,GOOGL,0
2020-02-05,META,0
2020-02-05,MSFT,0
2020-02-05,NFLX,0
2020-02-05,NVDA,0
2020-02-05,SPY,0
2020-02-05,TSLA,0
2020-02-06,AAPL,0
2020-02-06,AMD,0
2020-02-06,AMZN,0
2020-02-06,AVGO,0
2020-02-06,GOOGL,0
2020-02-06,META,0
2020-02-06,MSFT,0
2020-02-06,NFLX,0
2020-02-06,NVDA,0
2020-02-06,SPY,0
2020-02-06,TSLA,0
2020-02-07,AAPL,0
2020-02-07,AMD,0
2020-02-07,AMZN,0
2020-02-07,AVGO,0
2020-02-07,GOOGL,0
2020-02-07,META,0
2020-02-07,MSFT,0
2020-02-07,NFLX,0
2020-02-07,NVDA,0
2020-02-07,SPY,0
2020-02-07,TSLA,0
2020-02-10,AAPL,0
2020-02-10,AMD,0
2020-02-10,AMZN,0
2020-02-10,AVGO,0
2020-02-10,GOOGL,0
2020-02-10,META,0
2020-02-10,MSFT,0
2020-02-10,NFLX,0
2020-02-10,NVDA,0
2020-02-10,SPY,0
2020-02-10,TSLA,0
2020-02-11,AAPL,0
2020-02-11,AMD,0
2020-02-11,AMZN,0
2020-02-11,AVGO,0
2020-02-11,GOOGL,0
2020-02-11,META,0
2020-02-11,MSFT,0
2020-02-11,NFLX,0
2020-02-11,NVDA,0
2020-02-11,SPY,0
2020-02-11,TSLA,0
2020-02-12,AAPL,0
2020-02-12,AMD,0
2020-02-12,AMZN,0
2020-02-12,AVGO,0
2020-02-12,GOOGL,0
2020-02-12,META,0
2020-02-12,MSFT,0
2020-02-12,NFLX,0
2020-02-12,NVDA,0
2020-02-12,SPY,0
2020-02-12,TSLA,0
2020-02-13,AAPL,0
2020-02-13,AMD,0
2020-02-13,AMZN,0
2020-02-13,AVGO,0
2020-02-13,GOOGL,0
2020-02-13,META,0
2020-02-13,MSFT,0
2020-02-13,NFLX,0
2020-02-13,NVDA,0
2020-02-13,SPY,0
2020-02-13,TSLA,0
2020-02-14,AAPL,0
2020-02-14,AMD,0
2020-02-14,AMZN,0
2020-02-14,AVGO,0
2020-02-14,GOOGL,0
2020-02-14,META,0
2020-02-14,MSFT,0
2020-02-14,NFLX,0
2020-02-14,NVDA,0
2020-02-14,SPY,0
2020-02-14,TSLA,0
2020-02-18,AAPL,0
2020-02-18,AMD,0
2020-02-18,AMZN,0
2020-02-18,AVGO,0
2020-02-18,GOOGL,0
2020-02-18,META,0
2020-02-18,MSFT,0
2020-02-18,NFLX,0
2020-02-18,NVDA,0
2020-02-18,SPY,0
2020-02-18,TSLA,0
2020-02-19,AAPL,0
2020-02-19,AMD,0
2020-02-19,AMZN,0
2020-02-19,AVGO,0
2020-02-19,GOOGL,0
2020-02-19,META,0
2020-02-19,MSFT,0
2020-02-19,NFLX,0
2020-02-19,NVDA,0
2020-02-19,SPY,0
2020-02-19,TSLA,0
2020-02-20,AAPL,0
2020-02-20,AMD,0
2020-02-20,AMZN,0
2020-02-20,AVGO,0
2020-02-20,GOOGL,0
2020-02-20,META,0
2020-02-20,MSFT,0
2020-02-20,NFLX,0
2020-02-20,NVDA,0
2020-02-20,SPY,0
2020-02-20,TSLA,0
2020-02-21,AAPL,0
2020-02-21,AMD,1
2020-02-21,AMZN,0
2020-02-21,AVGO,0
2020-02-21,GOOGL,0
2020-02-21,META,0
2020-02-21,MSFT,0
2020-02-21,NFLX,0
2020-02-21,NVDA,0
2020-02-21,SPY,0
2020-02-21,TSLA,0
2020-02-24,AAPL,0
2020-02-24,AMD,1
2020-02-24,AMZN,0
2020-02-24,AVGO,1
2020-02-24,GOOGL,0
2020-02-24,META,1
2020-02-24,MSFT,1
2020-02-24,NFLX,0
2020-02-24,NVDA,1
2020-02-24,SPY,0
2020-02-24,TSLA,0
2020-02-25,AAPL,1
2020-02-25,AMD,1
2020-02-25,AMZN,1
2020-02-25,AVGO,1
2020-02-25,GOOGL,0
2020-02-25,META,1
2020-02-25,MSFT,1
2020-02-25,NFLX,0
2020-02-25,NVDA,1
2020-02-25,SPY,0
2020-02-25,TSLA,0
2020-02-26,AAPL,1
2020-02-26,AMD,1
2020-02-26,AMZN,0
2020-02-26,AVGO,1
2020-02-26,GOOGL,0
2020-02-26,META,1
2020-02-26,MSFT,1
2020-02-26,NFLX,0
2020-02-26,NVDA,1
2020-02-26,SPY,0
2020-02-26,TSLA,0
2020-02-27,AAPL,1
2020-02-27,AMD,1
2020-02-27,AMZN,1
2020-02-27,AVGO,1
2020-02-27,GOOGL,1
2020-02-27,META,1
2020-02-27,MSFT,1
2020-02-27,NFLX,0
2020-02-27,NVDA,1
2020-02-27,SPY,1
2020-02-27,TSLA,1
2020-02-28,AAPL,1
2020-02-28,AMD,1
2020-02-28,AMZN,1
2020-02-28,AVGO,1
2020-02-28,GOOGL,1
2020-02-28,META,1
2020-02-28,MSFT,1
2020-02-28,NFLX,0
2020-02-28,NVDA,1
2020-02-28,SPY,1
2020-02-28,TSLA,1
2020-03-02,AAPL,0
2020-03-02,AMD,1
2020-03-02,AMZN,1
2020-03-02,AVGO,1
2020-03-02,GOOGL,0
2020-03-02,META,1
2020-03-02,MSFT,0
2020-03-02,NFLX,0
2020-03-02,NVDA,1
2020-03-02,SPY,0
2020-03-02,TSLA,1
2020-03-03,AAPL,1
2020-03-03,AMD,1
2020-03-03,AMZN,1
2020-03-03,AVGO,1
2020-03-03,GOOGL,1
2020-03-03,META,1
2020-03-03,MSFT,1
2020-03-03,NFLX,0
2020-03-03,NVDA,1
2020-03-03,SPY,1
2020-03-03,TSLA,1
2020-03-04,AAPL,0
2020-03-04,AMD,1
2020-03-04,AMZN,0
2020-03-04,AVGO,1
2020-03-04,GOOGL,1
2020-03-04,META,1
2020-03-04,MSFT,1
2020-03-04,NFLX,0
2020-03-04,NVDA,1
2020-03-04,SPY,0
2020-03-04,TSLA,1
2020-03-05,AAPL,1
2020-03-05,AMD,1
2020-03-05,AMZN,1
2020-03-05,AVGO,1
2020-03-05,GOOGL,1
2020-03-05,META,1
2020-03-05,MSFT,1
2020-03-05,NFLX,0
2020-03-05,NVDA,1
2020-03-05,SPY,1
2020-03-05,TSLA,1
2020-03-06,AAPL,1
2020-03-06,AMD,1
2020-03-06,AMZN,1
2020-03-06,AVGO,1
2020-03-06,GOOGL,1
2020-03-06,META,1
2020-03-06,MSFT,1
2020-03-06,NFLX,0
2020-03-06,NVDA,1
2020-03-06,SPY,1
2020-03-06,TSLA,1
2020-03-09,AAPL,1
2020-03-09,AMD,1
2020-03-09,AMZN,1
2020-03-09,AVGO,1
2020-03-09,GOOGL,1
2020-03-09,META,1
2020-03-09,MSFT,1
2020-03-09,NFLX,1
2020-03-09,NVDA,1
2020-03-09,SPY,1
2020-03-09,TSLA,1
2020-03-10,AAPL,1
2020-03-10,AMD,1
2020-03-10,AMZN,1
2020-03-10,AVGO,1
2020-03-10,GOOGL,1
2020-03-10,META,1
2020-03-10,MSFT,1
2020-03-10,NFLX,0
2020-03-10,NVDA,1
2020-03-10,SPY,1
2020-03-10,TSLA,1
2020-03-11,AAPL,1
2020-03-11,AMD,1
2020-03-11,AMZN,1
2020-03-11,AVGO,1
2020-03-11,GOOGL,1
2020-03-11,META,1
2020-03-11,MSFT,1
2020-03-11,NFLX,1
2020-03-11,NVDA,1
2020-03-11,SPY,1
2020-03-11,TSLA,1
2020-03-12,AAPL,1
2020-03-12,AMD,1
2020-03-12,AMZN,1
2020-03-12,AVGO,1
2020-03-12,GOOGL,1
2020-03-12,META,1
2020-03-12,MSFT,1
2020-03-12,NFLX,1
2020-03-12,NVDA,1
2020-03-12,SPY,1
2020-03-12,TSLA,1
2020-03-13,AAPL,1
2020-03-13,AMD,1
2020-03-13,AMZN,1
2020-03-13,AVGO,0
2020-03-13,GOOGL,1
2020-03-13,META,1
2020-03-13,MSFT,1
2020-03-13,NFLX,1
2020-03-13,NVDA,0
2020-03-13,SPY,1
2020-03-13,TSLA,0
2020-03-16,AAPL,1
2020-03-16,AMD,1
2020-03-16,AMZN,1
2020-03-16,AVGO,1
2020-03-16,GOOGL,1
2020-03-16,META,1
2020-03-16,MSFT,1
2020-03-16,NFLX,1
2020-03-16,NVDA,1
2020-03-16,SPY,1
2020-03-16,TSLA,1
2020-03-17,AAPL,1
2020-03-17,AMD,1
2020-03-17,AMZN,1
2020-03-17,AVGO,0
2020-03-17,GOOGL,1
2020-03-17,META,1
2020-03-17,MSFT,1
2020-03-17,NFLX,1
2020-03-17,NVDA,1
2020-03-17,SPY,1
2020-03-17,TSLA,0
2020-03-18,AAPL,1
2020-03-18,AMD,1
2020-03-18,AMZN,1
2020-03-18,AVGO,1
2020-03-18,GOOGL,1
2020-03-18,META,1
2020-03-18,MSFT,1
2020-03-18,NFLX,1
2020-03-18,NVDA,1
2020-03-18,SPY,1
2020-03-18,TSLA,1
2020-03-19,AAPL,1
2020-03-19,AMD,1
2020-03-19,AMZN,0
2020-03-19,AVGO,1
2020-03-19,GOOGL,1
2020-03-19,META,1
2020-03-19,MSFT,1
2020-03-19,NFLX,1
2020-03-19,NVDA,1
2020-03-19,SPY,1
2020-03-19,TSLA,0
2020-03-20,AAPL,1
2020-03-20,AMD,1
2020-03-20,AMZN,0
2020-03-20,AVGO,1
2020-03-20,GOOGL,1
2020-03-20,META,1
2020-03-20,MSFT,1
2020-03-20,NFLX,1
2020-03-20,NVDA,1
2020-03-20,SPY,1
2020-03-20,TSLA,0
2020-03-23,AAPL,1
2020-03-23,AMD,1
2020-03-23,AMZN,0
2020-03-23,AVGO,1
2020-03-23,GOOGL,1
2020-03-23,META,1
2020-03-23,MSFT,1
2020-03-23,NFLX,0
2020-03-23,NVDA,1
2020-03-23,SPY,1
2020-03-23,TSLA,0
2020-03-24,AAPL,1
2020-03-24,AMD,0
2020-03-24,AMZN,0
2020-03-24,AVGO,0
2020-03-24,GOOGL,1
2020-03-24,META,1
2020-03-24,MSFT,1
2020-03-24,NFLX,0
2020-03-24,NVDA,0
2020-03-24,SPY,1
2020-03-24,TSLA,0
2020-03-25,AAPL,1
2020-03-25,AMD,1
2020-03-25,AMZN,0
2020-03-25,AVGO,0
2020-03-25,GOOGL,1
2020-03-25,META,1
2020-03-25,MSFT,1
2020-03-25,NFLX,1
2020-03-25,NVDA,0
2020-03-25,SPY,1
2020-03-25,TSLA,0
2020-03-26,AAPL,1
2020-03-26,AMD,0
2020-03-26,AMZN,0
2020-03-26,AVGO,0
2020-03-26,GOOGL,1
2020-03-26,META,1
2020-03-26,MSFT,1
2020-03-26,NFLX,0
2020-03-26,NVDA,0
2020-03-26,SPY,1
2020-03-26,TSLA,0
2020-03-27,AAPL,1
2020-03-27,AMD,0
2020-03-27,AMZN,0
2020-03-27,AVGO,0
2020-03-27,GOOGL,1
2020-03-27,META,1
2020-03-27,MSFT,1
2020-03-27,NFLX,0
2020-03-27,NVDA,0
2020-03-27,SPY,1
2020-03-27,TSLA,0
2020-03-30,AAPL,1
2020-03-30,AMD,0
2020-03-30,AMZN,0
2020-03-30,AVGO,0
2020-03-30,GOOGL,1
2020-03-30,META,1
2020-03-30,MSFT,0
2020-03-30,NFLX,0
2020-03-30,NVDA,0
2020-03-30,SPY,1
2020-03-30,TSLA,0
2020-03-31,AAPL,1
2020-03-31,AMD,0
2020-03-31,AMZN,0
2020-03-31,AVGO,0
2020-03-31,GOOGL,1
2020-03-31,META,1
2020-03-31,MSFT,0
2020-03-31,NFLX,0
2020-03-31,NVDA,0
2020-03-31,SPY,1
2020-03-31,TSLA,0
2020-04-01,AAPL,1
2020-04-01,AMD,1
2020-04-01,AMZN,0
2020-04-01,AVGO,0
2020-04-01,GOOGL,1
2020-04-01,META,1
2020-04-01,MSFT,0
2020-04-01,NFLX,0
2020-04-01,NVDA,0
2020-04-01,SPY,1
2020-04-01,TSLA,0
2020-04-02,AAPL,1
2020-04-02,AMD,0
2020-04-02,AMZN,0
2020-04-02,AVGO,0
2020-04-02,GOOGL,1
2020-04-02,META,1
2020-04-02,MSFT,0
2020-04-02,NFLX,0
2020-04-02,NVDA,0
2020-04-02,SPY,1
2020-04-02,TSLA,0
2020-04-03,AAPL,1
2020-04-03,AMD,1
2020-04-03,AMZN,0
2020-04-03,AVGO,0
2020-04-03,GOOGL,1
2020-04-03,META,1
2020-04-03,MSFT,0
2020-04-03,NFLX,0
2020-04-03,NVDA,0
2020-04-03,SPY,1
2020-04-03,TSLA,0
2020-04-06,AAPL,0
2020-04-06,AMD,0
2020-04-06,AMZN,0
2020-04-06,AVGO,0
2020-04-06,GOOGL,0
2020-04-06,META,0
2020-04-06,MSFT,0
2020-04-06,NFLX,0
2020-04-06,NVDA,0
2020-04-06,SPY,0
2020-04-06,TSLA,0
2020-04-07,AAPL,0
2020-04-07,AMD,0
2020-04-07,AMZN,0
2020-04-07,AVGO,0
2020-04-07,GOOGL,0
2020-04-07,META,0
2020-04-07,MSFT,0
2020-04-07,NFLX,0
2020-04-07,NVDA,0
2020-04-07,SPY,0
2020-04-07,TSLA,0
2020-04-08,AAPL,0
2020-04-08,AMD,0
2020-04-08,AMZN,0
2020-04-08,AVGO,0
2020-04-08,GOOGL,0
2020-04-08,META,0
2020-04-08,MSFT,0
2020-04-08,NFLX,0
2020-04-08,NVDA,0
2020-04-08,SPY,0
2020-04-08,TSLA,0
2020-04-09,AAPL,0
2020-04-09,AMD,0
2020-04-09,AMZN,0
2020-04-09,AVGO,0
2020-04-09,GOOGL,0
2020-04-09,META,0
2020-04-09,MSFT,0
2020-04-09,NFLX,0
2020-04-09,NVDA,0
2020-04-09,SPY,0
2020-04-09,TSLA,0
2020-04-13,AAPL,0
2020-04-13,AMD,0
2020-04-13,AMZN,0
2020-04-13,AVGO,0
2020-04-13,GOOGL,0
2020-04-13,META,0
2020-04-13,MSFT,0
2020-04-13,NFLX,0
2020-04-13,NVDA,0
2020-04-13,SPY,0
2020-04-13,TSLA,0
2020-04-14,AAPL,0
2020-04-14,AMD,0
2020-04-14,AMZN,0
2020-04-14,AVGO,0
2020-04-14,GOOGL,0
2020-04-14,META,0
2020-04-14,MSFT,0
2020-04-14,NFLX,0
2020-04-14,NVDA,0
2020-04-14,SPY,0
2020-04-14,TSLA,0
2020-04-15,AAPL,0
2020-04-15,AMD,0
2020-04-15,AMZN,0
2020-04-15,AVGO,0
2020-04-15,GOOGL,0
2020-04-15,META,0
2020-04-15,MSFT,0
2020-04-15,NFLX,0
2020-04-15,NVDA,0
2020-04-15,SPY,0
2020-04-15,TSLA,0
2020-04-16,AAPL,0
2020-04-16,AMD,0
2020-04-16,AMZN,0
2020-04-16,AVGO,0
2020-04-16,GOOGL,0
2020-04-16,META,0
2020-04-16,MSFT,0
2020-04-16,NFLX,0
2020-04-16,NVDA,0
2020-04-16,SPY,0
2020-04-16,TSLA,0
2020-04-17,AAPL,0
2020-04-17,AMD,0
2020-04-17,AMZN,0
2020-04-17,AVGO,0
2020-04-17,GOOGL,0
2020-04-17,META,0
2020-04-17,MSFT,0
2020-04-17,NFLX,0
2020-04-17,NVDA,0
2020-04-17,SPY,0
2020-04-17,TSLA,0
2020-04-20,AAPL,0
2020-04-20,AMD,0
2020-04-20,AMZN,0
2020-04-20,AVGO,0
2020-04-20,GOOGL,0
2020-04-20,META,0
2020-04-20,MSFT,0
2020-04-20,NFLX,0
2020-04-20,NVDA,0
2020-04-20,SPY,0
2020-04-20,TSLA,0
2020-04-21,AAPL,0
2020-04-21,AMD,0
2020-04-21,AMZN,0
2020-04-21,AVGO,0
2020-04-21,GOOGL,0
2020-04-21,META,0
2020-04-21,MSFT,0
2020-04-21,NFLX,0
2020-04-21,NVDA,0
2020-04-21,SPY,0
2020-04-21,TSLA,0
2020-04-22,AAPL,0
2020-04-22,AMD,0
2020-04-22,AMZN,0
2020-04-22,AVGO,0
2020-04-22,GOOGL,0
2020-04-22,META,0
2020-04-22,MSFT,0
2020-04-22,NFLX,0
2020-04-22,NVDA,0
2020-04-22,SPY,0
2020-04-22,TSLA,0
2020-04-23,AAPL,0
2020-04-23,AMD,0
2020-04-23,AMZN,0
2020-04-23,AVGO,0
2020-04-23,GOOGL,0
2020-04-23,META,0
2020-04-23,MSFT,0
2020-04-23,NFLX,0
2020-04-23,NVDA,0
2020-04-23,SPY,0
2020-04-23,TSLA,0
2020-04-24,AAPL,0
2020-04-24,AMD,0
2020-04-24,AMZN,0
2020-04-24,AVGO,0
2020-04-24,GOOGL,0
2020-04-24,META,0
2020-04-24,MSFT,0
2020-04-24,NFLX,0
2020-04-24,NVDA,0
2020-04-24,SPY,0
2020-04-24,TSLA,0
2020-04-27,AAPL,0
2020-04-27,AMD,0
2020-04-27,AMZN,0
2020-04-27,AVGO,0
2020-04-27,GOOGL,0
2020-04-27,META,0
2020-04-27,MSFT,0
2020-04-27,NFLX,0
2020-04-27,NVDA,0
2020-04-27,SPY,0
2020-04-27,TSLA,0
2020-04-28,AAPL,0
2020-04-28,AMD,0
2020-04-28,AMZN,0
2020-04-28,AVGO,0
2020-04-28,GOOGL,0
2020-04-28,META,0
2020-04-28,MSFT,0
2020-04-28,NFLX,0
2020-04-28,NVDA,0
2020-04-28,SPY,0
2020-04-28,TSLA,0
2020-04-29,AAPL,0
2020-04-29,AMD,0
2020-04-29,AMZN,0
2020-04-29,AVGO,0
2020-04-29,GOOGL,0
2020-04-29,META,0
2020-04-29,MSFT,0
2020-04-29,NFLX,0
2020-04-29,NVDA,0
2020-04-29,SPY,0
2020-04-29,TSLA,0
2020-04-30,AAPL,0
2020-04-30,AMD,0
2020-04-30,AMZN,0
2020-04-30,AVGO,0
2020-04-30,GOOGL,0
2020-04-30,META,0
2020-04-30,MSFT,0
2020-04-30,NFLX,0
2020-04-30,NVDA,0
2020-04-30,SPY,0
2020-04-30,TSLA,0
2020-05-01,AAPL,0
2020-05-01,AMD,1
2020-05-01,AMZN,0
2020-05-01,AVGO,0
2020-05-01,GOOGL,0
2020-05-01,META,0
2020-05-01,MSFT,0
2020-05-01,NFLX,0
2020-05-01,NVDA,0
2020-05-01,SPY,0
2020-05-01,TSLA,0
2020-05-04,AAPL,0
2020-05-04,AMD,0
2020-05-04,AMZN,0
2020-05-04,AVGO,0
2020-05-04,GOOGL,0
2020-05-04,META,0
2020-05-04,MSFT,0
2020-05-04,NFLX,0
2020-05-04,NVDA,0
2020-05-04,SPY,0
2020-05-04,TSLA,0
2020-05-05,AAPL,0
2020-05-05,AMD,0
2020-05-05,AMZN,0
2020-05-05,AVGO,0
2020-05-05,GOOGL,0
2020-05-05,META,0
2020-05-05,MSFT,0
2020-05-05,NFLX,0
2020-05-05,NVDA,0
2020-05-05,SPY,0
2020-05-05,TSLA,0
2020-05-06,AAPL,0
2020-05-06,AMD,0
2020-05-06,AMZN,0
2020-05-06,AVGO,0
2020-05-06,GOOGL,0
2020-05-06,META,0
2020-05-06,MSFT,0
2020-05-06,NFLX,0
2020-05-06,NVDA,0
2020-05-06,SPY,0
2020-05-06,TSLA,0
2020-05-07,AAPL,0
2020-05-07,AMD,0
2020-05-07,AMZN,0
2020-05-07,AVGO,0
2020-05-07,GOOGL,0
2020-05-07,META,0
2020-05-07,MSFT,0
2020-05-07,NFLX,0
2020-05-07,NVDA,0
2020-05-07,SPY,0
2020-05-07,TSLA,0
2020-05-08,AAPL,0
2020-05-08,AMD,0
2020-05-08,AMZN,0
2020-05-08,AVGO,0
2020-05-08,GOOGL,0
2020-05-08,META,0
2020-05-08,MSFT,0
2020-05-08,NFLX,0
2020-05-08,NVDA,0
2020-05-08,SPY,0
2020-05-08,TSLA,0
2020-05-11,AAPL,0
2020-05-11,AMD,0
2020-05-11,AMZN,0
2020-05-11,AVGO,0
2020-05-11,GOOGL,0
2020-05-11,META,0
2020-05-11,MSFT,0
2020-05-11,NFLX,0
2020-05-11,NVDA,0
2020-05-11,SPY,0
2020-05-11,TSLA,0
2020-05-12,AAPL,0
2020-05-12,AMD,0
2020-05-12,AMZN,0
2020-05-12,AVGO,0
2020-05-12,GOOGL,0
2020-05-12,META,0
2020-05-12,MSFT,0
2020-05-12,NFLX,0
2020-05-12,NVDA,0
2020-05-12,SPY,0
2020-05-12,TSLA,0
2020-05-13,AAPL,0
2020-05-13,AMD,0
2020-05-13,AMZN,0
2020-05-13,AVGO,0
2020-05-13,GOOGL,0
2020-05-13,META,0
2020-05-13,MSFT,0
2020-05-13,NFLX,0
2020-05-13,NVDA,0
2020-05-13,SPY,0
2020-05-13,TSLA,0
2020-05-14,AAPL,0
2020-05-14,AMD,0
2020-05-14,AMZN,0
2020-05-14,AVGO,0
2020-05-14,GOOGL,0
2020-05-14,META,0
2020-05-14,MSFT,0
2020-05-14,NFLX,0
2020-05-14,NVDA,0
2020-05-14,SPY,0
2020-05-14,TSLA,0
2020-05-15,AAPL,0
2020-05-15,AMD,0
2020-05-15,AMZN,0
2020-05-15,AVGO,0
2020-05-15,GOOGL,0
2020-05-15,META,0
2020-05-15,MSFT,0
2020-05-15,NFLX,0
2020-05-15,NVDA,0
2020-05-15,SPY,0
2020-05-15,TSLA,0
2020-05-18,AAPL,0
2020-05-18,AMD,0
2020-05-18,AMZN,0
2020-05-18,AVGO,0
2020-05-18,GOOGL,0
2020-05-18,META,0
2020-05-18,MSFT,0
2020-05-18,NFLX,0
2020-05-18,NVDA,0
2020-05-18,SPY,0
2020-05-18,TSLA,0
2020-05-19,AAPL,0
2020-05-19,AMD,0
2020-05-19,AMZN,0
2020-05-19,AVGO,0
2020-05-19,GOOGL,0
2020-05-19,META,0
2020-05-19,MSFT,0
2020-05-19,NFLX,0
2020-05-19,NVDA,0
2020-05-19,SPY,0
2020-05-19,TSLA,0
2020-05-20,AAPL,0
2020-05-20,AMD,0
2020-05-20,AMZN,0
2020-05-20,AVGO,0
2020-05-20,GOOGL,0
2020-05-20,META,0
2020-05-20,MSFT,0
2020-05-20,NFLX,0
2020-05-20,NVDA,0
2020-05-20,SPY,0
2020-05-20,TSLA,0
2020-05-21,AAPL,0
2020-05-21,AMD,0
2020-05-21,AMZN,0
2020-05-21,AVGO,0
2020-05-21,GOOGL,0
2020-05-21,META,0
2020-05-21,MSFT,0
2020-05-21,NFLX,0
2020-05-21,NVDA,0
2020-05-21,SPY,0
2020-05-21,TSLA,0
2020-05-22,AAPL,0
2020-05-22,AMD,0
2020-05-22,AMZN,0
2020-05-22,AVGO,0
2020-05-22,GOOGL,0
2020-05-22,META,0
2020-05-22,MSFT,0
2020-05-22,NFLX,0
2020-05-22,NVDA,0
2020-05-22,SPY,0
2020-05-22,TSLA,0
2020-05-26,AAPL,0
2020-05-26,AMD,0
2020-05-26,AMZN,0
2020-05-26,AVGO,0
2020-05-26,GOOGL,0
2020-05-26,META,0
2020-05-26,MSFT,0
2020-05-26,NFLX,0
2020-05-26,NVDA,0
2020-05-26,SPY,0
2020-05-26,TSLA,0
2020-05-27,AAPL,0
2020-05-27,AMD,0
2020-05-27,AMZN,0
2020-05-27,AVGO,0
2020-05-27,GOOGL,0
2020-05-27,META,0
2020-05-27,MSFT,0
2020-05-27,NFLX,0
2020-05-27,NVDA,0
2020-05-27,SPY,0
2020-05-27,TSLA,0
2020-05-28,AAPL,0
2020-05-28,AMD,0
2020-05-28,AMZN,0
2020-05-28,AVGO,0
2020-05-28,GOOGL,0
2020-05-28,META,0
2020-05-28,MSFT,0
2020-05-28,NFLX,0
2020-05-28,NVDA,0
2020-05-28,SPY,0
2020-05-28,TSLA,0
2020-05-29,AAPL,0
2020-05-29,AMD,0
2020-05-29,AMZN,0
2020-05-29,AVGO,0
2020-05-29,GOOGL,0
2020-05-29,META,0
2020-05-29,MSFT,0
2020-05-29,NFLX,0
2020-05-29,NVDA,0
2020-05-29,SPY,0
2020-05-29,TSLA,0
2020-06-01,AAPL,0
2020-06-01,AMD,0
2020-06-01,AMZN,0
2020-06-01,AVGO,0
2020-06-01,GOOGL,0
2020-06-01,META,0
2020-06-01,MSFT,0
2020-06-01,NFLX,0
2020-06-01,NVDA,0
2020-06-01,SPY,0
2020-06-01,TSLA,0
2020-06-02,AAPL,0
2020-06-02,AMD,0
2020-06-02,AMZN,0
2020-06-02,AVGO,0
2020-06-02,GOOGL,0
2020-06-02,META,0
2020-06-02,MSFT,0
2020-06-02,NFLX,0
2020-06-02,NVDA,0
2020-06-02,SPY,0
2020-06-02,TSLA,0
2020-06-03,AAPL,0
2020-06-03,AMD,0
2020-06-03,AMZN,0
2020-06-03,AVGO,0
2020-06-03,GOOGL,0
2020-06-03,META,0
2020-06-03,MSFT,0
2020-06-03,NFLX,0
2020-06-03,NVDA,0
2020-06-03,SPY,0
2020-06-03,TSLA,0
2020-06-04,AAPL,0
2020-06-04,AMD,0
2020-06-04,AMZN,0
2020-06-04,AVGO,0
2020-06-04,GOOGL,0
2020-06-04,META,0
2020-06-04,MSFT,0
2020-06-04,NFLX,0
2020-06-04,NVDA,0
2020-06-04,SPY,0
2020-06-04,TSLA,0
2020-06-05,AAPL,0
2020-06-05,AMD,0
2020-06-05,AMZN,0
2020-06-05,AVGO,0
2020-06-05,GOOGL,0
2020-06-05,META,0
2020-06-05,MSFT,0
2020-06-05,NFLX,0
2020-06-05,NVDA,0
2020-06-05,SPY,0
2020-06-05,TSLA,0
2020-06-08,AAPL,0
2020-06-08,AMD,0
2020-06-08,AMZN,0
2020-06-08,AVGO,0
2020-06-08,GOOGL,0
2020-06-08,META,0
2020-06-08,MSFT,0
2020-06-08,NFLX,0
2020-06-08,NVDA,0
2020-06-08,SPY,0
2020-06-08,TSLA,0
2020-06-09,AAPL,0
2020-06-09,AMD,0
2020-06-09,AMZN,0
2020-06-09,AVGO,0
2020-06-09,GOOGL,0
2020-06-09,META,0
2020-06-09,MSFT,0
2020-06-09,NFLX,0
2020-06-09,NVDA,0
2020-06-09,SPY,0
2020-06-09,TSLA,0
2020-06-10,AAPL,0
2020-06-10,AMD,0
2020-06-10,AMZN,0
2020-06-10,AVGO,0
2020-06-10,GOOGL,0
2020-06-10,META,0
2020-06-10,MSFT,0
2020-06-10,NFLX,0
2020-06-10,NVDA,0
2020-06-10,SPY,0
2020-06-10,TSLA,0
2020-06-11,AAPL,0
2020-06-11,AMD,0
2020-06-11,AMZN,0
2020-06-11,AVGO,0
2020-06-11,GOOGL,0
2020-06-11,META,0
2020-06-11,MSFT,0
2020-06-11,NFLX,0
2020-06-11,NVDA,0
2020-06-11,SPY,0
2020-06-11,TSLA,0
2020-06-12,AAPL,0
2020-06-12,AMD,0
2020-06-12,AMZN,0
2020-06-12,AVGO,0
2020-06-12,GOOGL,0
2020-06-12,META,0
2020-06-12,MSFT,0
2020-06-12,NFLX,0
2020-06-12,NVDA,0
2020-06-12,SPY,0
2020-06-12,TSLA,0
2020-06-15,AAPL,0
2020-06-15,AMD,0
2020-06-15,AMZN,0
2020-06-15,AVGO,0
2020-06-15,GOOGL,0
2020-06-15,META,0
2020-06-15,MSFT,0
2020-06-15,NFLX,0
2020-06-15,NVDA,0
2020-06-15,SPY,0
2020-06-15,TSLA,0
2020-06-16,AAPL,0
2020-06-16,AMD,0
2020-06-16,AMZN,0
2020-06-16,AVGO,0
2020-06-16,GOOGL,0
2020-06-16,META,0
2020-06-16,MSFT,0
2020-06-16,NFLX,0
2020-06-16,NVDA,0
2020-06-16,SPY,0
2020-06-16,TSLA,0
2020-06-17,AAPL,0
2020-06-17,AMD,0
2020-06-17,AMZN,0
2020-06-17,AVGO,0
2020-06-17,GOOGL,0
2020-06-17,META,0
2020-06-17,MSFT,0
2020-06-17,NFLX,0
2020-06-17,NVDA,0
2020-06-17,SPY,0
2020-06-17,TSLA,0
2020-06-18,AAPL,0
2020-06-18,AMD,0
2020-06-18,AMZN,0
2020-06-18,AVGO,0
2020-06-18,GOOGL,0
2020-06-18,META,0
2020-06-18,MSFT,0
2020-06-18,NFLX,0
2020-06-18,NVDA,0
2020-06-18,SPY,0
2020-06-18,TSLA,0
2020-06-19,AAPL,0
2020-06-19,AMD,0
2020-06-19,AMZN,0
2020-06-19,AVGO,0
2020-06-19,GOOGL,0
2020-06-19,META,0
2020-06-19,MSFT,0
2020-06-19,NFLX,0
2020-06-19,NVDA,0
2020-06-19,SPY,0
2020-06-19,TSLA,0
2020-06-22,AAPL,0
2020-06-22,AMD,0
2020-06-22,AMZN,0
2020-06-22,AVGO,0
2020-06-22,GOOGL,0
2020-06-22,META,0
2020-06-22,MSFT,0
2020-06-22,NFLX,0
2020-06-22,NVDA,0
2020-06-22,SPY,0
2020-06-22,TSLA,0
2020-06-23,AAPL,0
2020-06-23,AMD,0
2020-06-23,AMZN,0
2020-06-23,AVGO,0
2020-06-23,GOOGL,0
2020-06-23,META,0
2020-06-23,MSFT,0
2020-06-23,NFLX,0
2020-06-23,NVDA,0
2020-06-23,SPY,0
2020-06-23,TSLA,0
2020-06-24,AAPL,0
2020-06-24,AMD,0
2020-06-24,AMZN,0
2020-06-24,AVGO,0
2020-06-24,GOOGL,0
2020-06-24,META,0
2020-06-24,MSFT,0
2020-06-24,NFLX,0
2020-06-24,NVDA,0
2020-06-24,SPY,0
2020-06-24,TSLA,0
2020-06-25,AAPL,0
2020-06-25,AMD,1
2020-06-25,AMZN,0
2020-06-25,AVGO,0
2020-06-25,GOOGL,0
2020-06-25,META,0
2020-06-25,MSFT,0
2020-06-25,NFLX,0
2020-06-25,NVDA,0
2020-06-25,SPY,0
2020-06-25,TSLA,0
2020-06-26,AAPL,0
2020-06-26,AMD,1
2020-06-26,AMZN,0
2020-06-26,AVGO,0
2020-06-26,GOOGL,0
2020-06-26,META,1
2020-06-26,MSFT,0
2020-06-26,NFLX,0
2020-06-26,NVDA,0
2020-06-26,SPY,0
2020-06-26,TSLA,0
2020-06-29,AAPL,0
2020-06-29,AMD,1
2020-06-29,AMZN,0
2020-06-29,AVGO,0
2020-06-29,GOOGL,0
2020-06-29,META,0
2020-06-29,MSFT,0
2020-06-29,NFLX,0
2020-06-29,NVDA,0
2020-06-29,SPY,0
2020-06-29,TSLA,0
2020-06-30,AAPL,0
2020-06-30,AMD,0
2020-06-30,AMZN,0
2020-06-30,AVGO,0
2020-06-30,GOOGL,0
2020-06-30,META,0
2020-06-30,MSFT,0
2020-06-30,NFLX,0
2020-06-30,NVDA,0
2020-06-30,SPY,0
2020-06-30,TSLA,0
2020-07-01,AAPL,0
2020-07-01,AMD,0
2020-07-01,AMZN,0
2020-07-01,AVGO,0
2020-07-01,GOOGL,0
2020-07-01,META,0
2020-07-01,MSFT,0
2020-07-01,NFLX,0
2020-07-01,NVDA,0
2020-07-01,SPY,0
2020-07-01,TSLA,0
2020-07-02,AAPL,0
2020-07-02,AMD,0
2020-07-02,AMZN,0
2020-07-02,AVGO,0
2020-07-02,GOOGL,0
2020-07-02,META,0
2020-07-02,MSFT,0
2020-07-02,NFLX,0
2020-07-02,NVDA,0
2020-07-02,SPY,0
2020-07-02,TSLA,0
2020-07-06,AAPL,0
2020-07-06,AMD,0
2020-07-06,AMZN,0
2020-07-06,AVGO,0
2020-07-06,GOOGL,0
2020-07-06,META,0
2020-07-06,MSFT,0
2020-07-06,NFLX,0
2020-07-06,NVDA,0
2020-07-06,SPY,0
2020-07-06,TSLA,0
2020-07-07,AAPL,0
2020-07-07,AMD,0
2020-07-07,AMZN,0
2020-07-07,AVGO,0
2020-07-07,GOOGL,0
2020-07-07,META,0
2020-07-07,MSFT,0
2020-07-07,NFLX,0
2020-07-07,NVDA,0
2020-07-07,SPY,0
2020-07-07,TSLA,0
2020-07-08,AAPL,0
2020-07-08,AMD,0
2020-07-08,AMZN,0
2020-07-08,AVGO,0
2020-07-08,GOOGL,0
2020-07-08,META,0
2020-07-08,MSFT,0
2020-07-08,NFLX,0
2020-07-08,NVDA,0
2020-07-08,SPY,0
2020-07-08,TSLA,0
2020-07-09,AAPL,0
2020-07-09,AMD,0
2020-07-09,AMZN,0
2020-07-09,AVGO,0
2020-07-09,GOOGL,0
2020-07-09,META,0
2020-07-09,MSFT,0
2020-07-09,NFLX,0
2020-07-09,NVDA,0
2020-07-09,SPY,0
2020-07-09,TSLA,0
2020-07-10,AAPL,0
2020-07-10,AMD,0
2020-07-10,AMZN,0
2020-07-10,AVGO,0
2020-07-10,GOOGL,0
2020-07-10,META,0
2020-07-10,MSFT,0
2020-07-10,NFLX,0
2020-07-10,NVDA,0
2020-07-10,SPY,0
2020-07-10,TSLA,0
2020-07-13,AAPL,0
2020-07-13,AMD,0
2020-07-13,AMZN,0
2020-07-13,AVGO,0
2020-07-13,GOOGL,0
2020-07-13,META,0
2020-07-13,MSFT,0
2020-07-13,NFLX,0
2020-07-13,NVDA,0
2020-07-13,SPY,0
2020-07-13,TSLA,0
2020-07-14,AAPL,0
2020-07-14,AMD,0
2020-07-14,AMZN,0
2020-07-14,AVGO,0
2020-07-14,GOOGL,0
2020-07-14,META,0
2020-07-14,MSFT,0
2020-07-14,NFLX,0
2020-07-14,NVDA,0
2020-07-14,SPY,0
2020-07-14,TSLA,0
2020-07-15,AAPL,0
2020-07-15,AMD,0
2020-07-15,AMZN,0
2020-07-15,AVGO,0
2020-07-15,GOOGL,0
2020-07-15,META,0
2020-07-15,MSFT,0
2020-07-15,NFLX,0
2020-07-15,NVDA,0
2020-07-15,SPY,0
2020-07-15,TSLA,0
2020-07-16,AAPL,0
2020-07-16,AMD,0
2020-07-16,AMZN,0
2020-07-16,AVGO,0
2020-07-16,GOOGL,0
2020-07-16,META,0
2020-07-16,MSFT,0
2020-07-16,NFLX,0
2020-07-16,NVDA,0
2020-07-16,SPY,0
2020-07-16,TSLA,0
2020-07-17,AAPL,0
2020-07-17,AMD,0
2020-07-17,AMZN,0
2020-07-17,AVGO,0
2020-07-17,GOOGL,0
2020-07-17,META,0
2020-07-17,MSFT,0
2020-07-17,NFLX,1
2020-07-17,NVDA,0
2020-07-17,SPY,0
2020-07-17,TSLA,0
2020-07-20,AAPL,0
2020-07-20,AMD,0
2020-07-20,AMZN,0
2020-07-20,AVGO,0
2020-07-20,GOOGL,0
2020-07-20,META,0
2020-07-20,MSFT,0
2020-07-20,NFLX,0
2020-07-20,NVDA,0
2020-07-20,SPY,0
2020-07-20,TSLA,0
2020-07-21,AAPL,0
2020-07-21,AMD,0
2020-07-21,AMZN,0
2020-07-21,AVGO,0
2020-07-21,GOOGL,0
2020-07-21,META,0
2020-07-21,MSFT,0
2020-07-21,NFLX,1
2020-07-21,NVDA,0
2020-07-21,SPY,0
2020-07-21,TSLA,0
2020-07-22,AAPL,0
2020-07-22,AMD,0
2020-07-22,AMZN,0
2020-07-22,AVGO,0
2020-07-22,GOOGL,0
2020-07-22,META,0
2020-07-22,MSFT,0
2020-07-22,NFLX,1
2020-07-22,NVDA,0
2020-07-22,SPY,0
2020-07-22,TSLA,0
2020-07-23,AAPL,0
2020-07-23,AMD,0
2020-07-23,AMZN,0
2020-07-23,AVGO,0
2020-07-23,GOOGL,0
2020-07-23,META,0
2020-07-23,MSFT,0
2020-07-23,NFLX,1
2020-07-23,NVDA,0
2020-07-23,SPY,0
2020-07-23,TSLA,0
2020-07-24,AAPL,0
2020-07-24,AMD,0
2020-07-24,AMZN,0
2020-07-24,AVGO,0
2020-07-24,GOOGL,0
2020-07-24,META,0
2020-07-24,MSFT,0
2020-07-24,NFLX,1
2020-07-24,NVDA,0
2020-07-24,SPY,0
2020-07-24,TSLA,0
2020-07-27,AAPL,0
2020-07-27,AMD,0
2020-07-27,AMZN,0
2020-07-27,AVGO,0
2020-07-27,GOOGL,0
2020-07-27,META,0
2020-07-27,MSFT,0
2020-07-27,NFLX,1
2020-07-27,NVDA,0
2020-07-27,SPY,0
2020-07-27,TSLA,0
2020-07-28,AAPL,0
2020-07-28,AMD,0
2020-07-28,AMZN,0
2020-07-28,AVGO,0
2020-07-28,GOOGL,0
2020-07-28,META,0
2020-07-28,MSFT,0
2020-07-28,NFLX,1
2020-07-28,NVDA,0
2020-07-28,SPY,0
2020-07-28,TSLA,0
2020-07-29,AAPL,0
2020-07-29,AMD,0
2020-07-29,AMZN,0
2020-07-29,AVGO,0
2020-07-29,GOOGL,0
2020-07-29,META,0
2020-07-29,MSFT,0
2020-07-29,NFLX,1
2020-07-29,NVDA,0
2020-07-29,SPY,0
2020-07-29,TSLA,0
2020-07-30,AAPL,1
2020-07-30,AMD,0
2020-07-30,AMZN,0
2020-07-30,AVGO,0
2020-07-30,GOOGL,0
2020-07-30,META,0
2020-07-30,MSFT,0
2020-07-30,NFLX,1
2020-07-30,NVDA,0
2020-07-30,SPY,0
2020-07-30,TSLA,1
2020-07-31,AAPL,0
2020-07-31,AMD,0
2020-07-31,AMZN,0
2020-07-31,AVGO,0
2020-07-31,GOOGL,0
2020-07-31,META,0
2020-07-31,MSFT,0
2020-07-31,NFLX,1
2020-07-31,NVDA,0
2020-07-31,SPY,0
2020-07-31,TSLA,1
2020-08-03,AAPL,0
2020-08-03,AMD,0
2020-08-03,AMZN,0
2020-08-03,AVGO,0
2020-08-03,GOOGL,0
2020-08-03,META,0
2020-08-03,MSFT,0
2020-08-03,NFLX,1
2020-08-03,NVDA,0
2020-08-03,SPY,0
2020-08-03,TSLA,1
2020-08-04,AAPL,0
2020-08-04,AMD,0
2020-08-04,AMZN,0
2020-08-04,AVGO,0
2020-08-04,GOOGL,0
2020-08-04,META,0
2020-08-04,MSFT,0
2020-08-04,NFLX,0
2020-08-04,NVDA,0
2020-08-04,SPY,0
2020-08-04,TSLA,1
2020-08-05,AAPL,0
2020-08-05,AMD,0
2020-08-05,AMZN,0
2020-08-05,AVGO,0
2020-08-05,GOOGL,0
2020-08-05,META,0
2020-08-05,MSFT,0
2020-08-05,NFLX,0
2020-08-05,NVDA,0
2020-08-05,SPY,0
2020-08-05,TSLA,1
2020-08-06,AAPL,0
2020-08-06,AMD,0
2020-08-06,AMZN,0
2020-08-06,AVGO,0
2020-08-06,GOOGL,0
2020-08-06,META,0
2020-08-06,MSFT,0
2020-08-06,NFLX,0
2020-08-06,NVDA,0
2020-08-06,SPY,0
2020-08-06,TSLA,1
2020-08-07,AAPL,0
2020-08-07,AMD,0
2020-08-07,AMZN,0
2020-08-07,AVGO,0
2020-08-07,GOOGL,0
2020-08-07,META,0
2020-08-07,MSFT,0
2020-08-07,NFLX,0
2020-08-07,NVDA,0
2020-08-07,SPY,0
2020-08-07,TSLA,1
2020-08-10,AAPL,0
2020-08-10,AMD,0
2020-08-10,AMZN,0
2020-08-10,AVGO,0
2020-08-10,GOOGL,0
2020-08-10,META,0
2020-08-10,MSFT,0
2020-08-10,NFLX,0
2020-08-10,NVDA,0
2020-08-10,SPY,0
2020-08-10,TSLA,1
2020-08-11,AAPL,0
2020-08-11,AMD,0
2020-08-11,AMZN,0
2020-08-11,AVGO,0
2020-08-11,GOOGL,0
2020-08-11,META,0
2020-08-11,MSFT,0
2020-08-11,NFLX,1
2020-08-11,NVDA,0
2020-08-11,SPY,0
2020-08-11,TSLA,1
2020-08-12,AAPL,0
2020-08-12,AMD,0
2020-08-12,AMZN,0
2020-08-12,AVGO,0
2020-08-12,GOOGL,0
2020-08-12,META,0
2020-08-12,MSFT,0
2020-08-12,NFLX,0
2020-08-12,NVDA,0
2020-08-12,SPY,0
2020-08-12,TSLA,0
2020-08-13,AAPL,0
2020-08-13,AMD,0
2020-08-13,AMZN,0
2020-08-13,AVGO,0
2020-08-13,GOOGL,0
2020-08-13,META,0
2020-08-13,MSFT,0
2020-08-13,NFLX,0
2020-08-13,NVDA,0
2020-08-13,SPY,0
2020-08-13,TSLA,0
2020-08-14,AAPL,0
2020-08-14,AMD,0
2020-08-14,AMZN,0
2020-08-14,AVGO,0
2020-08-14,GOOGL,0
2020-08-14,META,0
2020-08-14,MSFT,0
2020-08-14,NFLX,0
2020-08-14,NVDA,0
2020-08-14,SPY,0
2020-08-14,TSLA,0
2020-08-17,AAPL,0
2020-08-17,AMD,0
2020-08-17,AMZN,0
2020-08-17,AVGO,0
2020-08-17,GOOGL,0
2020-08-17,META,0
2020-08-17,MSFT,0
2020-08-17,NFLX,0
2020-08-17,NVDA,0
2020-08-17,SPY,0
2020-08-17,TSLA,0
2020-08-18,AAPL,0
2020-08-18,AMD,0
2020-08-18,AMZN,0
2020-08-18,AVGO,0
2020-08-18,GOOGL,0
2020-08-18,META,0
2020-08-18,MSFT,0
2020-08-18,NFLX,0
2020-08-18,NVDA,0
2020-08-18,SPY,0
2020-08-18,TSLA,0
2020-08-19,AAPL,0
2020-08-19,AMD,0
2020-08-19,AMZN,0
2020-08-19,AVGO,0
2020-08-19,GOOGL,0
2020-08-19,META,0
2020-08-19,MSFT,0
2020-08-19,NFLX,0
2020-08-19,NVDA,0
2020-08-19,SPY,0
2020-08-19,TSLA,0
2020-08-20,AAPL,0
2020-08-20,AMD,0
2020-08-20,AMZN,0
2020-08-20,AVGO,0
2020-08-20,GOOGL,0
2020-08-20,META,0
2020-08-20,MSFT,0
2020-08-20,NFLX,0
2020-08-20,NVDA,0
2020-08-20,SPY,0
2020-08-20,TSLA,0
2020-08-21,AAPL,0
2020-08-21,AMD,0
2020-08-21,AMZN,0
2020-08-21,AVGO,0
2020-08-21,GOOGL,0
2020-08-21,META,0
2020-08-21,MSFT,0
2020-08-21,NFLX,0
2020-08-21,NVDA,0
2020-08-21,SPY,0
2020-08-21,TSLA,0
2020-08-24,AAPL,0
2020-08-24,AMD,0
2020-08-24,AMZN,0
2020-08-24,AVGO,0
2020-08-24,GOOGL,0
2020-08-24,META,0
2020-08-24,MSFT,0
2020-08-24,NFLX,0
2020-08-24,NVDA,0
2020-08-24,SPY,0
2020-08-24,TSLA,0
2020-08-25,AAPL,0
2020-08-25,AMD,0
2020-08-25,AMZN,0
2020-08-25,AVGO,0
2020-08-25,GOOGL,0
2020-08-25,META,0
2020-08-25,MSFT,0
2020-08-25,NFLX,1
2020-08-25,NVDA,0
2020-08-25,SPY,0
2020-08-25,TSLA,0
2020-08-26,AAPL,0
2020-08-26,AMD,0
2020-08-26,AMZN,0
2020-08-26,AVGO,0
2020-08-26,GOOGL,0
2020-08-26,META,0
2020-08-26,MSFT,0
2020-08-26,NFLX,0
2020-08-26,NVDA,0
2020-08-26,SPY,0
2020-08-26,TSLA,0
2020-08-27,AAPL,0
2020-08-27,AMD,0
2020-08-27,AMZN,0
2020-08-27,AVGO,0
2020-08-27,GOOGL,0
2020-08-27,META,0
2020-08-27,MSFT,0
2020-08-27,NFLX,0
2020-08-27,NVDA,0
2020-08-27,SPY,0
2020-08-27,TSLA,0
2020-08-28,AAPL,0
2020-08-28,AMD,0
2020-08-28,AMZN,0
2020-08-28,AVGO,0
2020-08-28,GOOGL,0
2020-08-28,META,0
2020-08-28,MSFT,0
2020-08-28,NFLX,0
2020-08-28,NVDA,0
2020-08-28,SPY,0
2020-08-28,TSLA,0
2020-08-31,AAPL,0
2020-08-31,AMD,0
2020-08-31,AMZN,0
2020-08-31,AVGO,0
2020-08-31,GOOGL,0
2020-08-31,META,0
2020-08-31,MSFT,0
2020-08-31,NFLX,0
2020-08-31,NVDA,0
2020-08-31,SPY,0
2020-08-31,TSLA,0
2020-09-01,AAPL,0
2020-09-01,AMD,0
2020-09-01,AMZN,0
2020-09-01,AVGO,0
2020-09-01,GOOGL,0
2020-09-01,META,0
2020-09-01,MSFT,0
2020-09-01,NFLX,0
2020-09-01,NVDA,0
2020-09-01,SPY,0
2020-09-01,TSLA,0
2020-09-02,AAPL,0
2020-09-02,AMD,0
2020-09-02,AMZN,0
2020-09-02,AVGO,0
2020-09-02,GOOGL,0
2020-09-02,META,0
2020-09-02,MSFT,0
2020-09-02,NFLX,0
2020-09-02,NVDA,0
2020-09-02,SPY,0
2020-09-02,TSLA,0
2020-09-03,AAPL,1
2020-09-03,AMD,1
2020-09-03,AMZN,0
2020-09-03,AVGO,0
2020-09-03,GOOGL,0
2020-09-03,META,0
2020-09-03,MSFT,0
2020-09-03,NFLX,0
2020-09-03,NVDA,0
2020-09-03,SPY,0
2020-09-03,TSLA,0
2020-09-04,AAPL,1
2020-09-04,AMD,1
2020-09-04,AMZN,0
2020-09-04,AVGO,0
2020-09-04,GOOGL,0
2020-09-04,META,0
2020-09-04,MSFT,0
2020-09-04,NFLX,0
2020-09-04,NVDA,1
2020-09-04,SPY,0
2020-09-04,TSLA,0
2020-09-08,AAPL,1
2020-09-08,AMD,1
2020-09-08,AMZN,1
2020-09-08,AVGO,0
2020-09-08,GOOGL,1
2020-09-08,META,1
2020-09-08,MSFT,1
2020-09-08,NFLX,0
2020-09-08,NVDA,1
2020-09-08,SPY,0
2020-09-08,TSLA,1
2020-09-09,AAPL,1
2020-09-09,AMD,1
2020-09-09,AMZN,0
2020-09-09,AVGO,0
2020-09-09,GOOGL,1
2020-09-09,META,1
2020-09-09,MSFT,0
2020-09-09,NFLX,1
2020-09-09,NVDA,1
2020-09-09,SPY,0
2020-09-09,TSLA,1
2020-09-10,AAPL,1
2020-09-10,AMD,1
2020-09-10,AMZN,1
2020-09-10,AVGO,0
2020-09-10,GOOGL,1
2020-09-10,META,1
2020-09-10,MSFT,1
2020-09-10,NFLX,1
2020-09-10,NVDA,1
2020-09-10,SPY,0
2020-09-10,TSLA,1
2020-09-11,AAPL,1
2020-09-11,AMD,1
2020-09-11,AMZN,1
2020-09-11,AVGO,0
2020-09-11,GOOGL,1
2020-09-11,META,1
2020-09-11,MSFT,1
2020-09-11,NFLX,1
2020-09-11,NVDA,1
2020-09-11,SPY,0
2020-09-11,TSLA,1
2020-09-14,AAPL,1
2020-09-14,AMD,1
2020-09-14,AMZN,1
2020-09-14,AVGO,0
2020-09-14,GOOGL,1
2020-09-14,META,1
2020-09-14,MSFT,1
2020-09-14,NFLX,1
2020-09-14,NVDA,1
2020-09-14,SPY,0
2020-09-14,TSLA,0
2020-09-15,AAPL,1
2020-09-15,AMD,1
2020-09-15,AMZN,1
2020-09-15,AVGO,0
2020-09-15,GOOGL,1
2020-09-15,META,1
2020-09-15,MSFT,1
2020-09-15,NFLX,1
2020-09-15,NVDA,1
2020-09-15,SPY,0
2020-09-15,TSLA,0
2020-09-16,AAPL,1
2020-09-16,AMD,1
2020-09-16,AMZN,1
2020-09-16,AVGO,0
2020-09-16,GOOGL,1
2020-09-16,META,1
2020-09-16,MSFT,1
2020-09-16,NFLX,1
2020-09-16,NVDA,1
2020-09-16,SPY,0
2020-09-16,TSLA,0
2020-09-17,AAPL,1
2020-09-17,AMD,1
2020-09-17,AMZN,1
2020-09-17,AVGO,0
2020-09-17,GOOGL,1
2020-09-17,META,1
2020-09-17,MSFT,1
2020-09-17,NFLX,1
2020-09-17,NVDA,1
2020-09-17,SPY,0
2020-09-17,TSLA,0
2020-09-18,AAPL,1
2020-09-18,AMD,1
2020-09-18,AMZN,1
2020-09-18,AVGO,0
2020-09-18,GOOGL,1
2020-09-18,META,1
2020-09-18,MSFT,1
2020-09-18,NFLX,1
2020-09-18,NVDA,1
2020-09-18,SPY,0
2020-09-18,TSLA,0
2020-09-21,AAPL,1
2020-09-21,AMD,1
2020-09-21,AMZN,1
2020-09-21,AVGO,0
2020-09-21,GOOGL,1
2020-09-21,META,1
2020-09-21,MSFT,1
2020-09-21,NFLX,1
2020-09-21,NVDA,1
2020-09-21,SPY,0
2020-09-21,TSLA,0
2020-09-22,AAPL,1
2020-09-22,AMD,1
2020-09-22,AMZN,1
2020-09-22,AVGO,0
2020-09-22,GOOGL,1
2020-09-22,META,1
2020-09-22,MSFT,1
2020-09-22,NFLX,1
2020-09-22,NVDA,1
2020-09-22,SPY,0
2020-09-22,TSLA,0
2020-09-23,AAPL,1
2020-09-23,AMD,1
2020-09-23,AMZN,1
2020-09-23,AVGO,0
2020-09-23,GOOGL,1
2020-09-23,META,1
2020-09-23,MSFT,1
2020-09-23,NFLX,1
2020-09-23,NVDA,1
2020-09-23,SPY,1
2020-09-23,TSLA,1
2020-09-24,AAPL,1
2020-09-24,AMD,1
2020-09-24,AMZN,1
2020-09-24,AVGO,0
2020-09-24,GOOGL,1
2020-09-24,META,1
2020-09-24,MSFT,1
2020-09-24,NFLX,1
2020-09-24,NVDA,1
2020-09-24,SPY,1
2020-09-24,TSLA,1
2020-09-25,AAPL,1
2020-09-25,AMD,1
2020-09-25,AMZN,1
2020-09-25,AVGO,0
2020-09-25,GOOGL,1
2020-09-25,META,1
2020-09-25,MSFT,1
2020-09-25,NFLX,1
2020-09-25,NVDA,1
2020-09-25,SPY,0
2020-09-25,TSLA,0
2020-09-28,AAPL,1
2020-09-28,AMD,1
2020-09-28,AMZN,1
2020-09-28,AVGO,0
2020-09-28,GOOGL,1
2020-09-28,META,1
2020-09-28,MSFT,1
2020-09-28,NFLX,1
2020-09-28,NVDA,1
2020-09-28,SPY,0
2020-09-28,TSLA,0
2020-09-29,AAPL,1
2020-09-29,AMD,1
2020-09-29,AMZN,1
2020-09-29,AVGO,0
2020-09-29,GOOGL,1
2020-09-29,META,1
2020-09-29,MSFT,1
2020-09-29,NFLX,1
2020-09-29,NVDA,0
2020-09-29,SPY,0
2020-09-29,TSLA,0
2020-09-30,AAPL,0
2020-09-30,AMD,0
2020-09-30,AMZN,0
2020-09-30,AVGO,0
2020-09-30,GOOGL,1
2020-09-30,META,1
2020-09-30,MSFT,0
2020-09-30,NFLX,0
2020-09-30,NVDA,0
2020-09-30,SPY,0
2020-09-30,TSLA,0
2020-10-01,AAPL,0
2020-10-01,AMD,0
2020-10-01,AMZN,0
2020-10-01,AVGO,0
2020-10-01,GOOGL,0
2020-10-01,META,0
2020-10-01,MSFT,0
2020-10-01,NFLX,0
2020-10-01,NVDA,0
2020-10-01,SPY,0
2020-10-01,TSLA,0
2020-10-02,AAPL,0
2020-10-02,AMD,0
2020-10-02,AMZN,0
2020-10-02,AVGO,0
2020-10-02,GOOGL,0
2020-10-02,META,0
2020-10-02,MSFT,0
2020-10-02,NFLX,0
2020-10-02,NVDA,0
2020-10-02,SPY,0
2020-10-02,TSLA,0
2020-10-05,AAPL,0
2020-10-05,AMD,0
2020-10-05,AMZN,0
2020-10-05,AVGO,0
2020-10-05,GOOGL,0
2020-10-05,META,0
2020-10-05,MSFT,0
2020-10-05,NFLX,0
2020-10-05,NVDA,0
2020-10-05,SPY,0
2020-10-05,TSLA,0
2020-10-06,AAPL,0
2020-10-06,AMD,0
2020-10-06,AMZN,0
2020-10-06,AVGO,0
2020-10-06,GOOGL,0
2020-10-06,META,0
2020-10-06,MSFT,0
2020-10-06,NFLX,0
2020-10-06,NVDA,0
2020-10-06,SPY,0
2020-10-06,TSLA,0
2020-10-07,AAPL,0
2020-10-07,AMD,0
2020-10-07,AMZN,0
2020-10-07,AVGO,0
2020-10-07,GOOGL,0
2020-10-07,META,0
2020-10-07,MSFT,0
2020-10-07,NFLX,0
2020-10-07,NVDA,0
2020-10-07,SPY,0
2020-10-07,TSLA,0
2020-10-08,AAPL,0
2020-10-08,AMD,0
2020-10-08,AMZN,0
2020-10-08,AVGO,0
2020-10-08,GOOGL,0
2020-10-08,META,0
2020-10-08,MSFT,0
2020-10-08,NFLX,0
2020-10-08,NVDA,0
2020-10-08,SPY,0
2020-10-08,TSLA,0
2020-10-09,AAPL,0
2020-10-09,AMD,0
2020-10-09,AMZN,0
2020-10-09,AVGO,0
2020-10-09,GOOGL,0
2020-10-09,META,0
2020-10-09,MSFT,0
2020-10-09,NFLX,0
2020-10-09,NVDA,0
2020-10-09,SPY,0
2020-10-09,TSLA,0
2020-10-12,AAPL,0
2020-10-12,AMD,0
2020-10-12,AMZN,0
2020-10-12,AVGO,0
2020-10-12,GOOGL,0
2020-10-12,META,0
2020-10-12,MSFT,0
2020-10-12,NFLX,0
2020-10-12,NVDA,0
2020-10-12,SPY,0
2020-10-12,TSLA,0
2020-10-13,AAPL,0
2020-10-13,AMD,0
2020-10-13,AMZN,0
2020-10-13,AVGO,0
2020-10-13,GOOGL,0
2020-10-13,META,0
2020-10-13,MSFT,0
2020-10-13,NFLX,0
2020-10-13,NVDA,0
2020-10-13,SPY,0
2020-10-13,TSLA,0
2020-10-14,AAPL,0
2020-10-14,AMD,0
2020-10-14,AMZN,0
2020-10-14,AVGO,0
2020-10-14,GOOGL,0
2020-10-14,META,0
2020-10-14,MSFT,0
2020-10-14,NFLX,0
2020-10-14,NVDA,0
2020-10-14,SPY,0
2020-10-14,TSLA,0
2020-10-15,AAPL,0
2020-10-15,AMD,0
2020-10-15,AMZN,0
2020-10-15,AVGO,0
2020-10-15,GOOGL,0
2020-10-15,META,0
2020-10-15,MSFT,0
2020-10-15,NFLX,0
2020-10-15,NVDA,0
2020-10-15,SPY,0
2020-10-15,TSLA,0
2020-10-16,AAPL,0
2020-10-16,AMD,0
2020-10-16,AMZN,0
2020-10-16,AVGO,0
2020-10-16,GOOGL,0
2020-10-16,META,0
2020-10-16,MSFT,0
2020-10-16,NFLX,0
2020-10-16,NVDA,0
2020-10-16,SPY,0
2020-10-16,TSLA,0
2020-10-19,AAPL,0
2020-10-19,AMD,0
2020-10-19,AMZN,0
2020-10-19,AVGO,0
2020-10-19,GOOGL,0
2020-10-19,META,0
2020-10-19,MSFT,0
2020-10-19,NFLX,0
2020-10-19,NVDA,0
2020-10-19,SPY,0
2020-10-19,TSLA,0
2020-10-20,AAPL,0
2020-10-20,AMD,0
2020-10-20,AMZN,0
2020-10-20,AVGO,0
2020-10-20,GOOGL,0
2020-10-20,META,0
2020-10-20,MSFT,0
2020-10-20,NFLX,0
2020-10-20,NVDA,0
2020-10-20,SPY,0
2020-10-20,TSLA,0
2020-10-21,AAPL,0
2020-10-21,AMD,0
2020-10-21,AMZN,0
2020-10-21,AVGO,0
2020-10-21,GOOGL,0
2020-10-21,META,0
2020-10-21,MSFT,0
2020-10-21,NFLX,1
2020-10-21,NVDA,0
2020-10-21,SPY,0
2020-10-21,TSLA,0
2020-10-22,AAPL,0
2020-10-22,AMD,0
2020-10-22,AMZN,0
2020-10-22,AVGO,0
2020-10-22,GOOGL,0
2020-10-22,META,0
2020-10-22,MSFT,0
2020-10-22,NFLX,1
2020-10-22,NVDA,0
2020-10-22,SPY,0
2020-10-22,TSLA,0
2020-10-23,AAPL,0
2020-10-23,AMD,0
2020-10-23,AMZN,0
2020-10-23,AVGO,0
2020-10-23,GOOGL,0
2020-10-23,META,0
2020-10-23,MSFT,0
2020-10-23,NFLX,1
2020-10-23,NVDA,0
2020-10-23,SPY,0
2020-10-23,TSLA,0
2020-10-26,AAPL,0
2020-10-26,AMD,0
2020-10-26,AMZN,0
2020-10-26,AVGO,0
2020-10-26,GOOGL,0
2020-10-26,META,0
2020-10-26,MSFT,0
2020-10-26,NFLX,1
2020-10-26,NVDA,0
2020-10-26,SPY,0
2020-10-26,TSLA,0
2020-10-27,AAPL,0
2020-10-27,AMD,0
2020-10-27,AMZN,0
2020-10-27,AVGO,0
2020-10-27,GOOGL,0
2020-10-27,META,0
2020-10-27,MSFT,0
2020-10-27,NFLX,1
2020-10-27,NVDA,0
2020-10-27,SPY,0
2020-10-27,TSLA,0
2020-10-28,AAPL,1
2020-10-28,AMD,1
2020-10-28,AMZN,0
2020-10-28,AVGO,1
2020-10-28,GOOGL,0
2020-10-28,META,0
2020-10-28,MSFT,0
2020-10-28,NFLX,1
2020-10-28,NVDA,1
2020-10-28,SPY,0
2020-10-28,TSLA,1
2020-10-29,AAPL,0
2020-10-29,AMD,1
2020-10-29,AMZN,0
2020-10-29,AVGO,0
2020-10-29,GOOGL,0
2020-10-29,META,0
2020-10-29,MSFT,0
2020-10-29,NFLX,0
2020-10-29,NVDA,0
2020-10-29,SPY,0
2020-10-29,TSLA,1
2020-10-30,AAPL,1
2020-10-30,AMD,1
2020-10-30,AMZN,1
2020-10-30,AVGO,0
2020-10-30,GOOGL,0
2020-10-30,META,0
2020-10-30,MSFT,1
2020-10-30,NFLX,1
2020-10-30,NVDA,1
2020-10-30,SPY,0
2020-10-30,TSLA,1
2020-11-02,AAPL,1
2020-11-02,AMD,1
2020-11-02,AMZN,1
2020-11-02,AVGO,0
2020-11-02,GOOGL,0
2020-11-02,META,0
2020-11-02,MSFT,1
2020-11-02,NFLX,1
2020-11-02,NVDA,1
2020-11-02,SPY,0
2020-11-02,TSLA,1
2020-11-03,AAPL,1
2020-11-03,AMD,1
2020-11-03,AMZN,1
2020-11-03,AVGO,0
2020-11-03,GOOGL,0
2020-11-03,META,0
2020-11-03,MSFT,0
2020-11-03,NFLX,1
2020-11-03,NVDA,0
2020-11-03,SPY,0
2020-11-03,TSLA,0
2020-11-04,AAPL,0
2020-11-04,AMD,0
2020-11-04,AMZN,0
2020-11-04,AVGO,0
2020-11-04,GOOGL,0
2020-11-04,META,0
2020-11-04,MSFT,0
2020-11-04,NFLX,1
2020-11-04,NVDA,0
2020-11-04,SPY,0
2020-11-04,TSLA,0
2020-11-05,AAPL,0
2020-11-05,AMD,0
2020-11-05,AMZN,0
2020-11-05,AVGO,0
2020-11-05,GOOGL,0
2020-11-05,META,0
2020-11-05,MSFT,0
2020-11-05,NFLX,0
2020-11-05,NVDA,0
2020-11-05,SPY,0
2020-11-05,TSLA,0
2020-11-06,AAPL,0
2020-11-06,AMD,0
2020-11-06,AMZN,0
2020-11-06,AVGO,0
2020-11-06,GOOGL,0
2020-11-06,META,0
2020-11-06,MSFT,0
2020-11-06,NFLX,0
2020-11-06,NVDA,0
2020-11-06,SPY,0
2020-11-06,TSLA,0
2020-11-09,AAPL,0
2020-11-09,AMD,0
2020-11-09,AMZN,0
2020-11-09,AVGO,0
2020-11-09,GOOGL,0
2020-11-09,META,0
2020-11-09,MSFT,0
2020-11-09,NFLX,1
2020-11-09,NVDA,0
2020-11-09,SPY,0
2020-11-09,TSLA,0
2020-11-10,AAPL,0
2020-11-10,AMD,1
2020-11-10,AMZN,1
2020-11-10,AVGO,0
2020-11-10,GOOGL,0
2020-11-10,META,0
2020-11-10,MSFT,0
2020-11-10,NFLX,1
2020-11-10,NVDA,1
2020-11-10,SPY,0
2020-11-10,TSLA,0
2020-11-11,AAPL,0
2020-11-11,AMD,0
2020-11-11,AMZN,0
2020-11-11,AVGO,0
2020-11-11,GOOGL,0
2020-11-11,META,0
2020-11-11,MSFT,0
2020-11-11,NFLX,0
2020-11-11,NVDA,0
2020-11-11,SPY,0
2020-11-11,TSLA,0
2020-11-12,AAPL,0
2020-11-12,AMD,0
2020-11-12,AMZN,0
2020-11-12,AVGO,0
2020-11-12,GOOGL,0
2020-11-12,META,0
2020-11-12,MSFT,0
2020-11-12,NFLX,0
2020-11-12,NVDA,0
2020-11-12,SPY,0
2020-11-12,TSLA,0
2020-11-13,AAPL,0
2020-11-13,AMD,0
2020-11-13,AMZN,0
2020-11-13,AVGO,0
2020-11-13,GOOGL,0
2020-11-13,META,0
2020-11-13,MSFT,0
2020-11-13,NFLX,0
2020-11-13,NVDA,0
2020-11-13,SPY,0
2020-11-13,TSLA,0
2020-11-16,AAPL,0
2020-11-16,AMD,0
2020-11-16,AMZN,0
2020-11-16,AVGO,0
2020-11-16,GOOGL,0
2020-11-16,META,0
2020-11-16,MSFT,0
2020-11-16,NFLX,0
2020-11-16,NVDA,0
2020-11-16,SPY,0
2020-11-16,TSLA,0
2020-11-17,AAPL,0
2020-11-17,AMD,0
2020-11-17,AMZN,0
2020-11-17,AVGO,0
2020-11-17,GOOGL,0
2020-11-17,META,0
2020-11-17,MSFT,0
2020-11-17,NFLX,0
2020-11-17,NVDA,0
2020-11-17,SPY,0
2020-11-17,TSLA,1
2020-11-18,AAPL,0
2020-11-18,AMD,0
2020-11-18,AMZN,0
2020-11-18,AVGO,0
2020-11-18,GOOGL,0
2020-11-18,META,0
2020-11-18,MSFT,0
2020-11-18,NFLX,0
2020-11-18,NVDA,0
2020-11-18,SPY,0
2020-11-18,TSLA,0
2020-11-19,AAPL,0
2020-11-19,AMD,0
2020-11-19,AMZN,0
2020-11-19,AVGO,0
2020-11-19,GOOGL,0
2020-11-19,META,0
2020-11-19,MSFT,0
2020-11-19,NFLX,0
2020-11-19,NVDA,0
2020-11-19,SPY,0
2020-11-19,TSLA,0
2020-11-20,AAPL,0
2020-11-20,AMD,0
2020-11-20,AMZN,0
2020-11-20,AVGO,0
2020-11-20,GOOGL,0
2020-11-20,META,0
2020-11-20,MSFT,0
2020-11-20,NFLX,0
2020-11-20,NVDA,1
2020-11-20,SPY,0
2020-11-20,TSLA,0
2020-11-23,AAPL,0
2020-11-23,AMD,0
2020-11-23,AMZN,0
2020-11-23,AVGO,0
2020-11-23,GOOGL,0
2020-11-23,META,0
2020-11-23,MSFT,0
2020-11-23,NFLX,0
2020-11-23,NVDA,1
2020-11-23,SPY,0
2020-11-23,TSLA,0
2020-11-24,AAPL,0
2020-11-24,AMD,0
2020-11-24,AMZN,0
2020-11-24,AVGO,0
2020-11-24,GOOGL,0
2020-11-24,META,0
2020-11-24,MSFT,0
2020-11-24,NFLX,0
2020-11-24,NVDA,1
2020-11-24,SPY,0
2020-11-24,TSLA,0
2020-11-25,AAPL,0
2020-11-25,AMD,0
2020-11-25,AMZN,0
2020-11-25,AVGO,0
2020-11-25,GOOGL,0
2020-11-25,META,0
2020-11-25,MSFT,0
2020-11-25,NFLX,0
2020-11-25,NVDA,1
2020-11-25,SPY,0
2020-11-25,TSLA,0
2020-11-27,AAPL,0
2020-11-27,AMD,0
2020-11-27,AMZN,0
2020-11-27,AVGO,0
2020-11-27,GOOGL,0
2020-11-27,META,0
2020-11-27,MSFT,0
2020-11-27,NFLX,0
2020-11-27,NVDA,0
2020-11-27,SPY,0
2020-11-27,TSLA,0
2020-11-30,AAPL,0
2020-11-30,AMD,0
2020-11-30,AMZN,0
2020-11-30,AVGO,0
2020-11-30,GOOGL,0
2020-11-30,META,0
2020-11-30,MSFT,0
2020-11-30,NFLX,0
2020-11-30,NVDA,0
2020-11-30,SPY,0
2020-11-30,TSLA,0
2020-12-01,AAPL,0
2020-12-01,AMD,0
2020-12-01,AMZN,0
2020-12-01,AVGO,0
2020-12-01,GOOGL,0
2020-12-01,META,0
2020-12-01,MSFT,0
2020-12-01,NFLX,0
2020-12-01,NVDA,0
2020-12-01,SPY,0
2020-12-01,TSLA,0
2020-12-02,AAPL,0
2020-12-02,AMD,0
2020-12-02,AMZN,0
2020-12-02,AVGO,0
2020-12-02,GOOGL,0
2020-12-02,META,0
2020-12-02,MSFT,0
2020-12-02,NFLX,0
2020-12-02,NVDA,0
2020-12-02,SPY,0
2020-12-02,TSLA,0
2020-12-03,AAPL,0
2020-12-03,AMD,0
2020-12-03,AMZN,0
2020-12-03,AVGO,0
2020-12-03,GOOGL,0
2020-12-03,META,0
2020-12-03,MSFT,0
2020-12-03,NFLX,0
2020-12-03,NVDA,0
2020-12-03,SPY,0
2020-12-03,TSLA,0
2020-12-04,AAPL,0
2020-12-04,AMD,0
2020-12-04,AMZN,0
2020-12-04,AVGO,0
2020-12-04,GOOGL,0
2020-12-04,META,0
2020-12-04,MSFT,0
2020-12-04,NFLX,0
2020-12-04,NVDA,0
2020-12-04,SPY,0
2020-12-04,TSLA,0
2020-12-07,AAPL,0
2020-12-07,AMD,0
2020-12-07,AMZN,0
2020-12-07,AVGO,0
2020-12-07,GOOGL,0
2020-12-07,META,0
2020-12-07,MSFT,0
2020-12-07,NFLX,0
2020-12-07,NVDA,0
2020-12-07,SPY,0
2020-12-07,TSLA,0
2020-12-08,AAPL,0
2020-12-08,AMD,0
2020-12-08,AMZN,0
2020-12-08,AVGO,0
2020-12-08,GOOGL,0
2020-12-08,META,0
2020-12-08,MSFT,0
2020-12-08,NFLX,0
2020-12-08,NVDA,0
2020-12-08,SPY,0
2020-12-08,TSLA,0
2020-12-09,AAPL,0
2020-12-09,AMD,0
2020-12-09,AMZN,0
2020-12-09,AVGO,0
2020-12-09,GOOGL,0
2020-12-09,META,0
2020-12-09,MSFT,0
2020-12-09,NFLX,0
2020-12-09,NVDA,0
2020-12-09,SPY,0
2020-12-09,TSLA,0
2020-12-10,AAPL,0
2020-12-10,AMD,0
2020-12-10,AMZN,0
2020-12-10,AVGO,0
2020-12-10,GOOGL,0
2020-12-10,META,0
2020-12-10,MSFT,0
2020-12-10,NFLX,0
2020-12-10,NVDA,0
2020-12-10,SPY,0
2020-12-10,TSLA,0
2020-12-11,AAPL,0
2020-12-11,AMD,0
2020-12-11,AMZN,0
2020-12-11,AVGO,0
2020-12-11,GOOGL,0
2020-12-11,META,0
2020-12-11,MSFT,0
2020-12-11,NFLX,0
2020-12-11,NVDA,0
2020-12-11,SPY,0
2020-12-11,TSLA,0
2020-12-14,AAPL,0
2020-12-14,AMD,0
2020-12-14,AMZN,0
2020-12-14,AVGO,0
2020-12-14,GOOGL,0
2020-12-14,META,0
2020-12-14,MSFT,0
2020-12-14,NFLX,0
2020-12-14,NVDA,0
2020-12-14,SPY,0
2020-12-14,TSLA,0
2020-12-15,AAPL,0
2020-12-15,AMD,0
2020-12-15,AMZN,0
2020-12-15,AVGO,0
2020-12-15,GOOGL,0
2020-12-15,META,0
2020-12-15,MSFT,0
2020-12-15,NFLX,0
2020-12-15,NVDA,0
2020-12-15,SPY,0
2020-12-15,TSLA,0
2020-12-16,AAPL,0
2020-12-16,AMD,0
2020-12-16,AMZN,0
2020-12-16,AVGO,0
2020-12-16,GOOGL,0
2020-12-16,META,0
2020-12-16,MSFT,0
2020-12-16,NFLX,0
2020-12-16,NVDA,0
2020-12-16,SPY,0
2020-12-16,TSLA,0
2020-12-17,AAPL,0
2020-12-17,AMD,0
2020-12-17,AMZN,0
2020-12-17,AVGO,0
2020-12-17,GOOGL,0
2020-12-17,META,0
2020-12-17,MSFT,0
2020-12-17,NFLX,0
2020-12-17,NVDA,0
2020-12-17,SPY,0
2020-12-17,TSLA,0
2020-12-18,AAPL,0
2020-12-18,AMD,0
2020-12-18,AMZN,0
2020-12-18,AVGO,0
2020-12-18,GOOGL,0
2020-12-18,META,0
2020-12-18,MSFT,0
2020-12-18,NFLX,0
2020-12-18,NVDA,0
2020-12-18,SPY,0
2020-12-18,TSLA,0
2020-12-21,AAPL,0
2020-12-21,AMD,0
2020-12-21,AMZN,0
2020-12-21,AVGO,0
2020-12-21,GOOGL,0
2020-12-21,META,0
2020-12-21,MSFT,0
2020-12-21,NFLX,0
2020-12-21,NVDA,0
2020-12-21,SPY,0
2020-12-21,TSLA,0
2020-12-22,AAPL,0
2020-12-22,AMD,0
2020-12-22,AMZN,0
2020-12-22,AVGO,0
2020-12-22,GOOGL,0
2020-12-22,META,0
2020-12-22,MSFT,0
2020-12-22,NFLX,0
2020-12-22,NVDA,0
2020-12-22,SPY,0
2020-12-22,TSLA,0
2020-12-23,AAPL,0
2020-12-23,AMD,0
2020-12-23,AMZN,0
2020-12-23,AVGO,0
2020-12-23,GOOGL,0
2020-12-23,META,0
2020-12-23,MSFT,0
2020-12-23,NFLX,0
2020-12-23,NVDA,0
2020-12-23,SPY,0
2020-12-23,TSLA,0
2020-12-24,AAPL,0
2020-12-24,AMD,0
2020-12-24,AMZN,0
2020-12-24,AVGO,0
2020-12-24,GOOGL,0
2020-12-24,META,0
2020-12-24,MSFT,0
2020-12-24,NFLX,0
2020-12-24,NVDA,0
2020-12-24,SPY,0
2020-12-24,TSLA,0
2020-12-28,AAPL,0
2020-12-28,AMD,0
2020-12-28,AMZN,0
2020-12-28,AVGO,0
2020-12-28,GOOGL,0
2020-12-28,META,0
2020-12-28,MSFT,0
2020-12-28,NFLX,0
2020-12-28,NVDA,0
2020-12-28,SPY,0
2020-12-28,TSLA,0
2020-12-29,AAPL,0
2020-12-29,AMD,0
2020-12-29,AMZN,0
2020-12-29,AVGO,0
2020-12-29,GOOGL,0
2020-12-29,META,0
2020-12-29,MSFT,0
2020-12-29,NFLX,0
2020-12-29,NVDA,0
2020-12-29,SPY,0
2020-12-29,TSLA,0
2020-12-30,AAPL,0
2020-12-30,AMD,0
2020-12-30,AMZN,0
2020-12-30,AVGO,0
2020-12-30,GOOGL,0
2020-12-30,META,0
2020-12-30,MSFT,0
2020-12-30,NFLX,0
2020-12-30,NVDA,0
2020-12-30,SPY,0
2020-12-30,TSLA,0
2020-12-31,AAPL,0
2020-12-31,AMD,0
2020-12-31,AMZN,0
2020-12-31,AVGO,0
2020-12-31,GOOGL,0
2020-12-31,META,0
2020-12-31,MSFT,0
2020-12-31,NFLX,0
2020-12-31,NVDA,0
2020-12-31,SPY,0
2020-12-31,TSLA,0
2021-01-04,AAPL,0
2021-01-04,AMD,0
2021-01-04,AMZN,0
2021-01-04,AVGO,0
2021-01-04,GOOGL,0
2021-01-04,META,0
2021-01-04,MSFT,0
2021-01-04,NFLX,0
2021-01-04,NVDA,0
2021-01-04,SPY,0
2021-01-04,TSLA,0
2021-01-05,AAPL,0
2021-01-05,AMD,0
2021-01-05,AMZN,0
2021-01-05,AVGO,0
2021-01-05,GOOGL,0
2021-01-05,META,0
2021-01-05,MSFT,0
2021-01-05,NFLX,0
2021-01-05,NVDA,0
2021-01-05,SPY,0
2021-01-05,TSLA,0
2021-01-06,AAPL,0
2021-01-06,AMD,0
2021-01-06,AMZN,0
2021-01-06,AVGO,0
2021-01-06,GOOGL,0
2021-01-06,META,0
2021-01-06,MSFT,0
2021-01-06,NFLX,0
2021-01-06,NVDA,0
2021-01-06,SPY,0
2021-01-06,TSLA,0
2021-01-07,AAPL,0
2021-01-07,AMD,0
2021-01-07,AMZN,0
2021-01-07,AVGO,0
2021-01-07,GOOGL,0
2021-01-07,META,0
2021-01-07,MSFT,0
2021-01-07,NFLX,0
2021-01-07,NVDA,0
2021-01-07,SPY,0
2021-01-07,TSLA,0
2021-01-08,AAPL,0
2021-01-08,AMD,0
2021-01-08,AMZN,0
2021-01-08,AVGO,0
2021-01-08,GOOGL,0
2021-01-08,META,0
2021-01-08,MSFT,0
2021-01-08,NFLX,0
2021-01-08,NVDA,0
2021-01-08,SPY,0
2021-01-08,TSLA,0
2021-01-11,AAPL,0
2021-01-11,AMD,0
2021-01-11,AMZN,0
2021-01-11,AVGO,0
2021-01-11,GOOGL,0
2021-01-11,META,0
2021-01-11,MSFT,0
2021-01-11,NFLX,0
2021-01-11,NVDA,0
2021-01-11,SPY,0
2021-01-11,TSLA,0
2021-01-12,AAPL,0
2021-01-12,AMD,0
2021-01-12,AMZN,0
2021-01-12,AVGO,0
2021-01-12,GOOGL,0
2021-01-12,META,1
2021-01-12,MSFT,0
2021-01-12,NFLX,0
2021-01-12,NVDA,0
2021-01-12,SPY,0
2021-01-12,TSLA,0
2021-01-13,AAPL,0
2021-01-13,AMD,0
2021-01-13,AMZN,0
2021-01-13,AVGO,0
2021-01-13,GOOGL,0
2021-01-13,META,1
2021-01-13,MSFT,0
2021-01-13,NFLX,0
2021-01-13,NVDA,0
2021-01-13,SPY,0
2021-01-13,TSLA,0
2021-01-14,AAPL,0
2021-01-14,AMD,0
2021-01-14,AMZN,0
2021-01-14,AVGO,0
2021-01-14,GOOGL,0
2021-01-14,META,1
2021-01-14,MSFT,0
2021-01-14,NFLX,0
2021-01-14,NVDA,0
2021-01-14,SPY,0
2021-01-14,TSLA,0
2021-01-15,AAPL,0
2021-01-15,AMD,1
2021-01-15,AMZN,0
2021-01-15,AVGO,0
2021-01-15,GOOGL,0
2021-01-15,META,1
2021-01-15,MSFT,0
2021-01-15,NFLX,0
2021-01-15,NVDA,0
2021-01-15,SPY,0
2021-01-15,TSLA,0
2021-01-19,AAPL,0
2021-01-19,AMD,0
2021-01-19,AMZN,0
2021-01-19,AVGO,0
2021-01-19,GOOGL,0
2021-01-19,META,0
2021-01-19,MSFT,0
2021-01-19,NFLX,1
2021-01-19,NVDA,0
2021-01-19,SPY,0
2021-01-19,TSLA,0
2021-01-20,AAPL,0
2021-01-20,AMD,0
2021-01-20,AMZN,0
2021-01-20,AVGO,0
2021-01-20,GOOGL,0
2021-01-20,META,0
2021-01-20,MSFT,0
2021-01-20,NFLX,0
2021-01-20,NVDA,0
2021-01-20,SPY,0
2021-01-20,TSLA,0
2021-01-21,AAPL,0
2021-01-21,AMD,0
2021-01-21,AMZN,0
2021-01-21,AVGO,0
2021-01-21,GOOGL,0
2021-01-21,META,0
2021-01-21,MSFT,0
2021-01-21,NFLX,0
2021-01-21,NVDA,0
2021-01-21,SPY,0
2021-01-21,TSLA,0
2021-01-22,AAPL,0
2021-01-22,AMD,0
2021-01-22,AMZN,0
2021-01-22,AVGO,0
2021-01-22,GOOGL,0
2021-01-22,META,0
2021-01-22,MSFT,0
2021-01-22,NFLX,0
2021-01-22,NVDA,0
2021-01-22,SPY,0
2021-01-22,TSLA,0
2021-01-25,AAPL,0
2021-01-25,AMD,0
2021-01-25,AMZN,0
2021-01-25,AVGO,0
2021-01-25,GOOGL,0
2021-01-25,META,0
2021-01-25,MSFT,0
2021-01-25,NFLX,0
2021-01-25,NVDA,0
2021-01-25,SPY,0
2021-01-25,TSLA,0
2021-01-26,AAPL,0
2021-01-26,AMD,0
2021-01-26,AMZN,0
2021-01-26,AVGO,0
2021-01-26,GOOGL,0
2021-01-26,META,0
2021-01-26,MSFT,0
2021-01-26,NFLX,0
2021-01-26,NVDA,0
2021-01-26,SPY,0
2021-01-26,TSLA,0
2021-01-27,AAPL,0
2021-01-27,AMD,0
2021-01-27,AMZN,0
2021-01-27,AVGO,0
2021-01-27,GOOGL,0
2021-01-27,META,0
2021-01-27,MSFT,0
2021-01-27,NFLX,1
2021-01-27,NVDA,0
2021-01-27,SPY,0
2021-01-27,TSLA,0
2021-01-28,AAPL,0
2021-01-28,AMD,1
2021-01-28,AMZN,0
2021-01-28,AVGO,0
2021-01-28,GOOGL,0
2021-01-28,META,0
2021-01-28,MSFT,0
2021-01-28,NFLX,0
2021-01-28,NVDA,0
2021-01-28,SPY,0
2021-01-28,TSLA,0
2021-01-29,AAPL,0
2021-01-29,AMD,1
2021-01-29,AMZN,0
2021-01-29,AVGO,0
2021-01-29,GOOGL,0
2021-01-29,META,0
2021-01-29,MSFT,0
2021-01-29,NFLX,1
2021-01-29,NVDA,0
2021-01-29,SPY,0
2021-01-29,TSLA,1
2021-02-01,AAPL,0
2021-02-01,AMD,1
2021-02-01,AMZN,0
2021-02-01,AVGO,0
2021-02-01,GOOGL,0
2021-02-01,META,0
2021-02-01,MSFT,0
2021-02-01,NFLX,0
2021-02-01,NVDA,0
2021-02-01,SPY,0
2021-02-01,TSLA,0
2021-02-02,AAPL,0
2021-02-02,AMD,0
2021-02-02,AMZN,0
2021-02-02,AVGO,0
2021-02-02,GOOGL,0
2021-02-02,META,0
2021-02-02,MSFT,0
2021-02-02,NFLX,0
2021-02-02,NVDA,0
2021-02-02,SPY,0
2021-02-02,TSLA,0
2021-02-03,AAPL,0
2021-02-03,AMD,1
2021-02-03,AMZN,0
2021-02-03,AVGO,0
2021-02-03,GOOGL,0
2021-02-03,META,0
2021-02-03,MSFT,0
2021-02-03,NFLX,0
2021-02-03,NVDA,0
2021-02-03,SPY,0
2021-02-03,TSLA,0
2021-02-04,AAPL,0
2021-02-04,AMD,1
2021-02-04,AMZN,0
2021-02-04,AVGO,0
2021-02-04,GOOGL,0
2021-02-04,META,0
2021-02-04,MSFT,0
2021-02-04,NFLX,0
2021-02-04,NVDA,0
2021-02-04,SPY,0
2021-02-04,TSLA,0
2021-02-05,AAPL,0
2021-02-05,AMD,1
2021-02-05,AMZN,0
2021-02-05,AVGO,0
2021-02-05,GOOGL,0
2021-02-05,META,0
2021-02-05,MSFT,0
2021-02-05,NFLX,0
2021-02-05,NVDA,0
2021-02-05,SPY,0
2021-02-05,TSLA,0
2021-02-08,AAPL,0
2021-02-08,AMD,0
2021-02-08,AMZN,0
2021-02-08,AVGO,0
2021-02-08,GOOGL,0
2021-02-08,META,0
2021-02-08,MSFT,0
2021-02-08,NFLX,0
2021-02-08,NVDA,0
2021-02-08,SPY,0
2021-02-08,TSLA,0
2021-02-09,AAPL,0
2021-02-09,AMD,0
2021-02-09,AMZN,0
2021-02-09,AVGO,0
2021-02-09,GOOGL,0
2021-02-09,META,0
2021-02-09,MSFT,0
2021-02-09,NFLX,0
2021-02-09,NVDA,0
2021-02-09,SPY,0
2021-02-09,TSLA,0
2021-02-10,AAPL,0
2021-02-10,AMD,0
2021-02-10,AMZN,0
2021-02-10,AVGO,0
2021-02-10,GOOGL,0
2021-02-10,META,0
2021-02-10,MSFT,0
2021-02-10,NFLX,0
2021-02-10,NVDA,0
2021-02-10,SPY,0
2021-02-10,TSLA,0
2021-02-11,AAPL,0
2021-02-11,AMD,0
2021-02-11,AMZN,0
2021-02-11,AVGO,0
2021-02-11,GOOGL,0
2021-02-11,META,0
2021-02-11,MSFT,0
2021-02-11,NFLX,0
2021-02-11,NVDA,0
2021-02-11,SPY,0
2021-02-11,TSLA,0
2021-02-12,AAPL,0
2021-02-12,AMD,0
2021-02-12,AMZN,0
2021-02-12,AVGO,0
2021-02-12,GOOGL,0
2021-02-12,META,0
2021-02-12,MSFT,0
2021-02-12,NFLX,0
2021-02-12,NVDA,0
2021-02-12,SPY,0
2021-02-12,TSLA,0
2021-02-16,AAPL,0
2021-02-16,AMD,0
2021-02-16,AMZN,0
2021-02-16,AVGO,0
2021-02-16,GOOGL,0
2021-02-16,META,0
2021-02-16,MSFT,0
2021-02-16,NFLX,0
2021-02-16,NVDA,0
2021-02-16,SPY,0
2021-02-16,TSLA,1
2021-02-17,AAPL,0
2021-02-17,AMD,0
2021-02-17,AMZN,0
2021-02-17,AVGO,0
2021-02-17,GOOGL,0
2021-02-17,META,0
2021-02-17,MSFT,0
2021-02-17,NFLX,0
2021-02-17,NVDA,0
2021-02-17,SPY,0
2021-02-17,TSLA,1
2021-02-18,AAPL,1
2021-02-18,AMD,0
2021-02-18,AMZN,0
2021-02-18,AVGO,0
2021-02-18,GOOGL,0
2021-02-18,META,0
2021-02-18,MSFT,0
2021-02-18,NFLX,0
2021-02-18,NVDA,0
2021-02-18,SPY,0
2021-02-18,TSLA,1
2021-02-19,AAPL,1
2021-02-19,AMD,0
2021-02-19,AMZN,0
2021-02-19,AVGO,0
2021-02-19,GOOGL,0
2021-02-19,META,0
2021-02-19,MSFT,0
2021-02-19,NFLX,0
2021-02-19,NVDA,0
2021-02-19,SPY,0
2021-02-19,TSLA,1
2021-02-22,AAPL,1
2021-02-22,AMD,1
2021-02-22,AMZN,0
2021-02-22,AVGO,0
2021-02-22,GOOGL,0
2021-02-22,META,0
2021-02-22,MSFT,0
2021-02-22,NFLX,0
2021-02-22,NVDA,0
2021-02-22,SPY,0
2021-02-22,TSLA,1
2021-02-23,AAPL,1
2021-02-23,AMD,1
2021-02-23,AMZN,0
2021-02-23,AVGO,0
2021-02-23,GOOGL,0
2021-02-23,META,0
2021-02-23,MSFT,0
2021-02-23,NFLX,0
2021-02-23,NVDA,0
2021-02-23,SPY,0
2021-02-23,TSLA,1
2021-02-24,AAPL,0
2021-02-24,AMD,0
2021-02-24,AMZN,0
2021-02-24,AVGO,0
2021-02-24,GOOGL,0
2021-02-24,META,0
2021-02-24,MSFT,0
2021-02-24,NFLX,0
2021-02-24,NVDA,0
2021-02-24,SPY,0
2021-02-24,TSLA,1
2021-02-25,AAPL,1
2021-02-25,AMD,1
2021-02-25,AMZN,1
2021-02-25,AVGO,0
2021-02-25,GOOGL,0
2021-02-25,META,0
2021-02-25,MSFT,0
2021-02-25,NFLX,0
2021-02-25,NVDA,1
2021-02-25,SPY,0
2021-02-25,TSLA,1
2021-02-26,AAPL,1
2021-02-26,AMD,1
2021-02-26,AMZN,0
2021-02-26,AVGO,0
2021-02-26,GOOGL,0
2021-02-26,META,0
2021-02-26,MSFT,0
2021-02-26,NFLX,0
2021-02-26,NVDA,1
2021-02-26,SPY,0
2021-02-26,TSLA,1
2021-03-01,AAPL,0
2021-03-01,AMD,0
2021-03-01,AMZN,0
2021-03-01,AVGO,0
2021-03-01,GOOGL,0
2021-03-01,META,0
2021-03-01,MSFT,0
2021-03-01,NFLX,0
2021-03-01,NVDA,1
2021-03-01,SPY,0
2021-03-01,TSLA,1
2021-03-02,AAPL,0
2021-03-02,AMD,1
2021-03-02,AMZN,0
2021-03-02,AVGO,0
2021-03-02,GOOGL,0
2021-03-02,META,0
2021-03-02,MSFT,0
2021-03-02,NFLX,0
2021-03-02,NVDA,1
2021-03-02,SPY,0
2021-03-02,TSLA,1
2021-03-03,AAPL,1
2021-03-03,AMD,1
2021-03-03,AMZN,1
2021-03-03,AVGO,0
2021-03-03,GOOGL,0
2021-03-03,META,0
2021-03-03,MSFT,0
2021-03-03,NFLX,0
2021-03-03,NVDA,1
2021-03-03,SPY,0
2021-03-03,TSLA,1
2021-03-04,AAPL,1
2021-03-04,AMD,1
2021-03-04,AMZN,1
2021-03-04,AVGO,1
2021-03-04,GOOGL,0
2021-03-04,META,0
2021-03-04,MSFT,0
2021-03-04,NFLX,1
2021-03-04,NVDA,1
2021-03-04,SPY,0
2021-03-04,TSLA,1
2021-03-05,AAPL,1
2021-03-05,AMD,1
2021-03-05,AMZN,1
2021-03-05,AVGO,0
2021-03-05,GOOGL,0
2021-03-05,META,0
2021-03-05,MSFT,0
2021-03-05,NFLX,0
2021-03-05,NVDA,1
2021-03-05,SPY,0
2021-03-05,TSLA,1
2021-03-08,AAPL,1
2021-03-08,AMD,1
2021-03-08,AMZN,1
2021-03-08,AVGO,1
2021-03-08,GOOGL,0
2021-03-08,META,0
2021-03-08,MSFT,0
2021-03-08,NFLX,1
2021-03-08,NVDA,1
2021-03-08,SPY,0
2021-03-08,TSLA,1
2021-03-09,AAPL,1
2021-03-09,AMD,1
2021-03-09,AMZN,0
2021-03-09,AVGO,1
2021-03-09,GOOGL,0
2021-03-09,META,0
2021-03-09,MSFT,0
2021-03-09,NFLX,1
2021-03-09,NVDA,1
2021-03-09,SPY,0
2021-03-09,TSLA,0
2021-03-10,AAPL,1
2021-03-10,AMD,1
2021-03-10,AMZN,0
2021-03-10,AVGO,1
2021-03-10,GOOGL,0
2021-03-10,META,0
2021-03-10,MSFT,0
2021-03-10,NFLX,1
2021-03-10,NVDA,1
2021-03-10,SPY,0
2021-03-10,TSLA,0
2021-03-11,AAPL,1
2021-03-11,AMD,1
2021-03-11,AMZN,0
2021-03-11,AVGO,0
2021-03-11,GOOGL,0
2021-03-11,META,0
2021-03-11,MSFT,0
2021-03-11,NFLX,0
2021-03-11,NVDA,1
2021-03-11,SPY,0
2021-03-11,TSLA,0
2021-03-12,AAPL,1
2021-03-12,AMD,1
2021-03-12,AMZN,0
2021-03-12,AVGO,0
2021-03-12,GOOGL,0
2021-03-12,META,0
2021-03-12,MSFT,0
2021-03-12,NFLX,0
2021-03-12,NVDA,1
2021-03-12,SPY,0
2021-03-12,TSLA,0
2021-03-15,AAPL,0
2021-03-15,AMD,0
2021-03-15,AMZN,0
2021-03-15,AVGO,0
2021-03-15,GOOGL,0
2021-03-15,META,0
2021-03-15,MSFT,0
2021-03-15,NFLX,0
2021-03-15,NVDA,1
2021-03-15,SPY,0
2021-03-15,TSLA,0
2021-03-16,AAPL,0
2021-03-16,AMD,0
2021-03-16,AMZN,0
2021-03-16,AVGO,0
2021-03-16,GOOGL,0
2021-03-16,META,0
2021-03-16,MSFT,0
2021-03-16,NFLX,0
2021-03-16,NVDA,1
2021-03-16,SPY,0
2021-03-16,TSLA,0
2021-03-17,AAPL,0
2021-03-17,AMD,0
2021-03-17,AMZN,0
2021-03-17,AVGO,0
2021-03-17,GOOGL,0
2021-03-17,META,0
2021-03-17,MSFT,0
2021-03-17,NFLX,0
2021-03-17,NVDA,1
2021-03-17,SPY,0
2021-03-17,TSLA,0
2021-03-18,AAPL,0
2021-03-18,AMD,1
2021-03-18,AMZN,0
2021-03-18,AVGO,0
2021-03-18,GOOGL,0
2021-03-18,META,0
2021-03-18,MSFT,0
2021-03-18,NFLX,0
2021-03-18,NVDA,1
2021-03-18,SPY,0
2021-03-18,TSLA,1
2021-03-19,AAPL,0
2021-03-19,AMD,0
2021-03-19,AMZN,0
2021-03-19,AVGO,0
2021-03-19,GOOGL,0
2021-03-19,META,0
2021-03-19,MSFT,0
2021-03-19,NFLX,0
2021-03-19,NVDA,1
2021-03-19,SPY,0
2021-03-19,TSLA,1
2021-03-22,AAPL,0
2021-03-22,AMD,0
2021-03-22,AMZN,0
2021-03-22,AVGO,0
2021-03-22,GOOGL,0
2021-03-22,META,0
2021-03-22,MSFT,0
2021-03-22,NFLX,0
2021-03-22,NVDA,0
2021-03-22,SPY,0
2021-03-22,TSLA,0
2021-03-23,AAPL,0
2021-03-23,AMD,1
2021-03-23,AMZN,0
2021-03-23,AVGO,0
2021-03-23,GOOGL,0
2021-03-23,META,0
2021-03-23,MSFT,0
2021-03-23,NFLX,0
2021-03-23,NVDA,0
2021-03-23,SPY,0
2021-03-23,TSLA,0
2021-03-24,AAPL,0
2021-03-24,AMD,1
2021-03-24,AMZN,0
2021-03-24,AVGO,0
2021-03-24,GOOGL,0
2021-03-24,META,0
2021-03-24,MSFT,0
2021-03-24,NFLX,0
2021-03-24,NVDA,0
2021-03-24,SPY,0
2021-03-24,TSLA,1
2021-03-25,AAPL,0
2021-03-25,AMD,1
2021-03-25,AMZN,0
2021-03-25,AVGO,0
2021-03-25,GOOGL,0
2021-03-25,META,0
2021-03-25,MSFT,0
2021-03-25,NFLX,0
2021-03-25,NVDA,1
2021-03-25,SPY,0
2021-03-25,TSLA,1
2021-03-26,AAPL,0
2021-03-26,AMD,0
2021-03-26,AMZN,0
2021-03-26,AVGO,0
2021-03-26,GOOGL,0
2021-03-26,META,0
2021-03-26,MSFT,0
2021-03-26,NFLX,0
2021-03-26,NVDA,0
2021-03-26,SPY,0
2021-03-26,TSLA,1
2021-03-29,AAPL,0
2021-03-29,AMD,0
2021-03-29,AMZN,0
2021-03-29,AVGO,0
2021-03-29,GOOGL,0
2021-03-29,META,0
2021-03-29,MSFT,0
2021-03-29,NFLX,0
2021-03-29,NVDA,0
2021-03-29,SPY,0
2021-03-29,TSLA,1
2021-03-30,AAPL,0
2021-03-30,AMD,0
2021-03-30,AMZN,0
2021-03-30,AVGO,0
2021-03-30,GOOGL,0
2021-03-30,META,0
2021-03-30,MSFT,0
2021-03-30,NFLX,0
2021-03-30,NVDA,0
2021-03-30,SPY,0
2021-03-30,TSLA,1
2021-03-31,AAPL,0
2021-03-31,AMD,0
2021-03-31,AMZN,0
2021-03-31,AVGO,0
2021-03-31,GOOGL,0
2021-03-31,META,0
2021-03-31,MSFT,0
2021-03-31,NFLX,0
2021-03-31,NVDA,0
2021-03-31,SPY,0
2021-03-31,TSLA,0
2021-04-01,AAPL,0
2021-04-01,AMD,0
2021-04-01,AMZN,0
2021-04-01,AVGO,0
2021-04-01,GOOGL,0
2021-04-01,META,0
2021-04-01,MSFT,0
2021-04-01,NFLX,0
2021-04-01,NVDA,0
2021-04-01,SPY,0
2021-04-01,TSLA,0
2021-04-05,AAPL,0
2021-04-05,AMD,0
2021-04-05,AMZN,0
2021-04-05,AVGO,0
2021-04-05,GOOGL,0
2021-04-05,META,0
2021-04-05,MSFT,0
2021-04-05,NFLX,0
2021-04-05,NVDA,0
2021-04-05,SPY,0
2021-04-05,TSLA,0
2021-04-06,AAPL,0
2021-04-06,AMD,0
2021-04-06,AMZN,0
2021-04-06,AVGO,0
2021-04-06,GOOGL,0
2021-04-06,META,0
2021-04-06,MSFT,0
2021-04-06,NFLX,0
2021-04-06,NVDA,0
2021-04-06,SPY,0
2021-04-06,TSLA,0
2021-04-07,AAPL,0
2021-04-07,AMD,0
2021-04-07,AMZN,0
2021-04-07,AVGO,0
2021-04-07,GOOGL,0
2021-04-07,META,0
2021-04-07,MSFT,0
2021-04-07,NFLX,0
2021-04-07,NVDA,0
2021-04-07,SPY,0
2021-04-07,TSLA,0
2021-04-08,AAPL,0
2021-04-08,AMD,0
2021-04-08,AMZN,0
2021-04-08,AVGO,0
2021-04-08,GOOGL,0
2021-04-08,META,0
2021-04-08,MSFT,0
2021-04-08,NFLX,0
2021-04-08,NVDA,0
2021-04-08,SPY,0
2021-04-08,TSLA,0
2021-04-09,AAPL,0
2021-04-09,AMD,0
2021-04-09,AMZN,0
2021-04-09,AVGO,0
2021-04-09,GOOGL,0
2021-04-09,META,0
2021-04-09,MSFT,0
2021-04-09,NFLX,0
2021-04-09,NVDA,0
2021-04-09,SPY,0
2021-04-09,TSLA,0
2021-04-12,AAPL,0
2021-04-12,AMD,0
2021-04-12,AMZN,0
2021-04-12,AVGO,0
2021-04-12,GOOGL,0
2021-04-12,META,0
2021-04-12,MSFT,0
2021-04-12,NFLX,0
2021-04-12,NVDA,0
2021-04-12,SPY,0
2021-04-12,TSLA,0
2021-04-13,AAPL,0
2021-04-13,AMD,0
2021-04-13,AMZN,0
2021-04-13,AVGO,0
2021-04-13,GOOGL,0
2021-04-13,META,0
2021-04-13,MSFT,0
2021-04-13,NFLX,0
2021-04-13,NVDA,0
2021-04-13,SPY,0
2021-04-13,TSLA,0
2021-04-14,AAPL,0
2021-04-14,AMD,0
2021-04-14,AMZN,0
2021-04-14,AVGO,0
2021-04-14,GOOGL,0
2021-04-14,META,0
2021-04-14,MSFT,0
2021-04-14,NFLX,0
2021-04-14,NVDA,0
2021-04-14,SPY,0
2021-04-14,TSLA,0
2021-04-15,AAPL,0
2021-04-15,AMD,0
2021-04-15,AMZN,0
2021-04-15,AVGO,0
2021-04-15,GOOGL,0
2021-04-15,META,0
2021-04-15,MSFT,0
2021-04-15,NFLX,0
2021-04-15,NVDA,0
2021-04-15,SPY,0
2021-04-15,TSLA,0
2021-04-16,AAPL,0
2021-04-16,AMD,0
2021-04-16,AMZN,0
2021-04-16,AVGO,0
2021-04-16,GOOGL,0
2021-04-16,META,0
2021-04-16,MSFT,0
2021-04-16,NFLX,0
2021-04-16,NVDA,0
2021-04-16,SPY,0
2021-04-16,TSLA,0
2021-04-19,AAPL,0
2021-04-19,AMD,0
2021-04-19,AMZN,0
2021-04-19,AVGO,0
2021-04-19,GOOGL,0
2021-04-19,META,0
2021-04-19,MSFT,0
2021-04-19,NFLX,0
2021-04-19,NVDA,0
2021-04-19,SPY,0
2021-04-19,TSLA,0
2021-04-20,AAPL,0
2021-04-20,AMD,0
2021-04-20,AMZN,0
2021-04-20,AVGO,0
2021-04-20,GOOGL,0
2021-04-20,META,0
2021-04-20,MSFT,0
2021-04-20,NFLX,0
2021-04-20,NVDA,0
2021-04-20,SPY,0
2021-04-20,TSLA,0
2021-04-21,AAPL,0
2021-04-21,AMD,0
2021-04-21,AMZN,0
2021-04-21,AVGO,0
2021-04-21,GOOGL,0
2021-04-21,META,0
2021-04-21,MSFT,0
2021-04-21,NFLX,0
2021-04-21,NVDA,0
2021-04-21,SPY,0
2021-04-21,TSLA,0
2021-04-22,AAPL,0
2021-04-22,AMD,0
2021-04-22,AMZN,0
2021-04-22,AVGO,0
2021-04-22,GOOGL,0
2021-04-22,META,0
2021-04-22,MSFT,0
2021-04-22,NFLX,0
2021-04-22,NVDA,0
2021-04-22,SPY,0
2021-04-22,TSLA,0
2021-04-23,AAPL,0
2021-04-23,AMD,0
2021-04-23,AMZN,0
2021-04-23,AVGO,0
2021-04-23,GOOGL,0
2021-04-23,META,0
2021-04-23,MSFT,0
2021-04-23,NFLX,0
2021-04-23,NVDA,0
2021-04-23,SPY,0
2021-04-23,TSLA,0
2021-04-26,AAPL,0
2021-04-26,AMD,0
2021-04-26,AMZN,0
2021-04-26,AVGO,0
2021-04-26,GOOGL,0
2021-04-26,META,0
2021-04-26,MSFT,0
2021-04-26,NFLX,0
2021-04-26,NVDA,0
2021-04-26,SPY,0
2021-04-26,TSLA,0
2021-04-27,AAPL,0
2021-04-27,AMD,0
2021-04-27,AMZN,0
2021-04-27,AVGO,0
2021-04-27,GOOGL,0
2021-04-27,META,0
2021-04-27,MSFT,0
2021-04-27,NFLX,0
2021-04-27,NVDA,0
2021-04-27,SPY,0
2021-04-27,TSLA,0
2021-04-28,AAPL,0
2021-04-28,AMD,0
2021-04-28,AMZN,0
2021-04-28,AVGO,0
2021-04-28,GOOGL,0
2021-04-28,META,0
2021-04-28,MSFT,0
2021-04-28,NFLX,0
2021-04-28,NVDA,0
2021-04-28,SPY,0
2021-04-28,TSLA,0
2021-04-29,AAPL,0
2021-04-29,AMD,0
2021-04-29,AMZN,0
2021-04-29,AVGO,0
2021-04-29,GOOGL,0
2021-04-29,META,0
2021-04-29,MSFT,0
2021-04-29,NFLX,0
2021-04-29,NVDA,0
2021-04-29,SPY,0
2021-04-29,TSLA,1
2021-04-30,AAPL,0
2021-04-30,AMD,0
2021-04-30,AMZN,0
2021-04-30,AVGO,0
2021-04-30,GOOGL,0
2021-04-30,META,0
2021-04-30,MSFT,0
2021-04-30,NFLX,0
2021-04-30,NVDA,0
2021-04-30,SPY,0
2021-04-30,TSLA,0
2021-05-03,AAPL,0
2021-05-03,AMD,0
2021-05-03,AMZN,0
2021-05-03,AVGO,0
2021-05-03,GOOGL,0
2021-05-03,META,0
2021-05-03,MSFT,0
2021-05-03,NFLX,0
2021-05-03,NVDA,0
2021-05-03,SPY,0
2021-05-03,TSLA,1
2021-05-04,AAPL,0
2021-05-04,AMD,0
2021-05-04,AMZN,0
2021-05-04,AVGO,0
2021-05-04,GOOGL,0
2021-05-04,META,0
2021-05-04,MSFT,0
2021-05-04,NFLX,1
2021-05-04,NVDA,1
2021-05-04,SPY,0
2021-05-04,TSLA,1
2021-05-05,AAPL,0
2021-05-05,AMD,0
2021-05-05,AMZN,0
2021-05-05,AVGO,0
2021-05-05,GOOGL,0
2021-05-05,META,0
2021-05-05,MSFT,0
2021-05-05,NFLX,1
2021-05-05,NVDA,1
2021-05-05,SPY,0
2021-05-05,TSLA,1
2021-05-06,AAPL,0
2021-05-06,AMD,0
2021-05-06,AMZN,0
2021-05-06,AVGO,0
2021-05-06,GOOGL,0
2021-05-06,META,0
2021-05-06,MSFT,0
2021-05-06,NFLX,1
2021-05-06,NVDA,1
2021-05-06,SPY,0
2021-05-06,TSLA,1
2021-05-07,AAPL,0
2021-05-07,AMD,0
2021-05-07,AMZN,0
2021-05-07,AVGO,0
2021-05-07,GOOGL,0
2021-05-07,META,0
2021-05-07,MSFT,0
2021-05-07,NFLX,1
2021-05-07,NVDA,0
2021-05-07,SPY,0
2021-05-07,TSLA,1
2021-05-10,AAPL,0
2021-05-10,AMD,1
2021-05-10,AMZN,0
2021-05-10,AVGO,1
2021-05-10,GOOGL,0
2021-05-10,META,0
2021-05-10,MSFT,0
2021-05-10,NFLX,1
2021-05-10,NVDA,1
2021-05-10,SPY,0
2021-05-10,TSLA,1
2021-05-11,AAPL,0
2021-05-11,AMD,1
2021-05-11,AMZN,0
2021-05-11,AVGO,0
2021-05-11,GOOGL,0
2021-05-11,META,0
2021-05-11,MSFT,0
2021-05-11,NFLX,1
2021-05-11,NVDA,1
2021-05-11,SPY,0
2021-05-11,TSLA,1
2021-05-12,AAPL,0
2021-05-12,AMD,1
2021-05-12,AMZN,1
2021-05-12,AVGO,1
2021-05-12,GOOGL,0
2021-05-12,META,0
2021-05-12,MSFT,0
2021-05-12,NFLX,1
2021-05-12,NVDA,1
2021-05-12,SPY,0
2021-05-12,TSLA,1
2021-05-13,AAPL,0
2021-05-13,AMD,1
2021-05-13,AMZN,0
2021-05-13,AVGO,0
2021-05-13,GOOGL,0
2021-05-13,META,0
2021-05-13,MSFT,0
2021-05-13,NFLX,1
2021-05-13,NVDA,1
2021-05-13,SPY,0
2021-05-13,TSLA,1
2021-05-14,AAPL,0
2021-05-14,AMD,1
2021-05-14,AMZN,0
2021-05-14,AVGO,0
2021-05-14,GOOGL,0
2021-05-14,META,0
2021-05-14,MSFT,0
2021-05-14,NFLX,1
2021-05-14,NVDA,0
2021-05-14,SPY,0
2021-05-14,TSLA,1
2021-05-17,AAPL,0
2021-05-17,AMD,1
2021-05-17,AMZN,0
2021-05-17,AVGO,0
2021-05-17,GOOGL,0
2021-05-17,META,0
2021-05-17,MSFT,0
2021-05-17,NFLX,0
2021-05-17,NVDA,0
2021-05-17,SPY,0
2021-05-17,TSLA,1
2021-05-18,AAPL,0
2021-05-18,AMD,1
2021-05-18,AMZN,0
2021-05-18,AVGO,0
2021-05-18,GOOGL,0
2021-05-18,META,0
2021-05-18,MSFT,0
2021-05-18,NFLX,0
2021-05-18,NVDA,1
2021-05-18,SPY,0
2021-05-18,TSLA,1
2021-05-19,AAPL,0
2021-05-19,AMD,1
2021-05-19,AMZN,0
2021-05-19,AVGO,0
2021-05-19,GOOGL,0
2021-05-19,META,0
2021-05-19,MSFT,0
2021-05-19,NFLX,0
2021-05-19,NVDA,1
2021-05-19,SPY,0
2021-05-19,TSLA,1
2021-05-20,AAPL,0
2021-05-20,AMD,0
2021-05-20,AMZN,0
2021-05-20,AVGO,0
2021-05-20,GOOGL,0
2021-05-20,META,0
2021-05-20,MSFT,0
2021-05-20,NFLX,0
2021-05-20,NVDA,0
2021-05-20,SPY,0
2021-05-20,TSLA,1
2021-05-21,AAPL,0
2021-05-21,AMD,1
2021-05-21,AMZN,0
2021-05-21,AVGO,0
2021-05-21,GOOGL,0
2021-05-21,META,0
2021-05-21,MSFT,0
2021-05-21,NFLX,0
2021-05-21,NVDA,0
2021-05-21,SPY,0
2021-05-21,TSLA,1
2021-05-24,AAPL,0
2021-05-24,AMD,0
2021-05-24,AMZN,0
2021-05-24,AVGO,0
2021-05-24,GOOGL,0
2021-05-24,META,0
2021-05-24,MSFT,0
2021-05-24,NFLX,0
2021-05-24,NVDA,0
2021-05-24,SPY,0
2021-05-24,TSLA,1
2021-05-25,AAPL,0
2021-05-25,AMD,0
2021-05-25,AMZN,0
2021-05-25,AVGO,0
2021-05-25,GOOGL,0
2021-05-25,META,0
2021-05-25,MSFT,0
2021-05-25,NFLX,0
2021-05-25,NVDA,0
2021-05-25,SPY,0
2021-05-25,TSLA,1
2021-05-26,AAPL,0
2021-05-26,AMD,0
2021-05-26,AMZN,0
2021-05-26,AVGO,0
2021-05-26,GOOGL,0
2021-05-26,META,0
2021-05-26,MSFT,0
2021-05-26,NFLX,0
2021-05-26,NVDA,0
2021-05-26,SPY,0
2021-05-26,TSLA,1
2021-05-27,AAPL,0
2021-05-27,AMD,0
2021-05-27,AMZN,0
2021-05-27,AVGO,0
2021-05-27,GOOGL,0
2021-05-27,META,0
2021-05-27,MSFT,0
2021-05-27,NFLX,0
2021-05-27,NVDA,0
2021-05-27,SPY,0
2021-05-27,TSLA,0
2021-05-28,AAPL,0
2021-05-28,AMD,0
2021-05-28,AMZN,0
2021-05-28,AVGO,0
2021-05-28,GOOGL,0
2021-05-28,META,0
2021-05-28,MSFT,0
2021-05-28,NFLX,0
2021-05-28,NVDA,0
2021-05-28,SPY,0
2021-05-28,TSLA,0
2021-06-01,AAPL,0
2021-06-01,AMD,0
2021-06-01,AMZN,0
2021-06-01,AVGO,0
2021-06-01,GOOGL,0
2021-06-01,META,0
2021-06-01,MSFT,0
2021-06-01,NFLX,0
2021-06-01,NVDA,0
2021-06-01,SPY,0
2021-06-01,TSLA,0
2021-06-02,AAPL,0
2021-06-02,AMD,0
2021-06-02,AMZN,0
2021-06-02,AVGO,0
2021-06-02,GOOGL,0
2021-06-02,META,0
2021-06-02,MSFT,0
2021-06-02,NFLX,0
2021-06-02,NVDA,0
2021-06-02,SPY,0
2021-06-02,TSLA,1
2021-06-03,AAPL,0
2021-06-03,AMD,0
2021-06-03,AMZN,0
2021-06-03,AVGO,0
2021-06-03,GOOGL,0
2021-06-03,META,0
2021-06-03,MSFT,0
2021-06-03,NFLX,0
2021-06-03,NVDA,0
2021-06-03,SPY,0
2021-06-03,TSLA,1
2021-06-04,AAPL,0
2021-06-04,AMD,0
2021-06-04,AMZN,0
2021-06-04,AVGO,0
2021-06-04,GOOGL,0
2021-06-04,META,0
2021-06-04,MSFT,0
2021-06-04,NFLX,0
2021-06-04,NVDA,0
2021-06-04,SPY,0
2021-06-04,TSLA,0
2021-06-07,AAPL,0
2021-06-07,AMD,0
2021-06-07,AMZN,0
2021-06-07,AVGO,0
2021-06-07,GOOGL,0
2021-06-07,META,0
2021-06-07,MSFT,0
2021-06-07,NFLX,0
2021-06-07,NVDA,0
2021-06-07,SPY,0
2021-06-07,TSLA,0
2021-06-08,AAPL,0
2021-06-08,AMD,0
2021-06-08,AMZN,0
2021-06-08,AVGO,0
2021-06-08,GOOGL,0
2021-06-08,META,0
2021-06-08,MSFT,0
2021-06-08,NFLX,0
2021-06-08,NVDA,0
2021-06-08,SPY,0
2021-06-08,TSLA,0
2021-06-09,AAPL,0
2021-06-09,AMD,0
2021-06-09,AMZN,0
2021-06-09,AVGO,0
2021-06-09,GOOGL,0
2021-06-09,META,0
2021-06-09,MSFT,0
2021-06-09,NFLX,0
2021-06-09,NVDA,0
2021-06-09,SPY,0
2021-06-09,TSLA,0
2021-06-10,AAPL,0
2021-06-10,AMD,0
2021-06-10,AMZN,0
2021-06-10,AVGO,0
2021-06-10,GOOGL,0
2021-06-10,META,0
2021-06-10,MSFT,0
2021-06-10,NFLX,0
2021-06-10,NVDA,0
2021-06-10,SPY,0
2021-06-10,TSLA,0
2021-06-11,AAPL,0
2021-06-11,AMD,0
2021-06-11,AMZN,0
2021-06-11,AVGO,0
2021-06-11,GOOGL,0
2021-06-11,META,0
2021-06-11,MSFT,0
2021-06-11,NFLX,0
2021-06-11,NVDA,0
2021-06-11,SPY,0
2021-06-11,TSLA,0
2021-06-14,AAPL,0
2021-06-14,AMD,0
2021-06-14,AMZN,0
2021-06-14,AVGO,0
2021-06-14,GOOGL,0
2021-06-14,META,0
2021-06-14,MSFT,0
2021-06-14,NFLX,0
2021-06-14,NVDA,0
2021-06-14,SPY,0
2021-06-14,TSLA,0
2021-06-15,AAPL,0
2021-06-15,AMD,0
2021-06-15,AMZN,0
2021-06-15,AVGO,0
2021-06-15,GOOGL,0
2021-06-15,META,0
2021-06-15,MSFT,0
2021-06-15,NFLX,0
2021-06-15,NVDA,0
2021-06-15,SPY,0
2021-06-15,TSLA,0
2021-06-16,AAPL,0
2021-06-16,AMD,0
2021-06-16,AMZN,0
2021-06-16,AVGO,0
2021-06-16,GOOGL,0
2021-06-16,META,0
2021-06-16,MSFT,0
2021-06-16,NFLX,0
2021-06-16,NVDA,0
2021-06-16,SPY,0
2021-06-16,TSLA,0
2021-06-17,AAPL,0
2021-06-17,AMD,0
2021-06-17,AMZN,0
2021-06-17,AVGO,0
2021-06-17,GOOGL,0
2021-06-17,META,0
2021-06-17,MSFT,0
2021-06-17,NFLX,0
2021-06-17,NVDA,0
2021-06-17,SPY,0
2021-06-17,TSLA,0
2021-06-18,AAPL,0
2021-06-18,AMD,0
2021-06-18,AMZN,0
2021-06-18,AVGO,0
2021-06-18,GOOGL,0
2021-06-18,META,0
2021-06-18,MSFT,0
2021-06-18,NFLX,0
2021-06-18,NVDA,0
2021-06-18,SPY,0
2021-06-18,TSLA,0
2021-06-21,AAPL,0
2021-06-21,AMD,0
2021-06-21,AMZN,0
2021-06-21,AVGO,0
2021-06-21,GOOGL,0
2021-06-21,META,0
2021-06-21,MSFT,0
2021-06-21,NFLX,0
2021-06-21,NVDA,0
2021-06-21,SPY,0
2021-06-21,TSLA,0
2021-06-22,AAPL,0
2021-06-22,AMD,0
2021-06-22,AMZN,0
2021-06-22,AVGO,0
2021-06-22,GOOGL,0
2021-06-22,META,0
2021-06-22,MSFT,0
2021-06-22,NFLX,0
2021-06-22,NVDA,0
2021-06-22,SPY,0
2021-06-22,TSLA,0
2021-06-23,AAPL,0
2021-06-23,AMD,0
2021-06-23,AMZN,0
2021-06-23,AVGO,0
2021-06-23,GOOGL,0
2021-06-23,META,0
2021-06-23,MSFT,0
2021-06-23,NFLX,0
2021-06-23,NVDA,0
2021-06-23,SPY,0
2021-06-23,TSLA,0
2021-06-24,AAPL,0
2021-06-24,AMD,0
2021-06-24,AMZN,0
2021-06-24,AVGO,0
2021-06-24,GOOGL,0
2021-06-24,META,0
2021-06-24,MSFT,0
2021-06-24,NFLX,0
2021-06-24,NVDA,0
2021-06-24,SPY,0
2021-06-24,TSLA,0
2021-06-25,AAPL,0
2021-06-25,AMD,0
2021-06-25,AMZN,0
2021-06-25,AVGO,0
2021-06-25,GOOGL,0
2021-06-25,META,0
2021-06-25,MSFT,0
2021-06-25,NFLX,0
2021-06-25,NVDA,0
2021-06-25,SPY,0
2021-06-25,TSLA,0
2021-06-28,AAPL,0
2021-06-28,AMD,0
2021-06-28,AMZN,0
2021-06-28,AVGO,0
2021-06-28,GOOGL,0
2021-06-28,META,0
2021-06-28,MSFT,0
2021-06-28,NFLX,0
2021-06-28,NVDA,0
2021-06-28,SPY,0
2021-06-28,TSLA,0
2021-06-29,AAPL,0
2021-06-29,AMD,0
2021-06-29,AMZN,0
2021-06-29,AVGO,0
2021-06-29,GOOGL,0
2021-06-29,META,0
2021-06-29,MSFT,0
2021-06-29,NFLX,0
2021-06-29,NVDA,0
2021-06-29,SPY,0
2021-06-29,TSLA,0
2021-06-30,AAPL,0
2021-06-30,AMD,0
2021-06-30,AMZN,0
2021-06-30,AVGO,0
2021-06-30,GOOGL,0
2021-06-30,META,0
2021-06-30,MSFT,0
2021-06-30,NFLX,0
2021-06-30,NVDA,0
2021-06-30,SPY,0
2021-06-30,TSLA,0
2021-07-01,AAPL,0
2021-07-01,AMD,0
2021-07-01,AMZN,0
2021-07-01,AVGO,0
2021-07-01,GOOGL,0
2021-07-01,META,0
2021-07-01,MSFT,0
2021-07-01,NFLX,0
2021-07-01,NVDA,0
2021-07-01,SPY,0
2021-07-01,TSLA,0
2021-07-02,AAPL,0
2021-07-02,AMD,0
2021-07-02,AMZN,0
2021-07-02,AVGO,0
2021-07-02,GOOGL,0
2021-07-02,META,0
2021-07-02,MSFT,0
2021-07-02,NFLX,0
2021-07-02,NVDA,0
2021-07-02,SPY,0
2021-07-02,TSLA,0
2021-07-06,AAPL,0
2021-07-06,AMD,0
2021-07-06,AMZN,0
2021-07-06,AVGO,0
2021-07-06,GOOGL,0
2021-07-06,META,0
2021-07-06,MSFT,0
2021-07-06,NFLX,0
2021-07-06,NVDA,0
2021-07-06,SPY,0
2021-07-06,TSLA,0
2021-07-07,AAPL,0
2021-07-07,AMD,0
2021-07-07,AMZN,0
2021-07-07,AVGO,0
2021-07-07,GOOGL,0
2021-07-07,META,0
2021-07-07,MSFT,0
2021-07-07,NFLX,0
2021-07-07,NVDA,0
2021-07-07,SPY,0
2021-07-07,TSLA,0
2021-07-08,AAPL,0
2021-07-08,AMD,0
2021-07-08,AMZN,0
2021-07-08,AVGO,0
2021-07-08,GOOGL,0
2021-07-08,META,0
2021-07-08,MSFT,0
2021-07-08,NFLX,0
2021-07-08,NVDA,0
2021-07-08,SPY,0
2021-07-08,TSLA,0
2021-07-09,AAPL,0
2021-07-09,AMD,0
2021-07-09,AMZN,0
2021-07-09,AVGO,0
2021-07-09,GOOGL,0
2021-07-09,META,0
2021-07-09,MSFT,0
2021-07-09,NFLX,0
2021-07-09,NVDA,0
2021-07-09,SPY,0
2021-07-09,TSLA,0
2021-07-12,AAPL,0
2021-07-12,AMD,0
2021-07-12,AMZN,0
2021-07-12,AVGO,0
2021-07-12,GOOGL,0
2021-07-12,META,0
2021-07-12,MSFT,0
2021-07-12,NFLX,0
2021-07-12,NVDA,0
2021-07-12,SPY,0
2021-07-12,TSLA,0
2021-07-13,AAPL,0
2021-07-13,AMD,0
2021-07-13,AMZN,0
2021-07-13,AVGO,0
2021-07-13,GOOGL,0
2021-07-13,META,0
2021-07-13,MSFT,0
2021-07-13,NFLX,0
2021-07-13,NVDA,0
2021-07-13,SPY,0
2021-07-13,TSLA,0
2021-07-14,AAPL,0
2021-07-14,AMD,0
2021-07-14,AMZN,0
2021-07-14,AVGO,0
2021-07-14,GOOGL,0
2021-07-14,META,0
2021-07-14,MSFT,0
2021-07-14,NFLX,0
2021-07-14,NVDA,0
2021-07-14,SPY,0
2021-07-14,TSLA,0
2021-07-15,AAPL,0
2021-07-15,AMD,0
2021-07-15,AMZN,0
2021-07-15,AVGO,0
2021-07-15,GOOGL,0
2021-07-15,META,0
2021-07-15,MSFT,0
2021-07-15,NFLX,0
2021-07-15,NVDA,0
2021-07-15,SPY,0
2021-07-15,TSLA,0
2021-07-16,AAPL,0
2021-07-16,AMD,1
2021-07-16,AMZN,0
2021-07-16,AVGO,0
2021-07-16,GOOGL,0
2021-07-16,META,0
2021-07-16,MSFT,0
2021-07-16,NFLX,0
2021-07-16,NVDA,1
2021-07-16,SPY,0
2021-07-16,TSLA,0
2021-07-19,AAPL,0
2021-07-19,AMD,0
2021-07-19,AMZN,0
2021-07-19,AVGO,0
2021-07-19,GOOGL,0
2021-07-19,META,0
2021-07-19,MSFT,0
2021-07-19,NFLX,0
2021-07-19,NVDA,1
2021-07-19,SPY,0
2021-07-19,TSLA,0
2021-07-20,AAPL,0
2021-07-20,AMD,0
2021-07-20,AMZN,0
2021-07-20,AVGO,0
2021-07-20,GOOGL,0
2021-07-20,META,0
2021-07-20,MSFT,0
2021-07-20,NFLX,0
2021-07-20,NVDA,1
2021-07-20,SPY,0
2021-07-20,TSLA,0
2021-07-21,AAPL,0
2021-07-21,AMD,0
2021-07-21,AMZN,0
2021-07-21,AVGO,0
2021-07-21,GOOGL,0
2021-07-21,META,0
2021-07-21,MSFT,0
2021-07-21,NFLX,0
2021-07-21,NVDA,0
2021-07-21,SPY,0
2021-07-21,TSLA,0
2021-07-22,AAPL,0
2021-07-22,AMD,0
2021-07-22,AMZN,0
2021-07-22,AVGO,0
2021-07-22,GOOGL,0
2021-07-22,META,0
2021-07-22,MSFT,0
2021-07-22,NFLX,0
2021-07-22,NVDA,0
2021-07-22,SPY,0
2021-07-22,TSLA,0
2021-07-23,AAPL,0
2021-07-23,AMD,0
2021-07-23,AMZN,0
2021-07-23,AVGO,0
2021-07-23,GOOGL,0
2021-07-23,META,0
2021-07-23,MSFT,0
2021-07-23,NFLX,0
2021-07-23,NVDA,0
2021-07-23,SPY,0
2021-07-23,TSLA,0
2021-07-26,AAPL,0
2021-07-26,AMD,0
2021-07-26,AMZN,0
2021-07-26,AVGO,0
2021-07-26,GOOGL,0
2021-07-26,META,0
2021-07-26,MSFT,0
2021-07-26,NFLX,0
2021-07-26,NVDA,0
2021-07-26,SPY,0
2021-07-26,TSLA,0
2021-07-27,AAPL,0
2021-07-27,AMD,0
2021-07-27,AMZN,0
2021-07-27,AVGO,0
2021-07-27,GOOGL,0
2021-07-27,META,0
2021-07-27,MSFT,0
2021-07-27,NFLX,0
2021-07-27,NVDA,0
2021-07-27,SPY,0
2021-07-27,TSLA,0
2021-07-28,AAPL,0
2021-07-28,AMD,0
2021-07-28,AMZN,0
2021-07-28,AVGO,0
2021-07-28,GOOGL,0
2021-07-28,META,0
2021-07-28,MSFT,0
2021-07-28,NFLX,0
2021-07-28,NVDA,0
2021-07-28,SPY,0
2021-07-28,TSLA,0
2021-07-29,AAPL,0
2021-07-29,AMD,0
2021-07-29,AMZN,0
2021-07-29,AVGO,0
2021-07-29,GOOGL,0
2021-07-29,META,0
2021-07-29,MSFT,0
2021-07-29,NFLX,0
2021-07-29,NVDA,0
2021-07-29,SPY,0
2021-07-29,TSLA,0
2021-07-30,AAPL,0
2021-07-30,AMD,0
2021-07-30,AMZN,1
2021-07-30,AVGO,0
2021-07-30,GOOGL,0
2021-07-30,META,0
2021-07-30,MSFT,0
2021-07-30,NFLX,0
2021-07-30,NVDA,0
2021-07-30,SPY,0
2021-07-30,TSLA,0
2021-08-02,AAPL,0
2021-08-02,AMD,0
2021-08-02,AMZN,1
2021-08-02,AVGO,0
2021-08-02,GOOGL,0
2021-08-02,META,0
2021-08-02,MSFT,0
2021-08-02,NFLX,0
2021-08-02,NVDA,0
2021-08-02,SPY,0
2021-08-02,TSLA,0
2021-08-03,AAPL,0
2021-08-03,AMD,0
2021-08-03,AMZN,1
2021-08-03,AVGO,0
2021-08-03,GOOGL,0
2021-08-03,META,0
2021-08-03,MSFT,0
2021-08-03,NFLX,0
2021-08-03,NVDA,0
2021-08-03,SPY,0
2021-08-03,TSLA,0
2021-08-04,AAPL,0
2021-08-04,AMD,0
2021-08-04,AMZN,1
2021-08-04,AVGO,0
2021-08-04,GOOGL,0
2021-08-04,META,0
2021-08-04,MSFT,0
2021-08-04,NFLX,0
2021-08-04,NVDA,0
2021-08-04,SPY,0
2021-08-04,TSLA,0
2021-08-05,AAPL,0
2021-08-05,AMD,0
2021-08-05,AMZN,1
2021-08-05,AVGO,0
2021-08-05,GOOGL,0
2021-08-05,META,0
2021-08-05,MSFT,0
2021-08-05,NFLX,0
2021-08-05,NVDA,0
2021-08-05,SPY,0
2021-08-05,TSLA,0
2021-08-06,AAPL,0
2021-08-06,AMD,0
2021-08-06,AMZN,1
2021-08-06,AVGO,0
2021-08-06,GOOGL,0
2021-08-06,META,0
2021-08-06,MSFT,0
2021-08-06,NFLX,0
2021-08-06,NVDA,0
2021-08-06,SPY,0
2021-08-06,TSLA,0
2021-08-09,AAPL,0
2021-08-09,AMD,0
2021-08-09,AMZN,1
2021-08-09,AVGO,0
2021-08-09,GOOGL,0
2021-08-09,META,0
2021-08-09,MSFT,0
2021-08-09,NFLX,0
2021-08-09,NVDA,0
2021-08-09,SPY,0
2021-08-09,TSLA,0
2021-08-10,AAPL,0
2021-08-10,AMD,0
2021-08-10,AMZN,1
2021-08-10,AVGO,0
2021-08-10,GOOGL,0
2021-08-10,META,0
2021-08-10,MSFT,0
2021-08-10,NFLX,0
2021-08-10,NVDA,0
2021-08-10,SPY,0
2021-08-10,TSLA,0
2021-08-11,AAPL,0
2021-08-11,AMD,0
2021-08-11,AMZN,1
2021-08-11,AVGO,0
2021-08-11,GOOGL,0
2021-08-11,META,0
2021-08-11,MSFT,0
2021-08-11,NFLX,0
2021-08-11,NVDA,0
2021-08-11,SPY,0
2021-08-11,TSLA,0
2021-08-12,AAPL,0
2021-08-12,AMD,0
2021-08-12,AMZN,1
2021-08-12,AVGO,0
2021-08-12,GOOGL,0
2021-08-12,META,0
2021-08-12,MSFT,0
2021-08-12,NFLX,0
2021-08-12,NVDA,0
2021-08-12,SPY,0
2021-08-12,TSLA,0
2021-08-13,AAPL,0
2021-08-13,AMD,0
2021-08-13,AMZN,1
2021-08-13,AVGO,0
2021-08-13,GOOGL,0
2021-08-13,META,0
2021-08-13,MSFT,0
2021-08-13,NFLX,0
2021-08-13,NVDA,0
2021-08-13,SPY,0
2021-08-13,TSLA,0
2021-08-16,AAPL,0
2021-08-16,AMD,0
2021-08-16,AMZN,1
2021-08-16,AVGO,0
2021-08-16,GOOGL,0
2021-08-16,META,0
2021-08-16,MSFT,0
2021-08-16,NFLX,0
2021-08-16,NVDA,0
2021-08-16,SPY,0
2021-08-16,TSLA,0
2021-08-17,AAPL,0
2021-08-17,AMD,0
2021-08-17,AMZN,1
2021-08-17,AVGO,0
2021-08-17,GOOGL,0
2021-08-17,META,0
2021-08-17,MSFT,0
2021-08-17,NFLX,0
2021-08-17,NVDA,0
2021-08-17,SPY,0
2021-08-17,TSLA,0
2021-08-18,AAPL,0
2021-08-18,AMD,1
2021-08-18,AMZN,1
2021-08-18,AVGO,0
2021-08-18,GOOGL,0
2021-08-18,META,0
2021-08-18,MSFT,0
2021-08-18,NFLX,0
2021-08-18,NVDA,0
2021-08-18,SPY,0
2021-08-18,TSLA,0
2021-08-19,AAPL,0
2021-08-19,AMD,1
2021-08-19,AMZN,1
2021-08-19,AVGO,0
2021-08-19,GOOGL,0
2021-08-19,META,0
2021-08-19,MSFT,0
2021-08-19,NFLX,0
2021-08-19,NVDA,0
2021-08-19,SPY,0
2021-08-19,TSLA,0
2021-08-20,AAPL,0
2021-08-20,AMD,1
2021-08-20,AMZN,1
2021-08-20,AVGO,0
2021-08-20,GOOGL,0
2021-08-20,META,0
2021-08-20,MSFT,0
2021-08-20,NFLX,0
2021-08-20,NVDA,0
2021-08-20,SPY,0
2021-08-20,TSLA,0
2021-08-23,AAPL,0
2021-08-23,AMD,0
2021-08-23,AMZN,1
2021-08-23,AVGO,0
2021-08-23,GOOGL,0
2021-08-23,META,0
2021-08-23,MSFT,0
2021-08-23,NFLX,0
2021-08-23,NVDA,0
2021-08-23,SPY,0
2021-08-23,TSLA,0
2021-08-24,AAPL,0
2021-08-24,AMD,1
2021-08-24,AMZN,0
2021-08-24,AVGO,0
2021-08-24,GOOGL,0
2021-08-24,META,0
2021-08-24,MSFT,0
2021-08-24,NFLX,0
2021-08-24,NVDA,0
2021-08-24,SPY,0
2021-08-24,TSLA,0
2021-08-25,AAPL,0
2021-08-25,AMD,0
2021-08-25,AMZN,0
2021-08-25,AVGO,0
2021-08-25,GOOGL,0
2021-08-25,META,0
2021-08-25,MSFT,0
2021-08-25,NFLX,0
2021-08-25,NVDA,0
2021-08-25,SPY,0
2021-08-25,TSLA,0
2021-08-26,AAPL,0
2021-08-26,AMD,1
2021-08-26,AMZN,0
2021-08-26,AVGO,0
2021-08-26,GOOGL,0
2021-08-26,META,0
2021-08-26,MSFT,0
2021-08-26,NFLX,0
2021-08-26,NVDA,0
2021-08-26,SPY,0
2021-08-26,TSLA,0
2021-08-27,AAPL,0
2021-08-27,AMD,0
2021-08-27,AMZN,0
2021-08-27,AVGO,0
2021-08-27,GOOGL,0
2021-08-27,META,0
2021-08-27,MSFT,0
2021-08-27,NFLX,0
2021-08-27,NVDA,0
2021-08-27,SPY,0
2021-08-27,TSLA,0
2021-08-30,AAPL,0
2021-08-30,AMD,0
2021-08-30,AMZN,0
2021-08-30,AVGO,0
2021-08-30,GOOGL,0
2021-08-30,META,0
2021-08-30,MSFT,0
2021-08-30,NFLX,0
2021-08-30,NVDA,0
2021-08-30,SPY,0
2021-08-30,TSLA,0
2021-08-31,AAPL,0
2021-08-31,AMD,0
2021-08-31,AMZN,0
2021-08-31,AVGO,0
2021-08-31,GOOGL,0
2021-08-31,META,0
2021-08-31,MSFT,0
2021-08-31,NFLX,0
2021-08-31,NVDA,0
2021-08-31,SPY,0
2021-08-31,TSLA,0
2021-09-01,AAPL,0
2021-09-01,AMD,0
2021-09-01,AMZN,0
2021-09-01,AVGO,0
2021-09-01,GOOGL,0
2021-09-01,META,0
2021-09-01,MSFT,0
2021-09-01,NFLX,0
2021-09-01,NVDA,0
2021-09-01,SPY,0
2021-09-01,TSLA,0
2021-09-02,AAPL,0
2021-09-02,AMD,0
2021-09-02,AMZN,0
2021-09-02,AVGO,0
2021-09-02,GOOGL,0
2021-09-02,META,0
2021-09-02,MSFT,0
2021-09-02,NFLX,0
2021-09-02,NVDA,0
2021-09-02,SPY,0
2021-09-02,TSLA,0
2021-09-03,AAPL,0
2021-09-03,AMD,0
2021-09-03,AMZN,0
2021-09-03,AVGO,0
2021-09-03,GOOGL,0
2021-09-03,META,0
2021-09-03,MSFT,0
2021-09-03,NFLX,0
2021-09-03,NVDA,0
2021-09-03,SPY,0
2021-09-03,TSLA,0
2021-09-07,AAPL,0
2021-09-07,AMD,0
2021-09-07,AMZN,0
2021-09-07,AVGO,0
2021-09-07,GOOGL,0
2021-09-07,META,0
2021-09-07,MSFT,0
2021-09-07,NFLX,0
2021-09-07,NVDA,0
2021-09-07,SPY,0
2021-09-07,TSLA,0
2021-09-08,AAPL,0
2021-09-08,AMD,0
2021-09-08,AMZN,0
2021-09-08,AVGO,0
2021-09-08,GOOGL,0
2021-09-08,META,0
2021-09-08,MSFT,0
2021-09-08,NFLX,0
2021-09-08,NVDA,0
2021-09-08,SPY,0
2021-09-08,TSLA,0
2021-09-09,AAPL,0
2021-09-09,AMD,0
2021-09-09,AMZN,0
2021-09-09,AVGO,0
2021-09-09,GOOGL,0
2021-09-09,META,0
2021-09-09,MSFT,0
2021-09-09,NFLX,0
2021-09-09,NVDA,0
2021-09-09,SPY,0
2021-09-09,TSLA,0
2021-09-10,AAPL,0
2021-09-10,AMD,0
2021-09-10,AMZN,0
2021-09-10,AVGO,0
2021-09-10,GOOGL,0
2021-09-10,META,0
2021-09-10,MSFT,0
2021-09-10,NFLX,0
2021-09-10,NVDA,0
2021-09-10,SPY,0
2021-09-10,TSLA,0
2021-09-13,AAPL,0
2021-09-13,AMD,0
2021-09-13,AMZN,0
2021-09-13,AVGO,0
2021-09-13,GOOGL,0
2021-09-13,META,0
2021-09-13,MSFT,0
2021-09-13,NFLX,0
2021-09-13,NVDA,0
2021-09-13,SPY,0
2021-09-13,TSLA,0
2021-09-14,AAPL,0
2021-09-14,AMD,0
2021-09-14,AMZN,0
2021-09-14,AVGO,0
2021-09-14,GOOGL,0
2021-09-14,META,0
2021-09-14,MSFT,0
2021-09-14,NFLX,0
2021-09-14,NVDA,0
2021-09-14,SPY,0
2021-09-14,TSLA,0
2021-09-15,AAPL,0
2021-09-15,AMD,0
2021-09-15,AMZN,0
2021-09-15,AVGO,0
2021-09-15,GOOGL,0
2021-09-15,META,0
2021-09-15,MSFT,0
2021-09-15,NFLX,0
2021-09-15,NVDA,0
2021-09-15,SPY,0
2021-09-15,TSLA,0
2021-09-16,AAPL,0
2021-09-16,AMD,0
2021-09-16,AMZN,0
2021-09-16,AVGO,0
2021-09-16,GOOGL,0
2021-09-16,META,0
2021-09-16,MSFT,0
2021-09-16,NFLX,0
2021-09-16,NVDA,0
2021-09-16,SPY,0
2021-09-16,TSLA,0
2021-09-17,AAPL,0
2021-09-17,AMD,0
2021-09-17,AMZN,0
2021-09-17,AVGO,0
2021-09-17,GOOGL,0
2021-09-17,META,0
2021-09-17,MSFT,0
2021-09-17,NFLX,0
2021-09-17,NVDA,0
2021-09-17,SPY,0
2021-09-17,TSLA,0
2021-09-20,AAPL,0
2021-09-20,AMD,0
2021-09-20,AMZN,0
2021-09-20,AVGO,0
2021-09-20,GOOGL,0
2021-09-20,META,0
2021-09-20,MSFT,0
2021-09-20,NFLX,0
2021-09-20,NVDA,0
2021-09-20,SPY,0
2021-09-20,TSLA,0
2021-09-21,AAPL,0
2021-09-21,AMD,0
2021-09-21,AMZN,0
2021-09-21,AVGO,0
2021-09-21,GOOGL,0
2021-09-21,META,0
2021-09-21,MSFT,0
2021-09-21,NFLX,0
2021-09-21,NVDA,0
2021-09-21,SPY,0
2021-09-21,TSLA,0
2021-09-22,AAPL,0
2021-09-22,AMD,0
2021-09-22,AMZN,0
2021-09-22,AVGO,0
2021-09-22,GOOGL,0
2021-09-22,META,1
2021-09-22,MSFT,0
2021-09-22,NFLX,0
2021-09-22,NVDA,0
2021-09-22,SPY,0
2021-09-22,TSLA,0
2021-09-23,AAPL,0
2021-09-23,AMD,0
2021-09-23,AMZN,0
2021-09-23,AVGO,0
2021-09-23,GOOGL,0
2021-09-23,META,1
2021-09-23,MSFT,0
2021-09-23,NFLX,0
2021-09-23,NVDA,0
2021-09-23,SPY,0
2021-09-23,TSLA,0
2021-09-24,AAPL,0
2021-09-24,AMD,0
2021-09-24,AMZN,0
2021-09-24,AVGO,0
2021-09-24,GOOGL,0
2021-09-24,META,0
2021-09-24,MSFT,0
2021-09-24,NFLX,0
2021-09-24,NVDA,0
2021-09-24,SPY,0
2021-09-24,TSLA,0
2021-09-27,AAPL,0
2021-09-27,AMD,0
2021-09-27,AMZN,0
2021-09-27,AVGO,0
2021-09-27,GOOGL,0
2021-09-27,META,0
2021-09-27,MSFT,0
2021-09-27,NFLX,0
2021-09-27,NVDA,0
2021-09-27,SPY,0
2021-09-27,TSLA,0
2021-09-28,AAPL,1
2021-09-28,AMD,0
2021-09-28,AMZN,0
2021-09-28,AVGO,0
2021-09-28,GOOGL,0
2021-09-28,META,1
2021-09-28,MSFT,0
2021-09-28,NFLX,0
2021-09-28,NVDA,1
2021-09-28,SPY,0
2021-09-28,TSLA,0
2021-09-29,AAPL,0
2021-09-29,AMD,0
2021-09-29,AMZN,0
2021-09-29,AVGO,0
2021-09-29,GOOGL,0
2021-09-29,META,1
2021-09-29,MSFT,0
2021-09-29,NFLX,0
2021-09-29,NVDA,1
2021-09-29,SPY,0
2021-09-29,TSLA,0
2021-09-30,AAPL,1
2021-09-30,AMD,0
2021-09-30,AMZN,0
2021-09-30,AVGO,0
2021-09-30,GOOGL,0
2021-09-30,META,1
2021-09-30,MSFT,0
2021-09-30,NFLX,0
2021-09-30,NVDA,1
2021-09-30,SPY,0
2021-09-30,TSLA,0
2021-10-01,AAPL,0
2021-10-01,AMD,0
2021-10-01,AMZN,0
2021-10-01,AVGO,0
2021-10-01,GOOGL,0
2021-10-01,META,1
2021-10-01,MSFT,0
2021-10-01,NFLX,0
2021-10-01,NVDA,0
2021-10-01,SPY,0
2021-10-01,TSLA,0
2021-10-04,AAPL,1
2021-10-04,AMD,0
2021-10-04,AMZN,1
2021-10-04,AVGO,0
2021-10-04,GOOGL,0
2021-10-04,META,1
2021-10-04,MSFT,0
2021-10-04,NFLX,0
2021-10-04,NVDA,1
2021-10-04,SPY,0
2021-10-04,TSLA,0
2021-10-05,AAPL,0
2021-10-05,AMD,0
2021-10-05,AMZN,0
2021-10-05,AVGO,0
2021-10-05,GOOGL,0
2021-10-05,META,1
2021-10-05,MSFT,0
2021-10-05,NFLX,0
2021-10-05,NVDA,0
2021-10-05,SPY,0
2021-10-05,TSLA,0
2021-10-06,AAPL,0
2021-10-06,AMD,0
2021-10-06,AMZN,0
2021-10-06,AVGO,0
2021-10-06,GOOGL,0
2021-10-06,META,1
2021-10-06,MSFT,0
2021-10-06,NFLX,0
2021-10-06,NVDA,0
2021-10-06,SPY,0
2021-10-06,TSLA,0
2021-10-07,AAPL,0
2021-10-07,AMD,0
2021-10-07,AMZN,0
2021-10-07,AVGO,0
2021-10-07,GOOGL,0
2021-10-07,META,1
2021-10-07,MSFT,0
2021-10-07,NFLX,0
2021-10-07,NVDA,0
2021-10-07,SPY,0
2021-10-07,TSLA,0
2021-10-08,AAPL,0
2021-10-08,AMD,0
2021-10-08,AMZN,0
2021-10-08,AVGO,0
2021-10-08,GOOGL,0
2021-10-08,META,1
2021-10-08,MSFT,0
2021-10-08,NFLX,0
2021-10-08,NVDA,0
2021-10-08,SPY,0
2021-10-08,TSLA,0
2021-10-11,AAPL,0
2021-10-11,AMD,0
2021-10-11,AMZN,0
2021-10-11,AVGO,0
2021-10-11,GOOGL,0
2021-10-11,META,1
2021-10-11,MSFT,0
2021-10-11,NFLX,0
2021-10-11,NVDA,0
2021-10-11,SPY,0
2021-10-11,TSLA,0
2021-10-12,AAPL,0
2021-10-12,AMD,0
2021-10-12,AMZN,0
2021-10-12,AVGO,0
2021-10-12,GOOGL,0
2021-10-12,META,1
2021-10-12,MSFT,0
2021-10-12,NFLX,0
2021-10-12,NVDA,0
2021-10-12,SPY,0
2021-10-12,TSLA,0
2021-10-13,AAPL,0
2021-10-13,AMD,0
2021-10-13,AMZN,0
2021-10-13,AVGO,0
2021-10-13,GOOGL,0
2021-10-13,META,1
2021-10-13,MSFT,0
2021-10-13,NFLX,0
2021-10-13,NVDA,0
2021-10-13,SPY,0
2021-10-13,TSLA,0
2021-10-14,AAPL,0
2021-10-14,AMD,0
2021-10-14,AMZN,0
2021-10-14,AVGO,0
2021-10-14,GOOGL,0
2021-10-14,META,0
2021-10-14,MSFT,0
2021-10-14,NFLX,0
2021-10-14,NVDA,0
2021-10-14,SPY,0
2021-10-14,TSLA,0
2021-10-15,AAPL,0
2021-10-15,AMD,0
2021-10-15,AMZN,0
2021-10-15,AVGO,0
2021-10-15,GOOGL,0
2021-10-15,META,1
2021-10-15,MSFT,0
2021-10-15,NFLX,0
2021-10-15,NVDA,0
2021-10-15,SPY,0
2021-10-15,TSLA,0
2021-10-18,AAPL,0
2021-10-18,AMD,0
2021-10-18,AMZN,0
2021-10-18,AVGO,0
2021-10-18,GOOGL,0
2021-10-18,META,0
2021-10-18,MSFT,0
2021-10-18,NFLX,0
2021-10-18,NVDA,0
2021-10-18,SPY,0
2021-10-18,TSLA,0
2021-10-19,AAPL,0
2021-10-19,AMD,0
2021-10-19,AMZN,0
2021-10-19,AVGO,0
2021-10-19,GOOGL,0
2021-10-19,META,0
2021-10-19,MSFT,0
2021-10-19,NFLX,0
2021-10-19,NVDA,0
2021-10-19,SPY,0
2021-10-19,TSLA,0
2021-10-20,AAPL,0
2021-10-20,AMD,0
2021-10-20,AMZN,0
2021-10-20,AVGO,0
2021-10-20,GOOGL,0
2021-10-20,META,0
2021-10-20,MSFT,0
2021-10-20,NFLX,0
2021-10-20,NVDA,0
2021-10-20,SPY,0
2021-10-20,TSLA,0
2021-10-21,AAPL,0
2021-10-21,AMD,0
2021-10-21,AMZN,0
2021-10-21,AVGO,0
2021-10-21,GOOGL,0
2021-10-21,META,0
2021-10-21,MSFT,0
2021-10-21,NFLX,0
2021-10-21,NVDA,0
2021-10-21,SPY,0
2021-10-21,TSLA,0
2021-10-22,AAPL,0
2021-10-22,AMD,0
2021-10-22,AMZN,0
2021-10-22,AVGO,0
2021-10-22,GOOGL,0
2021-10-22,META,0
2021-10-22,MSFT,0
2021-10-22,NFLX,0
2021-10-22,NVDA,0
2021-10-22,SPY,0
2021-10-22,TSLA,1
2021-10-25,AAPL,0
2021-10-25,AMD,0
2021-10-25,AMZN,0
2021-10-25,AVGO,0
2021-10-25,GOOGL,0
2021-10-25,META,0
2021-10-25,MSFT,0
2021-10-25,NFLX,0
2021-10-25,NVDA,0
2021-10-25,SPY,0
2021-10-25,TSLA,0
2021-10-26,AAPL,0
2021-10-26,AMD,0
2021-10-26,AMZN,0
2021-10-26,AVGO,0
2021-10-26,GOOGL,0
2021-10-26,META,0
2021-10-26,MSFT,0
2021-10-26,NFLX,0
2021-10-26,NVDA,0
2021-10-26,SPY,0
2021-10-26,TSLA,0
2021-10-27,AAPL,0
2021-10-27,AMD,0
2021-10-27,AMZN,0
2021-10-27,AVGO,0
2021-10-27,GOOGL,0
2021-10-27,META,0
2021-10-27,MSFT,0
2021-10-27,NFLX,0
2021-10-27,NVDA,0
2021-10-27,SPY,0
2021-10-27,TSLA,0
2021-10-28,AAPL,0
2021-10-28,AMD,0
2021-10-28,AMZN,0
2021-10-28,AVGO,0
2021-10-28,GOOGL,0
2021-10-28,META,0
2021-10-28,MSFT,0
2021-10-28,NFLX,0
2021-10-28,NVDA,0
2021-10-28,SPY,0
2021-10-28,TSLA,0
2021-10-29,AAPL,0
2021-10-29,AMD,0
2021-10-29,AMZN,0
2021-10-29,AVGO,0
2021-10-29,GOOGL,0
2021-10-29,META,0
2021-10-29,MSFT,0
2021-10-29,NFLX,0
2021-10-29,NVDA,0
2021-10-29,SPY,0
2021-10-29,TSLA,0
2021-11-01,AAPL,0
2021-11-01,AMD,0
2021-11-01,AMZN,0
2021-11-01,AVGO,0
2021-11-01,GOOGL,0
2021-11-01,META,0
2021-11-01,MSFT,0
2021-11-01,NFLX,0
2021-11-01,NVDA,0
2021-11-01,SPY,0
2021-11-01,TSLA,0
2021-11-02,AAPL,0
2021-11-02,AMD,0
2021-11-02,AMZN,0
2021-11-02,AVGO,0
2021-11-02,GOOGL,0
2021-11-02,META,0
2021-11-02,MSFT,0
2021-11-02,NFLX,0
2021-11-02,NVDA,0
2021-11-02,SPY,0
2021-11-02,TSLA,0
2021-11-03,AAPL,0
2021-11-03,AMD,0
2021-11-03,AMZN,0
2021-11-03,AVGO,0
2021-11-03,GOOGL,0
2021-11-03,META,0
2021-11-03,MSFT,0
2021-11-03,NFLX,0
2021-11-03,NVDA,0
2021-11-03,SPY,0
2021-11-03,TSLA,0
2021-11-04,AAPL,0
2021-11-04,AMD,0
2021-11-04,AMZN,0
2021-11-04,AVGO,0
2021-11-04,GOOGL,0
2021-11-04,META,0
2021-11-04,MSFT,0
2021-11-04,NFLX,0
2021-11-04,NVDA,0
2021-11-04,SPY,0
2021-11-04,TSLA,0
2021-11-05,AAPL,0
2021-11-05,AMD,0
2021-11-05,AMZN,0
2021-11-05,AVGO,0
2021-11-05,GOOGL,0
2021-11-05,META,0
2021-11-05,MSFT,0
2021-11-05,NFLX,0
2021-11-05,NVDA,0
2021-11-05,SPY,0
2021-11-05,TSLA,0
2021-11-08,AAPL,0
2021-11-08,AMD,0
2021-11-08,AMZN,0
2021-11-08,AVGO,0
2021-11-08,GOOGL,0
2021-11-08,META,0
2021-11-08,MSFT,0
2021-11-08,NFLX,0
2021-11-08,NVDA,0
2021-11-08,SPY,0
2021-11-08,TSLA,0
2021-11-09,AAPL,0
2021-11-09,AMD,0
2021-11-09,AMZN,0
2021-11-09,AVGO,0
2021-11-09,GOOGL,0
2021-11-09,META,0
2021-11-09,MSFT,0
2021-11-09,NFLX,0
2021-11-09,NVDA,0
2021-11-09,SPY,0
2021-11-09,TSLA,0
2021-11-10,AAPL,0
2021-11-10,AMD,0
2021-11-10,AMZN,0
2021-11-10,AVGO,0
2021-11-10,GOOGL,0
2021-11-10,META,0
2021-11-10,MSFT,0
2021-11-10,NFLX,0
2021-11-10,NVDA,0
2021-11-10,SPY,0
2021-11-10,TSLA,0
2021-11-11,AAPL,0
2021-11-11,AMD,0
2021-11-11,AMZN,0
2021-11-11,AVGO,0
2021-11-11,GOOGL,0
2021-11-11,META,0
2021-11-11,MSFT,0
2021-11-11,NFLX,0
2021-11-11,NVDA,0
2021-11-11,SPY,0
2021-11-11,TSLA,0
2021-11-12,AAPL,0
2021-11-12,AMD,0
2021-11-12,AMZN,0
2021-11-12,AVGO,0
2021-11-12,GOOGL,0
2021-11-12,META,0
2021-11-12,MSFT,0
2021-11-12,NFLX,0
2021-11-12,NVDA,0
2021-11-12,SPY,0
2021-11-12,TSLA,0
2021-11-15,AAPL,0
2021-11-15,AMD,0
2021-11-15,AMZN,0
2021-11-15,AVGO,0
2021-11-15,GOOGL,0
2021-11-15,META,0
2021-11-15,MSFT,0
2021-11-15,NFLX,0
2021-11-15,NVDA,0
2021-11-15,SPY,0
2021-11-15,TSLA,1
2021-11-16,AAPL,0
2021-11-16,AMD,0
2021-11-16,AMZN,0
2021-11-16,AVGO,0
2021-11-16,GOOGL,0
2021-11-16,META,0
2021-11-16,MSFT,0
2021-11-16,NFLX,0
2021-11-16,NVDA,0
2021-11-16,SPY,0
2021-11-16,TSLA,0
2021-11-17,AAPL,0
2021-11-17,AMD,0
2021-11-17,AMZN,0
2021-11-17,AVGO,0
2021-11-17,GOOGL,0
2021-11-17,META,0
2021-11-17,MSFT,0
2021-11-17,NFLX,0
2021-11-17,NVDA,0
2021-11-17,SPY,0
2021-11-17,TSLA,0
2021-11-18,AAPL,0
2021-11-18,AMD,0
2021-11-18,AMZN,0
2021-11-18,AVGO,0
2021-11-18,GOOGL,0
2021-11-18,META,0
2021-11-18,MSFT,0
2021-11-18,NFLX,0
2021-11-18,NVDA,0
2021-11-18,SPY,0
2021-11-18,TSLA,1
2021-11-19,AAPL,0
2021-11-19,AMD,0
2021-11-19,AMZN,0
2021-11-19,AVGO,0
2021-11-19,GOOGL,0
2021-11-19,META,0
2021-11-19,MSFT,0
2021-11-19,NFLX,0
2021-11-19,NVDA,0
2021-11-19,SPY,0
2021-11-19,TSLA,0
2021-11-22,AAPL,0
2021-11-22,AMD,0
2021-11-22,AMZN,0
2021-11-22,AVGO,0
2021-11-22,GOOGL,0
2021-11-22,META,0
2021-11-22,MSFT,0
2021-11-22,NFLX,0
2021-11-22,NVDA,0
2021-11-22,SPY,0
2021-11-22,TSLA,0
2021-11-23,AAPL,0
2021-11-23,AMD,0
2021-11-23,AMZN,0
2021-11-23,AVGO,0
2021-11-23,GOOGL,0
2021-11-23,META,0
2021-11-23,MSFT,0
2021-11-23,NFLX,0
2021-11-23,NVDA,0
2021-11-23,SPY,0
2021-11-23,TSLA,1
2021-11-24,AAPL,0
2021-11-24,AMD,0
2021-11-24,AMZN,0
2021-11-24,AVGO,0
2021-11-24,GOOGL,0
2021-11-24,META,0
2021-11-24,MSFT,0
2021-11-24,NFLX,0
2021-11-24,NVDA,0
2021-11-24,SPY,0
2021-11-24,TSLA,1
2021-11-26,AAPL,0
2021-11-26,AMD,0
2021-11-26,AMZN,0
2021-11-26,AVGO,0
2021-11-26,GOOGL,0
2021-11-26,META,0
2021-11-26,MSFT,0
2021-11-26,NFLX,0
2021-11-26,NVDA,0
2021-11-26,SPY,0
2021-11-26,TSLA,1
2021-11-29,AAPL,0
2021-11-29,AMD,0
2021-11-29,AMZN,0
2021-11-29,AVGO,0
2021-11-29,GOOGL,0
2021-11-29,META,0
2021-11-29,MSFT,0
2021-11-29,NFLX,0
2021-11-29,NVDA,0
2021-11-29,SPY,0
2021-11-29,TSLA,0
2021-11-30,AAPL,0
2021-11-30,AMD,0
2021-11-30,AMZN,0
2021-11-30,AVGO,0
2021-11-30,GOOGL,0
2021-11-30,META,0
2021-11-30,MSFT,0
2021-11-30,NFLX,0
2021-11-30,NVDA,0
2021-11-30,SPY,0
2021-11-30,TSLA,0
2021-12-01,AAPL,0
2021-12-01,AMD,0
2021-12-01,AMZN,0
2021-12-01,AVGO,0
2021-12-01,GOOGL,0
2021-12-01,META,1
2021-12-01,MSFT,0
2021-12-01,NFLX,1
2021-12-01,NVDA,0
2021-12-01,SPY,0
2021-12-01,TSLA,1
2021-12-02,AAPL,0
2021-12-02,AMD,0
2021-12-02,AMZN,0
2021-12-02,AVGO,0
2021-12-02,GOOGL,0
2021-12-02,META,1
2021-12-02,MSFT,0
2021-12-02,NFLX,1
2021-12-02,NVDA,0
2021-12-02,SPY,0
2021-12-02,TSLA,1
2021-12-03,AAPL,0
2021-12-03,AMD,1
2021-12-03,AMZN,0
2021-12-03,AVGO,0
2021-12-03,GOOGL,0
2021-12-03,META,1
2021-12-03,MSFT,0
2021-12-03,NFLX,1
2021-12-03,NVDA,0
2021-12-03,SPY,0
2021-12-03,TSLA,1
2021-12-06,AAPL,0
2021-12-06,AMD,1
2021-12-06,AMZN,0
2021-12-06,AVGO,0
2021-12-06,GOOGL,0
2021-12-06,META,0
2021-12-06,MSFT,0
2021-12-06,NFLX,1
2021-12-06,NVDA,1
2021-12-06,SPY,0
2021-12-06,TSLA,1
2021-12-07,AAPL,0
2021-12-07,AMD,1
2021-12-07,AMZN,0
2021-12-07,AVGO,0
2021-12-07,GOOGL,0
2021-12-07,META,0
2021-12-07,MSFT,0
2021-12-07,NFLX,1
2021-12-07,NVDA,0
2021-12-07,SPY,0
2021-12-07,TSLA,0
2021-12-08,AAPL,0
2021-12-08,AMD,1
2021-12-08,AMZN,0
2021-12-08,AVGO,0
2021-12-08,GOOGL,0
2021-12-08,META,0
2021-12-08,MSFT,0
2021-12-08,NFLX,1
2021-12-08,NVDA,0
2021-12-08,SPY,0
2021-12-08,TSLA,0
2021-12-09,AAPL,0
2021-12-09,AMD,1
2021-12-09,AMZN,0
2021-12-09,AVGO,0
2021-12-09,GOOGL,0
2021-12-09,META,0
2021-12-09,MSFT,0
2021-12-09,NFLX,1
2021-12-09,NVDA,0
2021-12-09,SPY,0
2021-12-09,TSLA,1
2021-12-10,AAPL,0
2021-12-10,AMD,1
2021-12-10,AMZN,0
2021-12-10,AVGO,0
2021-12-10,GOOGL,0
2021-12-10,META,0
2021-12-10,MSFT,0
2021-12-10,NFLX,1
2021-12-10,NVDA,1
2021-12-10,SPY,0
2021-12-10,TSLA,1
2021-12-13,AAPL,0
2021-12-13,AMD,1
2021-12-13,AMZN,0
2021-12-13,AVGO,0
2021-12-13,GOOGL,0
2021-12-13,META,0
2021-12-13,MSFT,0
2021-12-13,NFLX,1
2021-12-13,NVDA,1
2021-12-13,SPY,0
2021-12-13,TSLA,1
2021-12-14,AAPL,0
2021-12-14,AMD,1
2021-12-14,AMZN,0
2021-12-14,AVGO,0
2021-12-14,GOOGL,0
2021-12-14,META,0
2021-12-14,MSFT,0
2021-12-14,NFLX,1
2021-12-14,NVDA,1
2021-12-14,SPY,0
2021-12-14,TSLA,1
2021-12-15,AAPL,0
2021-12-15,AMD,1
2021-12-15,AMZN,0
2021-12-15,AVGO,0
2021-12-15,GOOGL,0
2021-12-15,META,0
2021-12-15,MSFT,0
2021-12-15,NFLX,1
2021-12-15,NVDA,0
2021-12-15,SPY,0
2021-12-15,TSLA,1
2021-12-16,AAPL,0
2021-12-16,AMD,1
2021-12-16,AMZN,0
2021-12-16,AVGO,0
2021-12-16,GOOGL,0
2021-12-16,META,0
2021-12-16,MSFT,0
2021-12-16,NFLX,1
2021-12-16,NVDA,1
2021-12-16,SPY,0
2021-12-16,TSLA,1
2021-12-17,AAPL,0
2021-12-17,AMD,1
2021-12-17,AMZN,0
2021-12-17,AVGO,0
2021-12-17,GOOGL,0
2021-12-17,META,0
2021-12-17,MSFT,0
2021-12-17,NFLX,1
2021-12-17,NVDA,1
2021-12-17,SPY,0
2021-12-17,TSLA,1
2021-12-20,AAPL,0
2021-12-20,AMD,1
2021-12-20,AMZN,0
2021-12-20,AVGO,0
2021-12-20,GOOGL,0
2021-12-20,META,0
2021-12-20,MSFT,0
2021-12-20,NFLX,1
2021-12-20,NVDA,1
2021-12-20,SPY,0
2021-12-20,TSLA,1
2021-12-21,AAPL,0
2021-12-21,AMD,1
2021-12-21,AMZN,0
2021-12-21,AVGO,0
2021-12-21,GOOGL,0
2021-12-21,META,0
2021-12-21,MSFT,0
2021-12-21,NFLX,1
2021-12-21,NVDA,1
2021-12-21,SPY,0
2021-12-21,TSLA,1
2021-12-22,AAPL,0
2021-12-22,AMD,1
2021-12-22,AMZN,0
2021-12-22,AVGO,0
2021-12-22,GOOGL,0
2021-12-22,META,0
2021-12-22,MSFT,0
2021-12-22,NFLX,0
2021-12-22,NVDA,1
2021-12-22,SPY,0
2021-12-22,TSLA,1
2021-12-23,AAPL,0
2021-12-23,AMD,1
2021-12-23,AMZN,0
2021-12-23,AVGO,0
2021-12-23,GOOGL,0
2021-12-23,META,0
2021-12-23,MSFT,0
2021-12-23,NFLX,0
2021-12-23,NVDA,1
2021-12-23,SPY,0
2021-12-23,TSLA,0
2021-12-27,AAPL,0
2021-12-27,AMD,0
2021-12-27,AMZN,0
2021-12-27,AVGO,0
2021-12-27,GOOGL,0
2021-12-27,META,0
2021-12-27,MSFT,0
2021-12-27,NFLX,0
2021-12-27,NVDA,0
2021-12-27,SPY,0
2021-12-27,TSLA,0
2021-12-28,AAPL,0
2021-12-28,AMD,0
2021-12-28,AMZN,0
2021-12-28,AVGO,0
2021-12-28,GOOGL,0
2021-12-28,META,0
2021-12-28,MSFT,0
2021-12-28,NFLX,0
2021-12-28,NVDA,0
2021-12-28,SPY,0
2021-12-28,TSLA,0
2021-12-29,AAPL,0
2021-12-29,AMD,0
2021-12-29,AMZN,0
2021-12-29,AVGO,0
2021-12-29,GOOGL,0
2021-12-29,META,0
2021-12-29,MSFT,0
2021-12-29,NFLX,0
2021-12-29,NVDA,0
2021-12-29,SPY,0
2021-12-29,TSLA,0
2021-12-30,AAPL,0
2021-12-30,AMD,0
2021-12-30,AMZN,0
2021-12-30,AVGO,0
2021-12-30,GOOGL,0
2021-12-30,META,0
2021-12-30,MSFT,0
2021-12-30,NFLX,0
2021-12-30,NVDA,0
2021-12-30,SPY,0
2021-12-30,TSLA,0
2021-12-31,AAPL,0
2021-12-31,AMD,0
2021-12-31,AMZN,0
2021-12-31,AVGO,0
2021-12-31,GOOGL,0
2021-12-31,META,0
2021-12-31,MSFT,0
2021-12-31,NFLX,0
2021-12-31,NVDA,1
2021-12-31,SPY,0
2021-12-31,TSLA,1
2022-01-03,AAPL,0
2022-01-03,AMD,0
2022-01-03,AMZN,0
2022-01-03,AVGO,0
2022-01-03,GOOGL,0
2022-01-03,META,0
2022-01-03,MSFT,0
2022-01-03,NFLX,0
2022-01-03,NVDA,0
2022-01-03,SPY,0
2022-01-03,TSLA,0
2022-01-04,AAPL,0
2022-01-04,AMD,0
2022-01-04,AMZN,0
2022-01-04,AVGO,0
2022-01-04,GOOGL,0
2022-01-04,META,0
2022-01-04,MSFT,0
2022-01-04,NFLX,0
2022-01-04,NVDA,0
2022-01-04,SPY,0
2022-01-04,TSLA,0
2022-01-05,AAPL,0
2022-01-05,AMD,1
2022-01-05,AMZN,0
2022-01-05,AVGO,0
2022-01-05,GOOGL,0
2022-01-05,META,0
2022-01-05,MSFT,0
2022-01-05,NFLX,0
2022-01-05,NVDA,1
2022-01-05,SPY,0
2022-01-05,TSLA,0
2022-01-06,AAPL,0
2022-01-06,AMD,1
2022-01-06,AMZN,0
2022-01-06,AVGO,0
2022-01-06,GOOGL,0
2022-01-06,META,0
2022-01-06,MSFT,0
2022-01-06,NFLX,1
2022-01-06,NVDA,0
2022-01-06,SPY,0
2022-01-06,TSLA,0
2022-01-07,AAPL,0
2022-01-07,AMD,1
2022-01-07,AMZN,0
2022-01-07,AVGO,0
2022-01-07,GOOGL,0
2022-01-07,META,0
2022-01-07,MSFT,0
2022-01-07,NFLX,1
2022-01-07,NVDA,1
2022-01-07,SPY,0
2022-01-07,TSLA,1
2022-01-10,AAPL,0
2022-01-10,AMD,1
2022-01-10,AMZN,0
2022-01-10,AVGO,0
2022-01-10,GOOGL,0
2022-01-10,META,0
2022-01-10,MSFT,0
2022-01-10,NFLX,1
2022-01-10,NVDA,1
2022-01-10,SPY,0
2022-01-10,TSLA,1
2022-01-11,AAPL,0
2022-01-11,AMD,1
2022-01-11,AMZN,0
2022-01-11,AVGO,0
2022-01-11,GOOGL,0
2022-01-11,META,0
2022-01-11,MSFT,0
2022-01-11,NFLX,1
2022-01-11,NVDA,1
2022-01-11,SPY,0
2022-01-11,TSLA,0
2022-01-12,AAPL,0
2022-01-12,AMD,1
2022-01-12,AMZN,0
2022-01-12,AVGO,0
2022-01-12,GOOGL,0
2022-01-12,META,0
2022-01-12,MSFT,0
2022-01-12,NFLX,1
2022-01-12,NVDA,1
2022-01-12,SPY,0
2022-01-12,TSLA,0
2022-01-13,AAPL,0
2022-01-13,AMD,1
2022-01-13,AMZN,0
2022-01-13,AVGO,1
2022-01-13,GOOGL,0
2022-01-13,META,0
2022-01-13,MSFT,1
2022-01-13,NFLX,1
2022-01-13,NVDA,1
2022-01-13,SPY,0
2022-01-13,TSLA,1
2022-01-14,AAPL,0
2022-01-14,AMD,1
2022-01-14,AMZN,0
2022-01-14,AVGO,1
2022-01-14,GOOGL,0
2022-01-14,META,0
2022-01-14,MSFT,1
2022-01-14,NFLX,1
2022-01-14,NVDA,1
2022-01-14,SPY,0
2022-01-14,TSLA,1
2022-01-18,AAPL,0
2022-01-18,AMD,1
2022-01-18,AMZN,0
2022-01-18,AVGO,1
2022-01-18,GOOGL,0
2022-01-18,META,0
2022-01-18,MSFT,1
2022-01-18,NFLX,1
2022-01-18,NVDA,1
2022-01-18,SPY,0
2022-01-18,TSLA,1
2022-01-19,AAPL,0
2022-01-19,AMD,1
2022-01-19,AMZN,0
2022-01-19,AVGO,1
2022-01-19,GOOGL,0
2022-01-19,META,0
2022-01-19,MSFT,1
2022-01-19,NFLX,1
2022-01-19,NVDA,1
2022-01-19,SPY,0
2022-01-19,TSLA,1
2022-01-20,AAPL,1
2022-01-20,AMD,1
2022-01-20,AMZN,1
2022-01-20,AVGO,1
2022-01-20,GOOGL,1
2022-01-20,META,0
2022-01-20,MSFT,1
2022-01-20,NFLX,0
2022-01-20,NVDA,1
2022-01-20,SPY,0
2022-01-20,TSLA,1
2022-01-21,AAPL,1
2022-01-21,AMD,1
2022-01-21,AMZN,1
2022-01-21,AVGO,1
2022-01-21,GOOGL,1
2022-01-21,META,1
2022-01-21,MSFT,1
2022-01-21,NFLX,1
2022-01-21,NVDA,1
2022-01-21,SPY,0
2022-01-21,TSLA,1
2022-01-24,AAPL,1
2022-01-24,AMD,1
2022-01-24,AMZN,1
2022-01-24,AVGO,1
2022-01-24,GOOGL,1
2022-01-24,META,1
2022-01-24,MSFT,1
2022-01-24,NFLX,1
2022-01-24,NVDA,1
2022-01-24,SPY,0
2022-01-24,TSLA,1
2022-01-25,AAPL,1
2022-01-25,AMD,1
2022-01-25,AMZN,1
2022-01-25,AVGO,1
2022-01-25,GOOGL,1
2022-01-25,META,1
2022-01-25,MSFT,1
2022-01-25,NFLX,1
2022-01-25,NVDA,1
2022-01-25,SPY,0
2022-01-25,TSLA,1
2022-01-26,AAPL,1
2022-01-26,AMD,1
2022-01-26,AMZN,1
2022-01-26,AVGO,1
2022-01-26,GOOGL,1
2022-01-26,META,1
2022-01-26,MSFT,1
2022-01-26,NFLX,1
2022-01-26,NVDA,1
2022-01-26,SPY,1
2022-01-26,TSLA,1
2022-01-27,AAPL,1
2022-01-27,AMD,1
2022-01-27,AMZN,1
2022-01-27,AVGO,1
2022-01-27,GOOGL,1
2022-01-27,META,1
2022-01-27,MSFT,1
2022-01-27,NFLX,1
2022-01-27,NVDA,1
2022-01-27,SPY,1
2022-01-27,TSLA,1
2022-01-28,AAPL,0
2022-01-28,AMD,1
2022-01-28,AMZN,1
2022-01-28,AVGO,1
2022-01-28,GOOGL,0
2022-01-28,META,1
2022-01-28,MSFT,0
2022-01-28,NFLX,1
2022-01-28,NVDA,1
2022-01-28,SPY,0
2022-01-28,TSLA,1
2022-01-31,AAPL,0
2022-01-31,AMD,1
2022-01-31,AMZN,1
2022-01-31,AVGO,1
2022-01-31,GOOGL,0
2022-01-31,META,0
2022-01-31,MSFT,0
2022-01-31,NFLX,0
2022-01-31,NVDA,1
2022-01-31,SPY,0
2022-01-31,TSLA,1
2022-02-01,AAPL,0
2022-02-01,AMD,1
2022-02-01,AMZN,0
2022-02-01,AVGO,0
2022-02-01,GOOGL,0
2022-02-01,META,0
2022-02-01,MSFT,0
2022-02-01,NFLX,0
2022-02-01,NVDA,1
2022-02-01,SPY,0
2022-02-01,TSLA,1
2022-02-02,AAPL,0
2022-02-02,AMD,0
2022-02-02,AMZN,0
2022-02-02,AVGO,0
2022-02-02,GOOGL,0
2022-02-02,META,0
2022-02-02,MSFT,0
2022-02-02,NFLX,0
2022-02-02,NVDA,1
2022-02-02,SPY,0
2022-02-02,TSLA,1
2022-02-03,AAPL,0
2022-02-03,AMD,1
2022-02-03,AMZN,1
2022-02-03,AVGO,0
2022-02-03,GOOGL,0
2022-02-03,META,1
2022-02-03,MSFT,0
2022-02-03,NFLX,1
2022-02-03,NVDA,1
2022-02-03,SPY,0
2022-02-03,TSLA,1
2022-02-04,AAPL,0
2022-02-04,AMD,0
2022-02-04,AMZN,0
2022-02-04,AVGO,0
2022-02-04,GOOGL,0
2022-02-04,META,1
2022-02-04,MSFT,0
2022-02-04,NFLX,1
2022-02-04,NVDA,1
2022-02-04,SPY,0
2022-02-04,TSLA,1
2022-02-07,AAPL,0
2022-02-07,AMD,0
2022-02-07,AMZN,0
2022-02-07,AVGO,0
2022-02-07,GOOGL,0
2022-02-07,META,1
2022-02-07,MSFT,0
2022-02-07,NFLX,1
2022-02-07,NVDA,1
2022-02-07,SPY,0
2022-02-07,TSLA,1
2022-02-08,AAPL,0
2022-02-08,AMD,0
2022-02-08,AMZN,0
2022-02-08,AVGO,0
2022-02-08,GOOGL,0
2022-02-08,META,1
2022-02-08,MSFT,0
2022-02-08,NFLX,1
2022-02-08,NVDA,1
2022-02-08,SPY,0
2022-02-08,TSLA,1
2022-02-09,AAPL,0
2022-02-09,AMD,0
2022-02-09,AMZN,0
2022-02-09,AVGO,0
2022-02-09,GOOGL,0
2022-02-09,META,1
2022-02-09,MSFT,0
2022-02-09,NFLX,1
2022-02-09,NVDA,0
2022-02-09,SPY,0
2022-02-09,TSLA,1
2022-02-10,AAPL,0
2022-02-10,AMD,0
2022-02-10,AMZN,0
2022-02-10,AVGO,0
2022-02-10,GOOGL,0
2022-02-10,META,1
2022-02-10,MSFT,0
2022-02-10,NFLX,1
2022-02-10,NVDA,0
2022-02-10,SPY,0
2022-02-10,TSLA,1
2022-02-11,AAPL,0
2022-02-11,AMD,1
2022-02-11,AMZN,0
2022-02-11,AVGO,0
2022-02-11,GOOGL,1
2022-02-11,META,1
2022-02-11,MSFT,0
2022-02-11,NFLX,1
2022-02-11,NVDA,1
2022-02-11,SPY,0
2022-02-11,TSLA,1
2022-02-14,AAPL,0
2022-02-14,AMD,1
2022-02-14,AMZN,0
2022-02-14,AVGO,0
2022-02-14,GOOGL,0
2022-02-14,META,1
2022-02-14,MSFT,0
2022-02-14,NFLX,1
2022-02-14,NVDA,1
2022-02-14,SPY,0
2022-02-14,TSLA,1
2022-02-15,AAPL,0
2022-02-15,AMD,0
2022-02-15,AMZN,0
2022-02-15,AVGO,0
2022-02-15,GOOGL,0
2022-02-15,META,1
2022-02-15,MSFT,0
2022-02-15,NFLX,1
2022-02-15,NVDA,0
2022-02-15,SPY,0
2022-02-15,TSLA,0
2022-02-16,AAPL,0
2022-02-16,AMD,1
2022-02-16,AMZN,0
2022-02-16,AVGO,0
2022-02-16,GOOGL,0
2022-02-16,META,1
2022-02-16,MSFT,0
2022-02-16,NFLX,1
2022-02-16,NVDA,0
2022-02-16,SPY,0
2022-02-16,TSLA,0
2022-02-17,AAPL,0
2022-02-17,AMD,1
2022-02-17,AMZN,0
2022-02-17,AVGO,0
2022-02-17,GOOGL,1
2022-02-17,META,1
2022-02-17,MSFT,0
2022-02-17,NFLX,1
2022-02-17,NVDA,0
2022-02-17,SPY,0
2022-02-17,TSLA,0
2022-02-18,AAPL,0
2022-02-18,AMD,1
2022-02-18,AMZN,0
2022-02-18,AVGO,0
2022-02-18,GOOGL,1
2022-02-18,META,1
2022-02-18,MSFT,0
2022-02-18,NFLX,1
2022-02-18,NVDA,1
2022-02-18,SPY,0
2022-02-18,TSLA,0
2022-02-22,AAPL,0
2022-02-22,AMD,1
2022-02-22,AMZN,0
2022-02-22,AVGO,0
2022-02-22,GOOGL,1
2022-02-22,META,1
2022-02-22,MSFT,0
2022-02-22,NFLX,1
2022-02-22,NVDA,1
2022-02-22,SPY,0
2022-02-22,TSLA,1
2022-02-23,AAPL,1
2022-02-23,AMD,1
2022-02-23,AMZN,1
2022-02-23,AVGO,0
2022-02-23,GOOGL,1
2022-02-23,META,1
2022-02-23,MSFT,1
2022-02-23,NFLX,1
2022-02-23,NVDA,1
2022-02-23,SPY,0
2022-02-23,TSLA,1
2022-02-24,AAPL,0
2022-02-24,AMD,1
2022-02-24,AMZN,0
2022-02-24,AVGO,0
2022-02-24,GOOGL,1
2022-02-24,META,1
2022-02-24,MSFT,0
2022-02-24,NFLX,1
2022-02-24,NVDA,1
2022-02-24,SPY,0
2022-02-24,TSLA,1
2022-02-25,AAPL,0
2022-02-25,AMD,0
2022-02-25,AMZN,0
2022-02-25,AVGO,0
2022-02-25,GOOGL,1
2022-02-25,META,1
2022-02-25,MSFT,0
2022-02-25,NFLX,1
2022-02-25,NVDA,1
2022-02-25,SPY,0
2022-02-25,TSLA,1
2022-02-28,AAPL,0
2022-02-28,AMD,0
2022-02-28,AMZN,0
2022-02-28,AVGO,0
2022-02-28,GOOGL,0
2022-02-28,META,1
2022-02-28,MSFT,0
2022-02-28,NFLX,1
2022-02-28,NVDA,0
2022-02-28,SPY,0
2022-02-28,TSLA,0
2022-03-01,AAPL,0
2022-03-01,AMD,1
2022-03-01,AMZN,0
2022-03-01,AVGO,0
2022-03-01,GOOGL,1
2022-03-01,META,1
2022-03-01,MSFT,0
2022-03-01,NFLX,1
2022-03-01,NVDA,1
2022-03-01,SPY,0
2022-03-01,TSLA,0
2022-03-02,AAPL,0
2022-03-02,AMD,1
2022-03-02,AMZN,0
2022-03-02,AVGO,0
2022-03-02,GOOGL,0
2022-03-02,META,1
2022-03-02,MSFT,0
2022-03-02,NFLX,0
2022-03-02,NVDA,1
2022-03-02,SPY,0
2022-03-02,TSLA,0
2022-03-03,AAPL,0
2022-03-03,AMD,1
2022-03-03,AMZN,0
2022-03-03,AVGO,0
2022-03-03,GOOGL,0
2022-03-03,META,1
2022-03-03,MSFT,0
2022-03-03,NFLX,1
2022-03-03,NVDA,1
2022-03-03,SPY,0
2022-03-03,TSLA,1
2022-03-04,AAPL,0
2022-03-04,AMD,1
2022-03-04,AMZN,1
2022-03-04,AVGO,0
2022-03-04,GOOGL,0
2022-03-04,META,1
2022-03-04,MSFT,0
2022-03-04,NFLX,1
2022-03-04,NVDA,1
2022-03-04,SPY,0
2022-03-04,TSLA,1
2022-03-07,AAPL,1
2022-03-07,AMD,1
2022-03-07,AMZN,1
2022-03-07,AVGO,0
2022-03-07,GOOGL,1
2022-03-07,META,1
2022-03-07,MSFT,1
2022-03-07,NFLX,1
2022-03-07,NVDA,1
2022-03-07,SPY,0
2022-03-07,TSLA,1
2022-03-08,AAPL,1
2022-03-08,AMD,1
2022-03-08,AMZN,1
2022-03-08,AVGO,0
2022-03-08,GOOGL,1
2022-03-08,META,1
2022-03-08,MSFT,1
2022-03-08,NFLX,1
2022-03-08,NVDA,1
2022-03-08,SPY,0
2022-03-08,TSLA,1
2022-03-09,AAPL,0
2022-03-09,AMD,1
2022-03-09,AMZN,1
2022-03-09,AVGO,0
2022-03-09,GOOGL,0
2022-03-09,META,1
2022-03-09,MSFT,0
2022-03-09,NFLX,1
2022-03-09,NVDA,1
2022-03-09,SPY,0
2022-03-09,TSLA,0
2022-03-10,AAPL,0
2022-03-10,AMD,1
2022-03-10,AMZN,0
2022-03-10,AVGO,0
2022-03-10,GOOGL,0
2022-03-10,META,1
2022-03-10,MSFT,0
2022-03-10,NFLX,1
2022-03-10,NVDA,1
2022-03-10,SPY,0
2022-03-10,TSLA,1
2022-03-11,AAPL,1
2022-03-11,AMD,1
2022-03-11,AMZN,0
2022-03-11,AVGO,0
2022-03-11,GOOGL,0
2022-03-11,META,1
2022-03-11,MSFT,0
2022-03-11,NFLX,1
2022-03-11,NVDA,1
2022-03-11,SPY,0
2022-03-11,TSLA,1
2022-03-14,AAPL,1
2022-03-14,AMD,1
2022-03-14,AMZN,1
2022-03-14,AVGO,0
2022-03-14,GOOGL,0
2022-03-14,META,1
2022-03-14,MSFT,0
2022-03-14,NFLX,1
2022-03-14,NVDA,1
2022-03-14,SPY,0
2022-03-14,TSLA,1
2022-03-15,AAPL,1
2022-03-15,AMD,1
2022-03-15,AMZN,0
2022-03-15,AVGO,0
2022-03-15,GOOGL,0
2022-03-15,META,1
2022-03-15,MSFT,0
2022-03-15,NFLX,1
2022-03-15,NVDA,1
2022-03-15,SPY,0
2022-03-15,TSLA,1
2022-03-16,AAPL,0
2022-03-16,AMD,0
2022-03-16,AMZN,0
2022-03-16,AVGO,0
2022-03-16,GOOGL,0
2022-03-16,META,0
2022-03-16,MSFT,0
2022-03-16,NFLX,1
2022-03-16,NVDA,0
2022-03-16,SPY,0
2022-03-16,TSLA,0
2022-03-17,AAPL,0
2022-03-17,AMD,1
2022-03-17,AMZN,0
2022-03-17,AVGO,0
2022-03-17,GOOGL,0
2022-03-17,META,0
2022-03-17,MSFT,0
2022-03-17,NFLX,0
2022-03-17,NVDA,0
2022-03-17,SPY,0
2022-03-17,TSLA,0
2022-03-18,AAPL,0
2022-03-18,AMD,0
2022-03-18,AMZN,0
2022-03-18,AVGO,0
2022-03-18,GOOGL,0
2022-03-18,META,0
2022-03-18,MSFT,0
2022-03-18,NFLX,0
2022-03-18,NVDA,0
2022-03-18,SPY,0
2022-03-18,TSLA,0
2022-03-21,AAPL,0
2022-03-21,AMD,0
2022-03-21,AMZN,0
2022-03-21,AVGO,0
2022-03-21,GOOGL,0
2022-03-21,META,0
2022-03-21,MSFT,0
2022-03-21,NFLX,0
2022-03-21,NVDA,0
2022-03-21,SPY,0
2022-03-21,TSLA,0
2022-03-22,AAPL,0
2022-03-22,AMD,0
2022-03-22,AMZN,0
2022-03-22,AVGO,0
2022-03-22,GOOGL,0
2022-03-22,META,0
2022-03-22,MSFT,0
2022-03-22,NFLX,0
2022-03-22,NVDA,0
2022-03-22,SPY,0
2022-03-22,TSLA,0
2022-03-23,AAPL,0
2022-03-23,AMD,0
2022-03-23,AMZN,0
2022-03-23,AVGO,0
2022-03-23,GOOGL,0
2022-03-23,META,0
2022-03-23,MSFT,0
2022-03-23,NFLX,0
2022-03-23,NVDA,0
2022-03-23,SPY,0
2022-03-23,TSLA,0
2022-03-24,AAPL,0
2022-03-24,AMD,0
2022-03-24,AMZN,0
2022-03-24,AVGO,0
2022-03-24,GOOGL,0
2022-03-24,META,0
2022-03-24,MSFT,0
2022-03-24,NFLX,0
2022-03-24,NVDA,0
2022-03-24,SPY,0
2022-03-24,TSLA,0
2022-03-25,AAPL,0
2022-03-25,AMD,0
2022-03-25,AMZN,0
2022-03-25,AVGO,0
2022-03-25,GOOGL,0
2022-03-25,META,0
2022-03-25,MSFT,0
2022-03-25,NFLX,0
2022-03-25,NVDA,0
2022-03-25,SPY,0
2022-03-25,TSLA,0
2022-03-28,AAPL,0
2022-03-28,AMD,0
2022-03-28,AMZN,0
2022-03-28,AVGO,0
2022-03-28,GOOGL,0
2022-03-28,META,0
2022-03-28,MSFT,0
2022-03-28,NFLX,0
2022-03-28,NVDA,0
2022-03-28,SPY,0
2022-03-28,TSLA,0
2022-03-29,AAPL,0
2022-03-29,AMD,0
2022-03-29,AMZN,0
2022-03-29,AVGO,0
2022-03-29,GOOGL,0
2022-03-29,META,0
2022-03-29,MSFT,0
2022-03-29,NFLX,0
2022-03-29,NVDA,0
2022-03-29,SPY,0
2022-03-29,TSLA,0
2022-03-30,AAPL,0
2022-03-30,AMD,0
2022-03-30,AMZN,0
2022-03-30,AVGO,0
2022-03-30,GOOGL,0
2022-03-30,META,0
2022-03-30,MSFT,0
2022-03-30,NFLX,0
2022-03-30,NVDA,0
2022-03-30,SPY,0
2022-03-30,TSLA,0
2022-03-31,AAPL,0
2022-03-31,AMD,1
2022-03-31,AMZN,0
2022-03-31,AVGO,0
2022-03-31,GOOGL,0
2022-03-31,META,0
2022-03-31,MSFT,0
2022-03-31,NFLX,0
2022-03-31,NVDA,0
2022-03-31,SPY,0
2022-03-31,TSLA,0
2022-04-01,AAPL,0
2022-04-01,AMD,1
2022-04-01,AMZN,0
2022-04-01,AVGO,0
2022-04-01,GOOGL,0
2022-04-01,META,0
2022-04-01,MSFT,0
2022-04-01,NFLX,0
2022-04-01,NVDA,0
2022-04-01,SPY,0
2022-04-01,TSLA,0
2022-04-04,AAPL,0
2022-04-04,AMD,1
2022-04-04,AMZN,0
2022-04-04,AVGO,0
2022-04-04,GOOGL,0
2022-04-04,META,0
2022-04-04,MSFT,0
2022-04-04,NFLX,0
2022-04-04,NVDA,0
2022-04-04,SPY,0
2022-04-04,TSLA,0
2022-04-05,AAPL,0
2022-04-05,AMD,1
2022-04-05,AMZN,0
2022-04-05,AVGO,0
2022-04-05,GOOGL,0
2022-04-05,META,0
2022-04-05,MSFT,0
2022-04-05,NFLX,0
2022-04-05,NVDA,0
2022-04-05,SPY,0
2022-04-05,TSLA,0
2022-04-06,AAPL,0
2022-04-06,AMD,1
2022-04-06,AMZN,0
2022-04-06,AVGO,0
2022-04-06,GOOGL,0
2022-04-06,META,0
2022-04-06,MSFT,0
2022-04-06,NFLX,0
2022-04-06,NVDA,1
2022-04-06,SPY,0
2022-04-06,TSLA,0
2022-04-07,AAPL,0
2022-04-07,AMD,1
2022-04-07,AMZN,0
2022-04-07,AVGO,0
2022-04-07,GOOGL,0
2022-04-07,META,0
2022-04-07,MSFT,0
2022-04-07,NFLX,0
2022-04-07,NVDA,1
2022-04-07,SPY,0
2022-04-07,TSLA,0
2022-04-08,AAPL,0
2022-04-08,AMD,1
2022-04-08,AMZN,0
2022-04-08,AVGO,0
2022-04-08,GOOGL,0
2022-04-08,META,0
2022-04-08,MSFT,0
2022-04-08,NFLX,1
2022-04-08,NVDA,1
2022-04-08,SPY,0
2022-04-08,TSLA,0
2022-04-11,AAPL,0
2022-04-11,AMD,1
2022-04-11,AMZN,1
2022-04-11,AVGO,1
2022-04-11,GOOGL,1
2022-04-11,META,0
2022-04-11,MSFT,1
2022-04-11,NFLX,1
2022-04-11,NVDA,1
2022-04-11,SPY,0
2022-04-11,TSLA,1
2022-04-12,AAPL,0
2022-04-12,AMD,1
2022-04-12,AMZN,1
2022-04-12,AVGO,0
2022-04-12,GOOGL,1
2022-04-12,META,0
2022-04-12,MSFT,1
2022-04-12,NFLX,1
2022-04-12,NVDA,1
2022-04-12,SPY,0
2022-04-12,TSLA,1
2022-04-13,AAPL,0
2022-04-13,AMD,1
2022-04-13,AMZN,0
2022-04-13,AVGO,0
2022-04-13,GOOGL,1
2022-04-13,META,0
2022-04-13,MSFT,0
2022-04-13,NFLX,1
2022-04-13,NVDA,1
2022-04-13,SPY,0
2022-04-13,TSLA,1
2022-04-14,AAPL,0
2022-04-14,AMD,1
2022-04-14,AMZN,1
2022-04-14,AVGO,1
2022-04-14,GOOGL,1
2022-04-14,META,1
2022-04-14,MSFT,1
2022-04-14,NFLX,1
2022-04-14,NVDA,1
2022-04-14,SPY,0
2022-04-14,TSLA,1
2022-04-18,AAPL,0
2022-04-18,AMD,1
2022-04-18,AMZN,1
2022-04-18,AVGO,0
2022-04-18,GOOGL,1
2022-04-18,META,1
2022-04-18,MSFT,1
2022-04-18,NFLX,1
2022-04-18,NVDA,1
2022-04-18,SPY,0
2022-04-18,TSLA,1
2022-04-19,AAPL,0
2022-04-19,AMD,1
2022-04-19,AMZN,0
2022-04-19,AVGO,0
2022-04-19,GOOGL,0
2022-04-19,META,0
2022-04-19,MSFT,1
2022-04-19,NFLX,0
2022-04-19,NVDA,1
2022-04-19,SPY,0
2022-04-19,TSLA,1
2022-04-20,AAPL,0
2022-04-20,AMD,1
2022-04-20,AMZN,0
2022-04-20,AVGO,0
2022-04-20,GOOGL,1
2022-04-20,META,1
2022-04-20,MSFT,1
2022-04-20,NFLX,1
2022-04-20,NVDA,1
2022-04-20,SPY,0
2022-04-20,TSLA,1
2022-04-21,AAPL,0
2022-04-21,AMD,1
2022-04-21,AMZN,1
2022-04-21,AVGO,0
2022-04-21,GOOGL,1
2022-04-21,META,1
2022-04-21,MSFT,1
2022-04-21,NFLX,1
2022-04-21,NVDA,1
2022-04-21,SPY,0
2022-04-21,TSLA,1
2022-04-22,AAPL,1
2022-04-22,AMD,1
2022-04-22,AMZN,1
2022-04-22,AVGO,0
2022-04-22,GOOGL,1
2022-04-22,META,1
2022-04-22,MSFT,1
2022-04-22,NFLX,1
2022-04-22,NVDA,1
2022-04-22,SPY,0
2022-04-22,TSLA,1
2022-04-25,AAPL,0
2022-04-25,AMD,1
2022-04-25,AMZN,1
2022-04-25,AVGO,0
2022-04-25,GOOGL,1
2022-04-25,META,1
2022-04-25,MSFT,1
2022-04-25,NFLX,1
2022-04-25,NVDA,1
2022-04-25,SPY,0
2022-04-25,TSLA,1
2022-04-26,AAPL,1
2022-04-26,AMD,1
2022-04-26,AMZN,1
2022-04-26,AVGO,1
2022-04-26,GOOGL,1
2022-04-26,META,1
2022-04-26,MSFT,1
2022-04-26,NFLX,1
2022-04-26,NVDA,1
2022-04-26,SPY,1
2022-04-26,TSLA,1
2022-04-27,AAPL,1
2022-04-27,AMD,1
2022-04-27,AMZN,1
2022-04-27,AVGO,1
2022-04-27,GOOGL,1
2022-04-27,META,1
2022-04-27,MSFT,1
2022-04-27,NFLX,1
2022-04-27,NVDA,1
2022-04-27,SPY,0
2022-04-27,TSLA,1
2022-04-28,AAPL,0
2022-04-28,AMD,1
2022-04-28,AMZN,1
2022-04-28,AVGO,0
2022-04-28,GOOGL,1
2022-04-28,META,1
2022-04-28,MSFT,0
2022-04-28,NFLX,1
2022-04-28,NVDA,1
2022-04-28,SPY,0
2022-04-28,TSLA,1
2022-04-29,AAPL,1
2022-04-29,AMD,1
2022-04-29,AMZN,1
2022-04-29,AVGO,1
2022-04-29,GOOGL,1
2022-04-29,META,1
2022-04-29,MSFT,1
2022-04-29,NFLX,1
2022-04-29,NVDA,1
2022-04-29,SPY,1
2022-04-29,TSLA,1
2022-05-02,AAPL,1
2022-05-02,AMD,1
2022-05-02,AMZN,1
2022-05-02,AVGO,0
2022-05-02,GOOGL,1
2022-05-02,META,0
2022-05-02,MSFT,0
2022-05-02,NFLX,1
2022-05-02,NVDA,1
2022-05-02,SPY,0
2022-05-02,TSLA,1
2022-05-03,AAPL,0
2022-05-03,AMD,1
2022-05-03,AMZN,1
2022-05-03,AVGO,0
2022-05-03,GOOGL,1
2022-05-03,META,0
2022-05-03,MSFT,0
2022-05-03,NFLX,1
2022-05-03,NVDA,1
2022-05-03,SPY,0
2022-05-03,TSLA,1
2022-05-04,AAPL,0
2022-05-04,AMD,0
2022-05-04,AMZN,1
2022-05-04,AVGO,0
2022-05-04,GOOGL,1
2022-05-04,META,0
2022-05-04,MSFT,0
2022-05-04,NFLX,1
2022-05-04,NVDA,1
2022-05-04,SPY,0
2022-05-04,TSLA,1
2022-05-05,AAPL,0
2022-05-05,AMD,0
2022-05-05,AMZN,1
2022-05-05,AVGO,0
2022-05-05,GOOGL,1
2022-05-05,META,0
2022-05-05,MSFT,0
2022-05-05,NFLX,1
2022-05-05,NVDA,1
2022-05-05,SPY,0
2022-05-05,TSLA,1
2022-05-06,AAPL,0
2022-05-06,AMD,0
2022-05-06,AMZN,1
2022-05-06,AVGO,0
2022-05-06,GOOGL,1
2022-05-06,META,0
2022-05-06,MSFT,0
2022-05-06,NFLX,1
2022-05-06,NVDA,1
2022-05-06,SPY,0
2022-05-06,TSLA,1
2022-05-09,AAPL,1
2022-05-09,AMD,1
2022-05-09,AMZN,1
2022-05-09,AVGO,0
2022-05-09,GOOGL,1
2022-05-09,META,1
2022-05-09,MSFT,0
2022-05-09,NFLX,1
2022-05-09,NVDA,1
2022-05-09,SPY,1
2022-05-09,TSLA,1
2022-05-10,AAPL,1
2022-05-10,AMD,1
2022-05-10,AMZN,1
2022-05-10,AVGO,0
2022-05-10,GOOGL,1
2022-05-10,META,1
2022-05-10,MSFT,0
2022-05-10,NFLX,1
2022-05-10,NVDA,1
2022-05-10,SPY,1
2022-05-10,TSLA,1
2022-05-11,AAPL,1
2022-05-11,AMD,1
2022-05-11,AMZN,1
2022-05-11,AVGO,0
2022-05-11,GOOGL,1
2022-05-11,META,1
2022-05-11,MSFT,1
2022-05-11,NFLX,1
2022-05-11,NVDA,1
2022-05-11,SPY,1
2022-05-11,TSLA,1
2022-05-12,AAPL,1
2022-05-12,AMD,1
2022-05-12,AMZN,1
2022-05-12,AVGO,0
2022-05-12,GOOGL,1
2022-05-12,META,1
2022-05-12,MSFT,1
2022-05-12,NFLX,1
2022-05-12,NVDA,1
2022-05-12,SPY,1
2022-05-12,TSLA,1
2022-05-13,AAPL,1
2022-05-13,AMD,0
2022-05-13,AMZN,1
2022-05-13,AVGO,0
2022-05-13,GOOGL,1
2022-05-13,META,1
2022-05-13,MSFT,1
2022-05-13,NFLX,1
2022-05-13,NVDA,1
2022-05-13,SPY,1
2022-05-13,TSLA,1
2022-05-16,AAPL,1
2022-05-16,AMD,0
2022-05-16,AMZN,1
2022-05-16,AVGO,0
2022-05-16,GOOGL,1
2022-05-16,META,1
2022-05-16,MSFT,1
2022-05-16,NFLX,1
2022-05-16,NVDA,1
2022-05-16,SPY,1
2022-05-16,TSLA,1
2022-05-17,AAPL,1
2022-05-17,AMD,0
2022-05-17,AMZN,1
2022-05-17,AVGO,0
2022-05-17,GOOGL,0
2022-05-17,META,1
2022-05-17,MSFT,0
2022-05-17,NFLX,1
2022-05-17,NVDA,1
2022-05-17,SPY,0
2022-05-17,TSLA,1
2022-05-18,AAPL,1
2022-05-18,AMD,0
2022-05-18,AMZN,1
2022-05-18,AVGO,0
2022-05-18,GOOGL,0
2022-05-18,META,1
2022-05-18,MSFT,1
2022-05-18,NFLX,1
2022-05-18,NVDA,1
2022-05-18,SPY,0
2022-05-18,TSLA,1
2022-05-19,AAPL,1
2022-05-19,AMD,0
2022-05-19,AMZN,1
2022-05-19,AVGO,1
2022-05-19,GOOGL,1
2022-05-19,META,1
2022-05-19,MSFT,1
2022-05-19,NFLX,1
2022-05-19,NVDA,1
2022-05-19,SPY,1
2022-05-19,TSLA,1
2022-05-20,AAPL,1
2022-05-20,AMD,0
2022-05-20,AMZN,1
2022-05-20,AVGO,1
2022-05-20,GOOGL,1
2022-05-20,META,1
2022-05-20,MSFT,1
2022-05-20,NFLX,0
2022-05-20,NVDA,1
2022-05-20,SPY,1
2022-05-20,TSLA,1
2022-05-23,AAPL,1
2022-05-23,AMD,0
2022-05-23,AMZN,1
2022-05-23,AVGO,1
2022-05-23,GOOGL,0
2022-05-23,META,1
2022-05-23,MSFT,1
2022-05-23,NFLX,0
2022-05-23,NVDA,1
2022-05-23,SPY,0
2022-05-23,TSLA,1
2022-05-24,AAPL,1
2022-05-24,AMD,1
2022-05-24,AMZN,1
2022-05-24,AVGO,1
2022-05-24,GOOGL,1
2022-05-24,META,1
2022-05-24,MSFT,1
2022-05-24,NFLX,1
2022-05-24,NVDA,1
2022-05-24,SPY,0
2022-05-24,TSLA,1
2022-05-25,AAPL,1
2022-05-25,AMD,1
2022-05-25,AMZN,1
2022-05-25,AVGO,1
2022-05-25,GOOGL,1
2022-05-25,META,1
2022-05-25,MSFT,1
2022-05-25,NFLX,0
2022-05-25,NVDA,1
2022-05-25,SPY,0
2022-05-25,TSLA,1
2022-05-26,AAPL,1
2022-05-26,AMD,0
2022-05-26,AMZN,1
2022-05-26,AVGO,1
2022-05-26,GOOGL,1
2022-05-26,META,1
2022-05-26,MSFT,0
2022-05-26,NFLX,0
2022-05-26,NVDA,1
2022-05-26,SPY,0
2022-05-26,TSLA,1
2022-05-27,AAPL,1
2022-05-27,AMD,0
2022-05-27,AMZN,0
2022-05-27,AVGO,0
2022-05-27,GOOGL,0
2022-05-27,META,1
2022-05-27,MSFT,0
2022-05-27,NFLX,0
2022-05-27,NVDA,0
2022-05-27,SPY,0
2022-05-27,TSLA,0
2022-05-31,AAPL,1
2022-05-31,AMD,0
2022-05-31,AMZN,0
2022-05-31,AVGO,0
2022-05-31,GOOGL,0
2022-05-31,META,1
2022-05-31,MSFT,0
2022-05-31,NFLX,0
2022-05-31,NVDA,0
2022-05-31,SPY,0
2022-05-31,TSLA,0
2022-06-01,AAPL,0
2022-06-01,AMD,0
2022-06-01,AMZN,0
2022-06-01,AVGO,0
2022-06-01,GOOGL,0
2022-06-01,META,1
2022-06-01,MSFT,0
2022-06-01,NFLX,0
2022-06-01,NVDA,0
2022-06-01,SPY,0
2022-06-01,TSLA,0
2022-06-02,AAPL,0
2022-06-02,AMD,0
2022-06-02,AMZN,0
2022-06-02,AVGO,0
2022-06-02,GOOGL,0
2022-06-02,META,0
2022-06-02,MSFT,0
2022-06-02,NFLX,0
2022-06-02,NVDA,0
2022-06-02,SPY,0
2022-06-02,TSLA,0
2022-06-03,AAPL,0
2022-06-03,AMD,0
2022-06-03,AMZN,0
2022-06-03,AVGO,0
2022-06-03,GOOGL,0
2022-06-03,META,0
2022-06-03,MSFT,0
2022-06-03,NFLX,0
2022-06-03,NVDA,0
2022-06-03,SPY,0
2022-06-03,TSLA,1
2022-06-06,AAPL,0
2022-06-06,AMD,0
2022-06-06,AMZN,0
2022-06-06,AVGO,0
2022-06-06,GOOGL,0
2022-06-06,META,0
2022-06-06,MSFT,0
2022-06-06,NFLX,0
2022-06-06,NVDA,0
2022-06-06,SPY,0
2022-06-06,TSLA,1
2022-06-07,AAPL,0
2022-06-07,AMD,0
2022-06-07,AMZN,0
2022-06-07,AVGO,0
2022-06-07,GOOGL,0
2022-06-07,META,0
2022-06-07,MSFT,0
2022-06-07,NFLX,0
2022-06-07,NVDA,0
2022-06-07,SPY,0
2022-06-07,TSLA,0
2022-06-08,AAPL,0
2022-06-08,AMD,0
2022-06-08,AMZN,0
2022-06-08,AVGO,0
2022-06-08,GOOGL,0
2022-06-08,META,0
2022-06-08,MSFT,0
2022-06-08,NFLX,0
2022-06-08,NVDA,0
2022-06-08,SPY,0
2022-06-08,TSLA,0
2022-06-09,AAPL,0
2022-06-09,AMD,0
2022-06-09,AMZN,0
2022-06-09,AVGO,0
2022-06-09,GOOGL,0
2022-06-09,META,1
2022-06-09,MSFT,0
2022-06-09,NFLX,0
2022-06-09,NVDA,0
2022-06-09,SPY,0
2022-06-09,TSLA,0
2022-06-10,AAPL,1
2022-06-10,AMD,1
2022-06-10,AMZN,1
2022-06-10,AVGO,1
2022-06-10,GOOGL,0
2022-06-10,META,1
2022-06-10,MSFT,0
2022-06-10,NFLX,1
2022-06-10,NVDA,1
2022-06-10,SPY,0
2022-06-10,TSLA,1
2022-06-13,AAPL,1
2022-06-13,AMD,1
2022-06-13,AMZN,1
2022-06-13,AVGO,1
2022-06-13,GOOGL,1
2022-06-13,META,1
2022-06-13,MSFT,1
2022-06-13,NFLX,1
2022-06-13,NVDA,1
2022-06-13,SPY,1
2022-06-13,TSLA,1
2022-06-14,AAPL,1
2022-06-14,AMD,1
2022-06-14,AMZN,1
2022-06-14,AVGO,1
2022-06-14,GOOGL,1
2022-06-14,META,1
2022-06-14,MSFT,1
2022-06-14,NFLX,1
2022-06-14,NVDA,1
2022-06-14,SPY,1
2022-06-14,TSLA,1
2022-06-15,AAPL,1
2022-06-15,AMD,1
2022-06-15,AMZN,1
2022-06-15,AVGO,1
2022-06-15,GOOGL,0
2022-06-15,META,1
2022-06-15,MSFT,0
2022-06-15,NFLX,1
2022-06-15,NVDA,1
2022-06-15,SPY,1
2022-06-15,TSLA,1
2022-06-16,AAPL,1
2022-06-16,AMD,1
2022-06-16,AMZN,1
2022-06-16,AVGO,1
2022-06-16,GOOGL,1
2022-06-16,META,1
2022-06-16,MSFT,1
2022-06-16,NFLX,1
2022-06-16,NVDA,1
2022-06-16,SPY,1
2022-06-16,TSLA,1
2022-06-17,AAPL,1
2022-06-17,AMD,1
2022-06-17,AMZN,1
2022-06-17,AVGO,1
2022-06-17,GOOGL,0
2022-06-17,META,1
2022-06-17,MSFT,1
2022-06-17,NFLX,1
2022-06-17,NVDA,1
2022-06-17,SPY,1
2022-06-17,TSLA,1
2022-06-21,AAPL,1
2022-06-21,AMD,1
2022-06-21,AMZN,1
2022-06-21,AVGO,1
2022-06-21,GOOGL,0
2022-06-21,META,1
2022-06-21,MSFT,0
2022-06-21,NFLX,1
2022-06-21,NVDA,1
2022-06-21,SPY,1
2022-06-21,TSLA,0
2022-06-22,AAPL,1
2022-06-22,AMD,1
2022-06-22,AMZN,1
2022-06-22,AVGO,1
2022-06-22,GOOGL,0
2022-06-22,META,1
2022-06-22,MSFT,0
2022-06-22,NFLX,1
2022-06-22,NVDA,1
2022-06-22,SPY,1
2022-06-22,TSLA,0
2022-06-23,AAPL,0
2022-06-23,AMD,1
2022-06-23,AMZN,1
2022-06-23,AVGO,1
2022-06-23,GOOGL,0
2022-06-23,META,1
2022-06-23,MSFT,0
2022-06-23,NFLX,1
2022-06-23,NVDA,1
2022-06-23,SPY,0
2022-06-23,TSLA,0
2022-06-24,AAPL,0
2022-06-24,AMD,1
2022-06-24,AMZN,0
2022-06-24,AVGO,1
2022-06-24,GOOGL,0
2022-06-24,META,1
2022-06-24,MSFT,0
2022-06-24,NFLX,0
2022-06-24,NVDA,1
2022-06-24,SPY,0
2022-06-24,TSLA,0
2022-06-27,AAPL,0
2022-06-27,AMD,1
2022-06-27,AMZN,1
2022-06-27,AVGO,1
2022-06-27,GOOGL,0
2022-06-27,META,1
2022-06-27,MSFT,0
2022-06-27,NFLX,0
2022-06-27,NVDA,1
2022-06-27,SPY,0
2022-06-27,TSLA,0
2022-06-28,AAPL,1
2022-06-28,AMD,1
2022-06-28,AMZN,1
2022-06-28,AVGO,1
2022-06-28,GOOGL,0
2022-06-28,META,1
2022-06-28,MSFT,0
2022-06-28,NFLX,1
2022-06-28,NVDA,1
2022-06-28,SPY,0
2022-06-28,TSLA,1
2022-06-29,AAPL,0
2022-06-29,AMD,1
2022-06-29,AMZN,1
2022-06-29,AVGO,1
2022-06-29,GOOGL,0
2022-06-29,META,1
2022-06-29,MSFT,0
2022-06-29,NFLX,1
2022-06-29,NVDA,1
2022-06-29,SPY,0
2022-06-29,TSLA,1
2022-06-30,AAPL,0
2022-06-30,AMD,1
2022-06-30,AMZN,1
2022-06-30,AVGO,1
2022-06-30,GOOGL,0
2022-06-30,META,1
2022-06-30,MSFT,0
2022-06-30,NFLX,1
2022-06-30,NVDA,1
2022-06-30,SPY,0
2022-06-30,TSLA,0
2022-07-01,AAPL,0
2022-07-01,AMD,1
2022-07-01,AMZN,1
2022-07-01,AVGO,1
2022-07-01,GOOGL,0
2022-07-01,META,1
2022-07-01,MSFT,0
2022-07-01,NFLX,1
2022-07-01,NVDA,1
2022-07-01,SPY,0
2022-07-01,TSLA,0
2022-07-05,AAPL,0
2022-07-05,AMD,1
2022-07-05,AMZN,0
2022-07-05,AVGO,1
2022-07-05,GOOGL,0
2022-07-05,META,1
2022-07-05,MSFT,0
2022-07-05,NFLX,0
2022-07-05,NVDA,1
2022-07-05,SPY,0
2022-07-05,TSLA,0
2022-07-06,AAPL,0
2022-07-06,AMD,1
2022-07-06,AMZN,0
2022-07-06,AVGO,1
2022-07-06,GOOGL,0
2022-07-06,META,1
2022-07-06,MSFT,0
2022-07-06,NFLX,1
2022-07-06,NVDA,1
2022-07-06,SPY,0
2022-07-06,TSLA,0
2022-07-07,AAPL,0
2022-07-07,AMD,1
2022-07-07,AMZN,0
2022-07-07,AVGO,1
2022-07-07,GOOGL,0
2022-07-07,META,0
2022-07-07,MSFT,0
2022-07-07,NFLX,0
2022-07-07,NVDA,1
2022-07-07,SPY,0
2022-07-07,TSLA,0
2022-07-08,AAPL,0
2022-07-08,AMD,1
2022-07-08,AMZN,0
2022-07-08,AVGO,0
2022-07-08,GOOGL,0
2022-07-08,META,0
2022-07-08,MSFT,0
2022-07-08,NFLX,0
2022-07-08,NVDA,0
2022-07-08,SPY,0
2022-07-08,TSLA,0
2022-07-11,AAPL,0
2022-07-11,AMD,1
2022-07-11,AMZN,0
2022-07-11,AVGO,0
2022-07-11,GOOGL,0
2022-07-11,META,0
2022-07-11,MSFT,0
2022-07-11,NFLX,0
2022-07-11,NVDA,1
2022-07-11,SPY,0
2022-07-11,TSLA,0
2022-07-12,AAPL,0
2022-07-12,AMD,1
2022-07-12,AMZN,0
2022-07-12,AVGO,0
2022-07-12,GOOGL,0
2022-07-12,META,0
2022-07-12,MSFT,0
2022-07-12,NFLX,0
2022-07-12,NVDA,1
2022-07-12,SPY,0
2022-07-12,TSLA,0
2022-07-13,AAPL,0
2022-07-13,AMD,1
2022-07-13,AMZN,0
2022-07-13,AVGO,0
2022-07-13,GOOGL,0
2022-07-13,META,0
2022-07-13,MSFT,0
2022-07-13,NFLX,0
2022-07-13,NVDA,1
2022-07-13,SPY,0
2022-07-13,TSLA,0
2022-07-14,AAPL,0
2022-07-14,AMD,1
2022-07-14,AMZN,0
2022-07-14,AVGO,0
2022-07-14,GOOGL,0
2022-07-14,META,0
2022-07-14,MSFT,0
2022-07-14,NFLX,0
2022-07-14,NVDA,1
2022-07-14,SPY,0
2022-07-14,TSLA,0
2022-07-15,AAPL,0
2022-07-15,AMD,0
2022-07-15,AMZN,0
2022-07-15,AVGO,0
2022-07-15,GOOGL,0
2022-07-15,META,0
2022-07-15,MSFT,0
2022-07-15,NFLX,0
2022-07-15,NVDA,0
2022-07-15,SPY,0
2022-07-15,TSLA,0
2022-07-18,AAPL,0
2022-07-18,AMD,0
2022-07-18,AMZN,0
2022-07-18,AVGO,0
2022-07-18,GOOGL,0
2022-07-18,META,0
2022-07-18,MSFT,0
2022-07-18,NFLX,0
2022-07-18,NVDA,0
2022-07-18,SPY,0
2022-07-18,TSLA,0
2022-07-19,AAPL,0
2022-07-19,AMD,0
2022-07-19,AMZN,0
2022-07-19,AVGO,0
2022-07-19,GOOGL,0
2022-07-19,META,0
2022-07-19,MSFT,0
2022-07-19,NFLX,0
2022-07-19,NVDA,0
2022-07-19,SPY,0
2022-07-19,TSLA,0
2022-07-20,AAPL,0
2022-07-20,AMD,0
2022-07-20,AMZN,0
2022-07-20,AVGO,0
2022-07-20,GOOGL,0
2022-07-20,META,0
2022-07-20,MSFT,0
2022-07-20,NFLX,0
2022-07-20,NVDA,0
2022-07-20,SPY,0
2022-07-20,TSLA,0
2022-07-21,AAPL,0
2022-07-21,AMD,0
2022-07-21,AMZN,0
2022-07-21,AVGO,0
2022-07-21,GOOGL,0
2022-07-21,META,0
2022-07-21,MSFT,0
2022-07-21,NFLX,0
2022-07-21,NVDA,0
2022-07-21,SPY,0
2022-07-21,TSLA,0
2022-07-22,AAPL,0
2022-07-22,AMD,0
2022-07-22,AMZN,0
2022-07-22,AVGO,0
2022-07-22,GOOGL,1
2022-07-22,META,0
2022-07-22,MSFT,0
2022-07-22,NFLX,0
2022-07-22,NVDA,0
2022-07-22,SPY,0
2022-07-22,TSLA,0
2022-07-25,AAPL,0
2022-07-25,AMD,0
2022-07-25,AMZN,0
2022-07-25,AVGO,0
2022-07-25,GOOGL,1
2022-07-25,META,0
2022-07-25,MSFT,0
2022-07-25,NFLX,0
2022-07-25,NVDA,0
2022-07-25,SPY,0
2022-07-25,TSLA,0
2022-07-26,AAPL,0
2022-07-26,AMD,0
2022-07-26,AMZN,0
2022-07-26,AVGO,0
2022-07-26,GOOGL,1
2022-07-26,META,1
2022-07-26,MSFT,0
2022-07-26,NFLX,0
2022-07-26,NVDA,0
2022-07-26,SPY,0
2022-07-26,TSLA,0
2022-07-27,AAPL,0
2022-07-27,AMD,0
2022-07-27,AMZN,0
2022-07-27,AVGO,0
2022-07-27,GOOGL,0
2022-07-27,META,0
2022-07-27,MSFT,0
2022-07-27,NFLX,0
2022-07-27,NVDA,0
2022-07-27,SPY,0
2022-07-27,TSLA,0
2022-07-28,AAPL,0
2022-07-28,AMD,0
2022-07-28,AMZN,1
2022-07-28,AVGO,0
2022-07-28,GOOGL,0
2022-07-28,META,1
2022-07-28,MSFT,0
2022-07-28,NFLX,0
2022-07-28,NVDA,0
2022-07-28,SPY,0
2022-07-28,TSLA,0
2022-07-29,AAPL,0
2022-07-29,AMD,0
2022-07-29,AMZN,0
2022-07-29,AVGO,0
2022-07-29,GOOGL,0
2022-07-29,META,1
2022-07-29,MSFT,0
2022-07-29,NFLX,0
2022-07-29,NVDA,0
2022-07-29,SPY,0
2022-07-29,TSLA,0
2022-08-01,AAPL,0
2022-08-01,AMD,0
2022-08-01,AMZN,0
2022-08-01,AVGO,0
2022-08-01,GOOGL,0
2022-08-01,META,1
2022-08-01,MSFT,0
2022-08-01,NFLX,0
2022-08-01,NVDA,0
2022-08-01,SPY,0
2022-08-01,TSLA,0
2022-08-02,AAPL,0
2022-08-02,AMD,0
2022-08-02,AMZN,0
2022-08-02,AVGO,0
2022-08-02,GOOGL,0
2022-08-02,META,1
2022-08-02,MSFT,0
2022-08-02,NFLX,0
2022-08-02,NVDA,0
2022-08-02,SPY,0
2022-08-02,TSLA,0
2022-08-03,AAPL,0
2022-08-03,AMD,0
2022-08-03,AMZN,0
2022-08-03,AVGO,0
2022-08-03,GOOGL,0
2022-08-03,META,0
2022-08-03,MSFT,0
2022-08-03,NFLX,0
2022-08-03,NVDA,0
2022-08-03,SPY,0
2022-08-03,TSLA,0
2022-08-04,AAPL,0
2022-08-04,AMD,0
2022-08-04,AMZN,0
2022-08-04,AVGO,0
2022-08-04,GOOGL,0
2022-08-04,META,0
2022-08-04,MSFT,0
2022-08-04,NFLX,0
2022-08-04,NVDA,0
2022-08-04,SPY,0
2022-08-04,TSLA,0
2022-08-05,AAPL,0
2022-08-05,AMD,0
2022-08-05,AMZN,0
2022-08-05,AVGO,0
2022-08-05,GOOGL,0
2022-08-05,META,0
2022-08-05,MSFT,0
2022-08-05,NFLX,0
2022-08-05,NVDA,0
2022-08-05,SPY,0
2022-08-05,TSLA,0
2022-08-08,AAPL,0
2022-08-08,AMD,0
2022-08-08,AMZN,0
2022-08-08,AVGO,0
2022-08-08,GOOGL,0
2022-08-08,META,0
2022-08-08,MSFT,0
2022-08-08,NFLX,0
2022-08-08,NVDA,0
2022-08-08,SPY,0
2022-08-08,TSLA,0
2022-08-09,AAPL,0
2022-08-09,AMD,0
2022-08-09,AMZN,0
2022-08-09,AVGO,0
2022-08-09,GOOGL,0
2022-08-09,META,0
2022-08-09,MSFT,0
2022-08-09,NFLX,0
2022-08-09,NVDA,1
2022-08-09,SPY,0
2022-08-09,TSLA,0
2022-08-10,AAPL,0
2022-08-10,AMD,0
2022-08-10,AMZN,0
2022-08-10,AVGO,0
2022-08-10,GOOGL,0
2022-08-10,META,0
2022-08-10,MSFT,0
2022-08-10,NFLX,0
2022-08-10,NVDA,0
2022-08-10,SPY,0
2022-08-10,TSLA,0
2022-08-11,AAPL,0
2022-08-11,AMD,0
2022-08-11,AMZN,0
2022-08-11,AVGO,0
2022-08-11,GOOGL,0
2022-08-11,META,0
2022-08-11,MSFT,0
2022-08-11,NFLX,0
2022-08-11,NVDA,0
2022-08-11,SPY,0
2022-08-11,TSLA,0
2022-08-12,AAPL,0
2022-08-12,AMD,0
2022-08-12,AMZN,0
2022-08-12,AVGO,0
2022-08-12,GOOGL,0
2022-08-12,META,0
2022-08-12,MSFT,0
2022-08-12,NFLX,0
2022-08-12,NVDA,0
2022-08-12,SPY,0
2022-08-12,TSLA,0
2022-08-15,AAPL,0
2022-08-15,AMD,0
2022-08-15,AMZN,0
2022-08-15,AVGO,0
2022-08-15,GOOGL,0
2022-08-15,META,0
2022-08-15,MSFT,0
2022-08-15,NFLX,0
2022-08-15,NVDA,0
2022-08-15,SPY,0
2022-08-15,TSLA,0
2022-08-16,AAPL,0
2022-08-16,AMD,0
2022-08-16,AMZN,0
2022-08-16,AVGO,0
2022-08-16,GOOGL,0
2022-08-16,META,0
2022-08-16,MSFT,0
2022-08-16,NFLX,0
2022-08-16,NVDA,0
2022-08-16,SPY,0
2022-08-16,TSLA,0
2022-08-17,AAPL,0
2022-08-17,AMD,0
2022-08-17,AMZN,0
2022-08-17,AVGO,0
2022-08-17,GOOGL,0
2022-08-17,META,0
2022-08-17,MSFT,0
2022-08-17,NFLX,0
2022-08-17,NVDA,0
2022-08-17,SPY,0
2022-08-17,TSLA,0
2022-08-18,AAPL,0
2022-08-18,AMD,0
2022-08-18,AMZN,0
2022-08-18,AVGO,0
2022-08-18,GOOGL,0
2022-08-18,META,0
2022-08-18,MSFT,0
2022-08-18,NFLX,0
2022-08-18,NVDA,0
2022-08-18,SPY,0
2022-08-18,TSLA,0
2022-08-19,AAPL,0
2022-08-19,AMD,0
2022-08-19,AMZN,0
2022-08-19,AVGO,0
2022-08-19,GOOGL,0
2022-08-19,META,0
2022-08-19,MSFT,0
2022-08-19,NFLX,0
2022-08-19,NVDA,0
2022-08-19,SPY,0
2022-08-19,TSLA,0
2022-08-22,AAPL,0
2022-08-22,AMD,1
2022-08-22,AMZN,0
2022-08-22,AVGO,0
2022-08-22,GOOGL,0
2022-08-22,META,1
2022-08-22,MSFT,0
2022-08-22,NFLX,1
2022-08-22,NVDA,1
2022-08-22,SPY,0
2022-08-22,TSLA,0
2022-08-23,AAPL,0
2022-08-23,AMD,1
2022-08-23,AMZN,0
2022-08-23,AVGO,0
2022-08-23,GOOGL,0
2022-08-23,META,1
2022-08-23,MSFT,0
2022-08-23,NFLX,1
2022-08-23,NVDA,1
2022-08-23,SPY,0
2022-08-23,TSLA,0
2022-08-24,AAPL,0
2022-08-24,AMD,1
2022-08-24,AMZN,0
2022-08-24,AVGO,0
2022-08-24,GOOGL,0
2022-08-24,META,1
2022-08-24,MSFT,0
2022-08-24,NFLX,0
2022-08-24,NVDA,1
2022-08-24,SPY,0
2022-08-24,TSLA,0
2022-08-25,AAPL,0
2022-08-25,AMD,0
2022-08-25,AMZN,0
2022-08-25,AVGO,0
2022-08-25,GOOGL,0
2022-08-25,META,0
2022-08-25,MSFT,0
2022-08-25,NFLX,0
2022-08-25,NVDA,0
2022-08-25,SPY,0
2022-08-25,TSLA,0
2022-08-26,AAPL,0
2022-08-26,AMD,1
2022-08-26,AMZN,1
2022-08-26,AVGO,0
2022-08-26,GOOGL,1
2022-08-26,META,1
2022-08-26,MSFT,0
2022-08-26,NFLX,1
2022-08-26,NVDA,1
2022-08-26,SPY,0
2022-08-26,TSLA,0
2022-08-29,AAPL,0
2022-08-29,AMD,1
2022-08-29,AMZN,1
2022-08-29,AVGO,0
2022-08-29,GOOGL,1
2022-08-29,META,1
2022-08-29,MSFT,1
2022-08-29,NFLX,1
2022-08-29,NVDA,1
2022-08-29,SPY,0
2022-08-29,TSLA,0
2022-08-30,AAPL,0
2022-08-30,AMD,1
2022-08-30,AMZN,1
2022-08-30,AVGO,1
2022-08-30,GOOGL,1
2022-08-30,META,1
2022-08-30,MSFT,1
2022-08-30,NFLX,1
2022-08-30,NVDA,1
2022-08-30,SPY,0
2022-08-30,TSLA,1
2022-08-31,AAPL,1
2022-08-31,AMD,1
2022-08-31,AMZN,1
2022-08-31,AVGO,1
2022-08-31,GOOGL,1
2022-08-31,META,1
2022-08-31,MSFT,1
2022-08-31,NFLX,1
2022-08-31,NVDA,1
2022-08-31,SPY,0
2022-08-31,TSLA,1
2022-09-01,AAPL,1
2022-09-01,AMD,1
2022-09-01,AMZN,1
2022-09-01,AVGO,1
2022-09-01,GOOGL,1
2022-09-01,META,0
2022-09-01,MSFT,1
2022-09-01,NFLX,0
2022-09-01,NVDA,1
2022-09-01,SPY,0
2022-09-01,TSLA,1
2022-09-02,AAPL,1
2022-09-02,AMD,1
2022-09-02,AMZN,1
2022-09-02,AVGO,1
2022-09-02,GOOGL,1
2022-09-02,META,1
2022-09-02,MSFT,1
2022-09-02,NFLX,1
2022-09-02,NVDA,1
2022-09-02,SPY,0
2022-09-02,TSLA,1
2022-09-06,AAPL,1
2022-09-06,AMD,1
2022-09-06,AMZN,1
2022-09-06,AVGO,1
2022-09-06,GOOGL,1
2022-09-06,META,1
2022-09-06,MSFT,1
2022-09-06,NFLX,1
2022-09-06,NVDA,1
2022-09-06,SPY,0
2022-09-06,TSLA,1
2022-09-07,AAPL,1
2022-09-07,AMD,1
2022-09-07,AMZN,1
2022-09-07,AVGO,1
2022-09-07,GOOGL,1
2022-09-07,META,1
2022-09-07,MSFT,1
2022-09-07,NFLX,0
2022-09-07,NVDA,1
2022-09-07,SPY,0
2022-09-07,TSLA,0
2022-09-08,AAPL,1
2022-09-08,AMD,1
2022-09-08,AMZN,1
2022-09-08,AVGO,0
2022-09-08,GOOGL,1
2022-09-08,META,1
2022-09-08,MSFT,1
2022-09-08,NFLX,0
2022-09-08,NVDA,1
2022-09-08,SPY,0
2022-09-08,TSLA,0
2022-09-09,AAPL,1
2022-09-09,AMD,1
2022-09-09,AMZN,0
2022-09-09,AVGO,0
2022-09-09,GOOGL,1
2022-09-09,META,0
2022-09-09,MSFT,1
2022-09-09,NFLX,0
2022-09-09,NVDA,1
2022-09-09,SPY,0
2022-09-09,TSLA,0
2022-09-12,AAPL,0
2022-09-12,AMD,1
2022-09-12,AMZN,0
2022-09-12,AVGO,0
2022-09-12,GOOGL,0
2022-09-12,META,0
2022-09-12,MSFT,0
2022-09-12,NFLX,0
2022-09-12,NVDA,1
2022-09-12,SPY,0
2022-09-12,TSLA,0
2022-09-13,AAPL,1
2022-09-13,AMD,1
2022-09-13,AMZN,1
2022-09-13,AVGO,1
2022-09-13,GOOGL,1
2022-09-13,META,1
2022-09-13,MSFT,1
2022-09-13,NFLX,1
2022-09-13,NVDA,1
2022-09-13,SPY,0
2022-09-13,TSLA,0
2022-09-14,AAPL,1
2022-09-14,AMD,1
2022-09-14,AMZN,1
2022-09-14,AVGO,0
2022-09-14,GOOGL,1
2022-09-14,META,1
2022-09-14,MSFT,1
2022-09-14,NFLX,0
2022-09-14,NVDA,1
2022-09-14,SPY,0
2022-09-14,TSLA,0
2022-09-15,AAPL,1
2022-09-15,AMD,1
2022-09-15,AMZN,0
2022-09-15,AVGO,0
2022-09-15,GOOGL,1
2022-09-15,META,1
2022-09-15,MSFT,1
2022-09-15,NFLX,0
2022-09-15,NVDA,1
2022-09-15,SPY,0
2022-09-15,TSLA,0
2022-09-16,AAPL,1
2022-09-16,AMD,1
2022-09-16,AMZN,1
2022-09-16,AVGO,0
2022-09-16,GOOGL,1
2022-09-16,META,1
2022-09-16,MSFT,1
2022-09-16,NFLX,0
2022-09-16,NVDA,1
2022-09-16,SPY,0
2022-09-16,TSLA,0
2022-09-19,AAPL,1
2022-09-19,AMD,1
2022-09-19,AMZN,1
2022-09-19,AVGO,0
2022-09-19,GOOGL,1
2022-09-19,META,1
2022-09-19,MSFT,1
2022-09-19,NFLX,0
2022-09-19,NVDA,1
2022-09-19,SPY,0
2022-09-19,TSLA,0
2022-09-20,AAPL,0
2022-09-20,AMD,1
2022-09-20,AMZN,1
2022-09-20,AVGO,1
2022-09-20,GOOGL,1
2022-09-20,META,1
2022-09-20,MSFT,1
2022-09-20,NFLX,0
2022-09-20,NVDA,1
2022-09-20,SPY,0
2022-09-20,TSLA,0
2022-09-21,AAPL,1
2022-09-21,AMD,1
2022-09-21,AMZN,1
2022-09-21,AVGO,1
2022-09-21,GOOGL,1
2022-09-21,META,1
2022-09-21,MSFT,1
2022-09-21,NFLX,0
2022-09-21,NVDA,1
2022-09-21,SPY,1
2022-09-21,TSLA,0
2022-09-22,AAPL,0
2022-09-22,AMD,1
2022-09-22,AMZN,1
2022-09-22,AVGO,0
2022-09-22,GOOGL,1
2022-09-22,META,1
2022-09-22,MSFT,1
2022-09-22,NFLX,0
2022-09-22,NVDA,1
2022-09-22,SPY,0
2022-09-22,TSLA,0
2022-09-23,AAPL,0
2022-09-23,AMD,1
2022-09-23,AMZN,1
2022-09-23,AVGO,1
2022-09-23,GOOGL,1
2022-09-23,META,1
2022-09-23,MSFT,1
2022-09-23,NFLX,0
2022-09-23,NVDA,1
2022-09-23,SPY,1
2022-09-23,TSLA,1
2022-09-26,AAPL,0
2022-09-26,AMD,1
2022-09-26,AMZN,1
2022-09-26,AVGO,1
2022-09-26,GOOGL,1
2022-09-26,META,1
2022-09-26,MSFT,1
2022-09-26,NFLX,0
2022-09-26,NVDA,1
2022-09-26,SPY,1
2022-09-26,TSLA,1
2022-09-27,AAPL,0
2022-09-27,AMD,1
2022-09-27,AMZN,1
2022-09-27,AVGO,1
2022-09-27,GOOGL,1
2022-09-27,META,1
2022-09-27,MSFT,1
2022-09-27,NFLX,0
2022-09-27,NVDA,1
2022-09-27,SPY,1
2022-09-27,TSLA,0
2022-09-28,AAPL,0
2022-09-28,AMD,1
2022-09-28,AMZN,1
2022-09-28,AVGO,1
2022-09-28,GOOGL,1
2022-09-28,META,1
2022-09-28,MSFT,1
2022-09-28,NFLX,0
2022-09-28,NVDA,1
2022-09-28,SPY,1
2022-09-28,TSLA,0
2022-09-29,AAPL,1
2022-09-29,AMD,1
2022-09-29,AMZN,1
2022-09-29,AVGO,1
2022-09-29,GOOGL,1
2022-09-29,META,1
2022-09-29,MSFT,1
2022-09-29,NFLX,0
2022-09-29,NVDA,1
2022-09-29,SPY,1
2022-09-29,TSLA,1
2022-09-30,AAPL,1
2022-09-30,AMD,1
2022-09-30,AMZN,1
2022-09-30,AVGO,1
2022-09-30,GOOGL,1
2022-09-30,META,1
2022-09-30,MSFT,1
2022-09-30,NFLX,0
2022-09-30,NVDA,1
2022-09-30,SPY,1
2022-09-30,TSLA,1
2022-10-03,AAPL,1
2022-10-03,AMD,1
2022-10-03,AMZN,1
2022-10-03,AVGO,1
2022-10-03,GOOGL,1
2022-10-03,META,1
2022-10-03,MSFT,1
2022-10-03,NFLX,0
2022-10-03,NVDA,1
2022-10-03,SPY,1
2022-10-03,TSLA,1
2022-10-04,AAPL,1
2022-10-04,AMD,1
2022-10-04,AMZN,1
2022-10-04,AVGO,0
2022-10-04,GOOGL,0
2022-10-04,META,1
2022-10-04,MSFT,0
2022-10-04,NFLX,0
2022-10-04,NVDA,1
2022-10-04,SPY,0
2022-10-04,TSLA,1
2022-10-05,AAPL,1
2022-10-05,AMD,1
2022-10-05,AMZN,1
2022-10-05,AVGO,0
2022-10-05,GOOGL,0
2022-10-05,META,1
2022-10-05,MSFT,0
2022-10-05,NFLX,0
2022-10-05,NVDA,0
2022-10-05,SPY,0
2022-10-05,TSLA,1
2022-10-06,AAPL,1
2022-10-06,AMD,1
2022-10-06,AMZN,1
2022-10-06,AVGO,0
2022-10-06,GOOGL,0
2022-10-06,META,1
2022-10-06,MSFT,0
2022-10-06,NFLX,0
2022-10-06,NVDA,1
2022-10-06,SPY,0
2022-10-06,TSLA,1
2022-10-07,AAPL,1
2022-10-07,AMD,1
2022-10-07,AMZN,1
2022-10-07,AVGO,0
2022-10-07,GOOGL,0
2022-10-07,META,1
2022-10-07,MSFT,0
2022-10-07,NFLX,0
2022-10-07,NVDA,1
2022-10-07,SPY,0
2022-10-07,TSLA,1
2022-10-10,AAPL,1
2022-10-10,AMD,1
2022-10-10,AMZN,1
2022-10-10,AVGO,1
2022-10-10,GOOGL,0
2022-10-10,META,1
2022-10-10,MSFT,1
2022-10-10,NFLX,0
2022-10-10,NVDA,1
2022-10-10,SPY,0
2022-10-10,TSLA,1
2022-10-11,AAPL,1
2022-10-11,AMD,1
2022-10-11,AMZN,1
2022-10-11,AVGO,1
2022-10-11,GOOGL,0
2022-10-11,META,1
2022-10-11,MSFT,1
2022-10-11,NFLX,1
2022-10-11,NVDA,1
2022-10-11,SPY,0
2022-10-11,TSLA,1
2022-10-12,AAPL,1
2022-10-12,AMD,1
2022-10-12,AMZN,1
2022-10-12,AVGO,1
2022-10-12,GOOGL,0
2022-10-12,META,1
2022-10-12,MSFT,1
2022-10-12,NFLX,1
2022-10-12,NVDA,1
2022-10-12,SPY,0
2022-10-12,TSLA,1
2022-10-13,AAPL,0
2022-10-13,AMD,1
2022-10-13,AMZN,1
2022-10-13,AVGO,1
2022-10-13,GOOGL,0
2022-10-13,META,1
2022-10-13,MSFT,0
2022-10-13,NFLX,0
2022-10-13,NVDA,1
2022-10-13,SPY,0
2022-10-13,TSLA,1
2022-10-14,AAPL,1
2022-10-14,AMD,1
2022-10-14,AMZN,1
2022-10-14,AVGO,1
2022-10-14,GOOGL,0
2022-10-14,META,1
2022-10-14,MSFT,0
2022-10-14,NFLX,0
2022-10-14,NVDA,1
2022-10-14,SPY,0
2022-10-14,TSLA,1
2022-10-17,AAPL,0
2022-10-17,AMD,1
2022-10-17,AMZN,0
2022-10-17,AVGO,1
2022-10-17,GOOGL,0
2022-10-17,META,0
2022-10-17,MSFT,0
2022-10-17,NFLX,0
2022-10-17,NVDA,1
2022-10-17,SPY,0
2022-10-17,TSLA,1
2022-10-18,AAPL,0
2022-10-18,AMD,1
2022-10-18,AMZN,0
2022-10-18,AVGO,1
2022-10-18,GOOGL,0
2022-10-18,META,0
2022-10-18,MSFT,0
2022-10-18,NFLX,1
2022-10-18,NVDA,1
2022-10-18,SPY,0
2022-10-18,TSLA,1
2022-10-19,AAPL,0
2022-10-19,AMD,1
2022-10-19,AMZN,0
2022-10-19,AVGO,1
2022-10-19,GOOGL,0
2022-10-19,META,0
2022-10-19,MSFT,0
2022-10-19,NFLX,0
2022-10-19,NVDA,0
2022-10-19,SPY,0
2022-10-19,TSLA,1
2022-10-20,AAPL,0
2022-10-20,AMD,1
2022-10-20,AMZN,0
2022-10-20,AVGO,1
2022-10-20,GOOGL,0
2022-10-20,META,0
2022-10-20,MSFT,0
2022-10-20,NFLX,0
2022-10-20,NVDA,0
2022-10-20,SPY,0
2022-10-20,TSLA,1
2022-10-21,AAPL,0
2022-10-21,AMD,1
2022-10-21,AMZN,0
2022-10-21,AVGO,0
2022-10-21,GOOGL,0
2022-10-21,META,0
2022-10-21,MSFT,0
2022-10-21,NFLX,0
2022-10-21,NVDA,0
2022-10-21,SPY,0
2022-10-21,TSLA,1
2022-10-24,AAPL,0
2022-10-24,AMD,1
2022-10-24,AMZN,0
2022-10-24,AVGO,0
2022-10-24,GOOGL,0
2022-10-24,META,0
2022-10-24,MSFT,0
2022-10-24,NFLX,0
2022-10-24,NVDA,0
2022-10-24,SPY,0
2022-10-24,TSLA,1
2022-10-25,AAPL,0
2022-10-25,AMD,1
2022-10-25,AMZN,0
2022-10-25,AVGO,0
2022-10-25,GOOGL,0
2022-10-25,META,0
2022-10-25,MSFT,0
2022-10-25,NFLX,0
2022-10-25,NVDA,0
2022-10-25,SPY,0
2022-10-25,TSLA,1
2022-10-26,AAPL,0
2022-10-26,AMD,1
2022-10-26,AMZN,0
2022-10-26,AVGO,0
2022-10-26,GOOGL,1
2022-10-26,META,0
2022-10-26,MSFT,0
2022-10-26,NFLX,0
2022-10-26,NVDA,0
2022-10-26,SPY,0
2022-10-26,TSLA,1
2022-10-27,AAPL,0
2022-10-27,AMD,1
2022-10-27,AMZN,0
2022-10-27,AVGO,0
2022-10-27,GOOGL,1
2022-10-27,META,1
2022-10-27,MSFT,1
2022-10-27,NFLX,0
2022-10-27,NVDA,0
2022-10-27,SPY,0
2022-10-27,TSLA,1
2022-10-28,AAPL,0
2022-10-28,AMD,0
2022-10-28,AMZN,1
2022-10-28,AVGO,0
2022-10-28,GOOGL,0
2022-10-28,META,1
2022-10-28,MSFT,0
2022-10-28,NFLX,0
2022-10-28,NVDA,0
2022-10-28,SPY,0
2022-10-28,TSLA,0
2022-10-31,AAPL,0
2022-10-31,AMD,1
2022-10-31,AMZN,1
2022-10-31,AVGO,0
2022-10-31,GOOGL,1
2022-10-31,META,1
2022-10-31,MSFT,0
2022-10-31,NFLX,0
2022-10-31,NVDA,0
2022-10-31,SPY,0
2022-10-31,TSLA,0
2022-11-01,AAPL,0
2022-11-01,AMD,1
2022-11-01,AMZN,1
2022-11-01,AVGO,0
2022-11-01,GOOGL,1
2022-11-01,META,1
2022-11-01,MSFT,0
2022-11-01,NFLX,0
2022-11-01,NVDA,0
2022-11-01,SPY,0
2022-11-01,TSLA,0
2022-11-02,AAPL,0
2022-11-02,AMD,0
2022-11-02,AMZN,1
2022-11-02,AVGO,0
2022-11-02,GOOGL,1
2022-11-02,META,1
2022-11-02,MSFT,1
2022-11-02,NFLX,0
2022-11-02,NVDA,0
2022-11-02,SPY,0
2022-11-02,TSLA,0
2022-11-03,AAPL,1
2022-11-03,AMD,0
2022-11-03,AMZN,1
2022-11-03,AVGO,0
2022-11-03,GOOGL,1
2022-11-03,META,1
2022-11-03,MSFT,1
2022-11-03,NFLX,0
2022-11-03,NVDA,0
2022-11-03,SPY,0
2022-11-03,TSLA,0
2022-11-04,AAPL,1
2022-11-04,AMD,0
2022-11-04,AMZN,1
2022-11-04,AVGO,0
2022-11-04,GOOGL,1
2022-11-04,META,1
2022-11-04,MSFT,1
2022-11-04,NFLX,0
2022-11-04,NVDA,0
2022-11-04,SPY,0
2022-11-04,TSLA,1
2022-11-07,AAPL,1
2022-11-07,AMD,0
2022-11-07,AMZN,1
2022-11-07,AVGO,0
2022-11-07,GOOGL,1
2022-11-07,META,1
2022-11-07,MSFT,1
2022-11-07,NFLX,1
2022-11-07,NVDA,0
2022-11-07,SPY,0
2022-11-07,TSLA,1
2022-11-08,AAPL,1
2022-11-08,AMD,0
2022-11-08,AMZN,1
2022-11-08,AVGO,0
2022-11-08,GOOGL,1
2022-11-08,META,1
2022-11-08,MSFT,0
2022-11-08,NFLX,1
2022-11-08,NVDA,0
2022-11-08,SPY,0
2022-11-08,TSLA,1
2022-11-09,AAPL,1
2022-11-09,AMD,1
2022-11-09,AMZN,1
2022-11-09,AVGO,0
2022-11-09,GOOGL,1
2022-11-09,META,1
2022-11-09,MSFT,1
2022-11-09,NFLX,1
2022-11-09,NVDA,0
2022-11-09,SPY,0
2022-11-09,TSLA,1
2022-11-10,AAPL,0
2022-11-10,AMD,0
2022-11-10,AMZN,1
2022-11-10,AVGO,0
2022-11-10,GOOGL,1
2022-11-10,META,0
2022-11-10,MSFT,0
2022-11-10,NFLX,0
2022-11-10,NVDA,0
2022-11-10,SPY,0
2022-11-10,TSLA,1
2022-11-11,AAPL,0
2022-11-11,AMD,0
2022-11-11,AMZN,1
2022-11-11,AVGO,0
2022-11-11,GOOGL,0
2022-11-11,META,0
2022-11-11,MSFT,0
2022-11-11,NFLX,0
2022-11-11,NVDA,0
2022-11-11,SPY,0
2022-11-11,TSLA,1
2022-11-14,AAPL,0
2022-11-14,AMD,0
2022-11-14,AMZN,1
2022-11-14,AVGO,0
2022-11-14,GOOGL,0
2022-11-14,META,0
2022-11-14,MSFT,0
2022-11-14,NFLX,0
2022-11-14,NVDA,0
2022-11-14,SPY,0
2022-11-14,TSLA,1
2022-11-15,AAPL,0
2022-11-15,AMD,0
2022-11-15,AMZN,1
2022-11-15,AVGO,0
2022-11-15,GOOGL,0
2022-11-15,META,0
2022-11-15,MSFT,0
2022-11-15,NFLX,0
2022-11-15,NVDA,0
2022-11-15,SPY,0
2022-11-15,TSLA,1
2022-11-16,AAPL,0
2022-11-16,AMD,0
2022-11-16,AMZN,1
2022-11-16,AVGO,0
2022-11-16,GOOGL,0
2022-11-16,META,0
2022-11-16,MSFT,0
2022-11-16,NFLX,0
2022-11-16,NVDA,0
2022-11-16,SPY,0
2022-11-16,TSLA,1
2022-11-17,AAPL,0
2022-11-17,AMD,0
2022-11-17,AMZN,1
2022-11-17,AVGO,0
2022-11-17,GOOGL,0
2022-11-17,META,0
2022-11-17,MSFT,0
2022-11-17,NFLX,0
2022-11-17,NVDA,0
2022-11-17,SPY,0
2022-11-17,TSLA,1
2022-11-18,AAPL,0
2022-11-18,AMD,0
2022-11-18,AMZN,1
2022-11-18,AVGO,0
2022-11-18,GOOGL,0
2022-11-18,META,0
2022-11-18,MSFT,0
2022-11-18,NFLX,0
2022-11-18,NVDA,0
2022-11-18,SPY,0
2022-11-18,TSLA,1
2022-11-21,AAPL,0
2022-11-21,AMD,0
2022-11-21,AMZN,1
2022-11-21,AVGO,0
2022-11-21,GOOGL,0
2022-11-21,META,0
2022-11-21,MSFT,0
2022-11-21,NFLX,0
2022-11-21,NVDA,0
2022-11-21,SPY,0
2022-11-21,TSLA,1
2022-11-22,AAPL,0
2022-11-22,AMD,0
2022-11-22,AMZN,1
2022-11-22,AVGO,0
2022-11-22,GOOGL,0
2022-11-22,META,0
2022-11-22,MSFT,0
2022-11-22,NFLX,0
2022-11-22,NVDA,0
2022-11-22,SPY,0
2022-11-22,TSLA,1
2022-11-23,AAPL,0
2022-11-23,AMD,0
2022-11-23,AMZN,0
2022-11-23,AVGO,0
2022-11-23,GOOGL,0
2022-11-23,META,0
2022-11-23,MSFT,0
2022-11-23,NFLX,0
2022-11-23,NVDA,0
2022-11-23,SPY,0
2022-11-23,TSLA,1
2022-11-25,AAPL,0
2022-11-25,AMD,0
2022-11-25,AMZN,0
2022-11-25,AVGO,0
2022-11-25,GOOGL,0
2022-11-25,META,0
2022-11-25,MSFT,0
2022-11-25,NFLX,0
2022-11-25,NVDA,0
2022-11-25,SPY,0
2022-11-25,TSLA,1
2022-11-28,AAPL,0
2022-11-28,AMD,0
2022-11-28,AMZN,0
2022-11-28,AVGO,0
2022-11-28,GOOGL,0
2022-11-28,META,0
2022-11-28,MSFT,0
2022-11-28,NFLX,1
2022-11-28,NVDA,0
2022-11-28,SPY,0
2022-11-28,TSLA,1
2022-11-29,AAPL,0
2022-11-29,AMD,0
2022-11-29,AMZN,0
2022-11-29,AVGO,0
2022-11-29,GOOGL,0
2022-11-29,META,0
2022-11-29,MSFT,0
2022-11-29,NFLX,1
2022-11-29,NVDA,0
2022-11-29,SPY,0
2022-11-29,TSLA,1
2022-11-30,AAPL,0
2022-11-30,AMD,0
2022-11-30,AMZN,0
2022-11-30,AVGO,0
2022-11-30,GOOGL,0
2022-11-30,META,0
2022-11-30,MSFT,0
2022-11-30,NFLX,0
2022-11-30,NVDA,0
2022-11-30,SPY,0
2022-11-30,TSLA,1
2022-12-01,AAPL,0
2022-12-01,AMD,0
2022-12-01,AMZN,0
2022-12-01,AVGO,0
2022-12-01,GOOGL,0
2022-12-01,META,0
2022-12-01,MSFT,0
2022-12-01,NFLX,0
2022-12-01,NVDA,0
2022-12-01,SPY,0
2022-12-01,TSLA,0
2022-12-02,AAPL,0
2022-12-02,AMD,0
2022-12-02,AMZN,0
2022-12-02,AVGO,0
2022-12-02,GOOGL,0
2022-12-02,META,0
2022-12-02,MSFT,0
2022-12-02,NFLX,0
2022-12-02,NVDA,0
2022-12-02,SPY,0
2022-12-02,TSLA,0
2022-12-05,AAPL,0
2022-12-05,AMD,0
2022-12-05,AMZN,1
2022-12-05,AVGO,0
2022-12-05,GOOGL,0
2022-12-05,META,0
2022-12-05,MSFT,0
2022-12-05,NFLX,0
2022-12-05,NVDA,0
2022-12-05,SPY,0
2022-12-05,TSLA,0
2022-12-06,AAPL,0
2022-12-06,AMD,1
2022-12-06,AMZN,1
2022-12-06,AVGO,0
2022-12-06,GOOGL,0
2022-12-06,META,0
2022-12-06,MSFT,0
2022-12-06,NFLX,0
2022-12-06,NVDA,0
2022-12-06,SPY,0
2022-12-06,TSLA,0
2022-12-07,AAPL,0
2022-12-07,AMD,1
2022-12-07,AMZN,1
2022-12-07,AVGO,0
2022-12-07,GOOGL,0
2022-12-07,META,0
2022-12-07,MSFT,0
2022-12-07,NFLX,0
2022-12-07,NVDA,0
2022-12-07,SPY,0
2022-12-07,TSLA,1
2022-12-08,AAPL,0
2022-12-08,AMD,1
2022-12-08,AMZN,1
2022-12-08,AVGO,0
2022-12-08,GOOGL,0
2022-12-08,META,0
2022-12-08,MSFT,0
2022-12-08,NFLX,0
2022-12-08,NVDA,0
2022-12-08,SPY,0
2022-12-08,TSLA,1
2022-12-09,AAPL,0
2022-12-09,AMD,1
2022-12-09,AMZN,1
2022-12-09,AVGO,0
2022-12-09,GOOGL,0
2022-12-09,META,0
2022-12-09,MSFT,0
2022-12-09,NFLX,0
2022-12-09,NVDA,0
2022-12-09,SPY,0
2022-12-09,TSLA,0
2022-12-12,AAPL,0
2022-12-12,AMD,0
2022-12-12,AMZN,0
2022-12-12,AVGO,0
2022-12-12,GOOGL,0
2022-12-12,META,0
2022-12-12,MSFT,0
2022-12-12,NFLX,0
2022-12-12,NVDA,0
2022-12-12,SPY,0
2022-12-12,TSLA,1
2022-12-13,AAPL,0
2022-12-13,AMD,0
2022-12-13,AMZN,0
2022-12-13,AVGO,0
2022-12-13,GOOGL,0
2022-12-13,META,0
2022-12-13,MSFT,0
2022-12-13,NFLX,0
2022-12-13,NVDA,0
2022-12-13,SPY,0
2022-12-13,TSLA,1
2022-12-14,AAPL,0
2022-12-14,AMD,1
2022-12-14,AMZN,0
2022-12-14,AVGO,0
2022-12-14,GOOGL,0
2022-12-14,META,0
2022-12-14,MSFT,0
2022-12-14,NFLX,0
2022-12-14,NVDA,0
2022-12-14,SPY,0
2022-12-14,TSLA,1
2022-12-15,AAPL,1
2022-12-15,AMD,1
2022-12-15,AMZN,0
2022-12-15,AVGO,0
2022-12-15,GOOGL,1
2022-12-15,META,0
2022-12-15,MSFT,0
2022-12-15,NFLX,1
2022-12-15,NVDA,0
2022-12-15,SPY,0
2022-12-15,TSLA,1
2022-12-16,AAPL,1
2022-12-16,AMD,1
2022-12-16,AMZN,0
2022-12-16,AVGO,0
2022-12-16,GOOGL,1
2022-12-16,META,0
2022-12-16,MSFT,0
2022-12-16,NFLX,1
2022-12-16,NVDA,0
2022-12-16,SPY,0
2022-12-16,TSLA,1
2022-12-19,AAPL,1
2022-12-19,AMD,1
2022-12-19,AMZN,1
2022-12-19,AVGO,0
2022-12-19,GOOGL,1
2022-12-19,META,0
2022-12-19,MSFT,0
2022-12-19,NFLX,1
2022-12-19,NVDA,1
2022-12-19,SPY,0
2022-12-19,TSLA,1
2022-12-20,AAPL,1
2022-12-20,AMD,1
2022-12-20,AMZN,1
2022-12-20,AVGO,0
2022-12-20,GOOGL,1
2022-12-20,META,0
2022-12-20,MSFT,0
2022-12-20,NFLX,1
2022-12-20,NVDA,1
2022-12-20,SPY,0
2022-12-20,TSLA,1
2022-12-21,AAPL,0
2022-12-21,AMD,1
2022-12-21,AMZN,1
2022-12-21,AVGO,0
2022-12-21,GOOGL,1
2022-12-21,META,0
2022-12-21,MSFT,0
2022-12-21,NFLX,0
2022-12-21,NVDA,0
2022-12-21,SPY,0
2022-12-21,TSLA,1
2022-12-22,AAPL,1
2022-12-22,AMD,1
2022-12-22,AMZN,1
2022-12-22,AVGO,0
2022-12-22,GOOGL,1
2022-12-22,META,0
2022-12-22,MSFT,0
2022-12-22,NFLX,0
2022-12-22,NVDA,1
2022-12-22,SPY,0
2022-12-22,TSLA,1
2022-12-23,AAPL,1
2022-12-23,AMD,1
2022-12-23,AMZN,1
2022-12-23,AVGO,0
2022-12-23,GOOGL,1
2022-12-23,META,0
2022-12-23,MSFT,0
2022-12-23,NFLX,0
2022-12-23,NVDA,1
2022-12-23,SPY,0
2022-12-23,TSLA,1
2022-12-27,AAPL,1
2022-12-27,AMD,1
2022-12-27,AMZN,1
2022-12-27,AVGO,0
2022-12-27,GOOGL,1
2022-12-27,META,0
2022-12-27,MSFT,0
2022-12-27,NFLX,1
2022-12-27,NVDA,1
2022-12-27,SPY,0
2022-12-27,TSLA,1
2022-12-28,AAPL,1
2022-12-28,AMD,1
2022-12-28,AMZN,1
2022-12-28,AVGO,0
2022-12-28,GOOGL,1
2022-12-28,META,0
2022-12-28,MSFT,0
2022-12-28,NFLX,1
2022-12-28,NVDA,1
2022-12-28,SPY,0
2022-12-28,TSLA,1
2022-12-29,AAPL,1
2022-12-29,AMD,1
2022-12-29,AMZN,1
2022-12-29,AVGO,0
2022-12-29,GOOGL,1
2022-12-29,META,0
2022-12-29,MSFT,0
2022-12-29,NFLX,1
2022-12-29,NVDA,1
2022-12-29,SPY,0
2022-12-29,TSLA,1
2022-12-30,AAPL,1
2022-12-30,AMD,1
2022-12-30,AMZN,1
2022-12-30,AVGO,0
2022-12-30,GOOGL,1
2022-12-30,META,0
2022-12-30,MSFT,0
2022-12-30,NFLX,0
2022-12-30,NVDA,1
2022-12-30,SPY,0
2022-12-30,TSLA,1
2023-01-03,AAPL,1
2023-01-03,AMD,1
2023-01-03,AMZN,0
2023-01-03,AVGO,0
2023-01-03,GOOGL,0
2023-01-03,META,0
2023-01-03,MSFT,0
2023-01-03,NFLX,0
2023-01-03,NVDA,1
2023-01-03,SPY,0
2023-01-03,TSLA,1
2023-01-04,AAPL,1
2023-01-04,AMD,1
2023-01-04,AMZN,0
2023-01-04,AVGO,0
2023-01-04,GOOGL,0
2023-01-04,META,0
2023-01-04,MSFT,1
2023-01-04,NFLX,0
2023-01-04,NVDA,1
2023-01-04,SPY,0
2023-01-04,TSLA,1
2023-01-05,AAPL,1
2023-01-05,AMD,1
2023-01-05,AMZN,1
2023-01-05,AVGO,0
2023-01-05,GOOGL,1
2023-01-05,META,0
2023-01-05,MSFT,1
2023-01-05,NFLX,0
2023-01-05,NVDA,1
2023-01-05,SPY,0
2023-01-05,TSLA,1
2023-01-06,AAPL,1
2023-01-06,AMD,1
2023-01-06,AMZN,0
2023-01-06,AVGO,0
2023-01-06,GOOGL,0
2023-01-06,META,0
2023-01-06,MSFT,1
2023-01-06,NFLX,0
2023-01-06,NVDA,1
2023-01-06,SPY,0
2023-01-06,TSLA,1
2023-01-09,AAPL,1
2023-01-09,AMD,0
2023-01-09,AMZN,0
2023-01-09,AVGO,0
2023-01-09,GOOGL,0
2023-01-09,META,0
2023-01-09,MSFT,1
2023-01-09,NFLX,0
2023-01-09,NVDA,1
2023-01-09,SPY,0
2023-01-09,TSLA,1
2023-01-10,AAPL,1
2023-01-10,AMD,0
2023-01-10,AMZN,0
2023-01-10,AVGO,0
2023-01-10,GOOGL,0
2023-01-10,META,0
2023-01-10,MSFT,1
2023-01-10,NFLX,0
2023-01-10,NVDA,1
2023-01-10,SPY,0
2023-01-10,TSLA,1
2023-01-11,AAPL,0
2023-01-11,AMD,0
2023-01-11,AMZN,0
2023-01-11,AVGO,0
2023-01-11,GOOGL,0
2023-01-11,META,0
2023-01-11,MSFT,0
2023-01-11,NFLX,0
2023-01-11,NVDA,1
2023-01-11,SPY,0
2023-01-11,TSLA,1
2023-01-12,AAPL,0
2023-01-12,AMD,0
2023-01-12,AMZN,0
2023-01-12,AVGO,0
2023-01-12,GOOGL,0
2023-01-12,META,0
2023-01-12,MSFT,0
2023-01-12,NFLX,0
2023-01-12,NVDA,0
2023-01-12,SPY,0
2023-01-12,TSLA,1
2023-01-13,AAPL,0
2023-01-13,AMD,0
2023-01-13,AMZN,0
2023-01-13,AVGO,0
2023-01-13,GOOGL,0
2023-01-13,META,0
2023-01-13,MSFT,0
2023-01-13,NFLX,0
2023-01-13,NVDA,0
2023-01-13,SPY,0
2023-01-13,TSLA,1
2023-01-17,AAPL,0
2023-01-17,AMD,0
2023-01-17,AMZN,0
2023-01-17,AVGO,0
2023-01-17,GOOGL,0
2023-01-17,META,0
2023-01-17,MSFT,0
2023-01-17,NFLX,0
2023-01-17,NVDA,0
2023-01-17,SPY,0
2023-01-17,TSLA,0
2023-01-18,AAPL,0
2023-01-18,AMD,0
2023-01-18,AMZN,0
2023-01-18,AVGO,0
2023-01-18,GOOGL,0
2023-01-18,META,0
2023-01-18,MSFT,0
2023-01-18,NFLX,0
2023-01-18,NVDA,0
2023-01-18,SPY,0
2023-01-18,TSLA,0
2023-01-19,AAPL,0
2023-01-19,AMD,0
2023-01-19,AMZN,0
2023-01-19,AVGO,0
2023-01-19,GOOGL,0
2023-01-19,META,0
2023-01-19,MSFT,0
2023-01-19,NFLX,0
2023-01-19,NVDA,0
2023-01-19,SPY,0
2023-01-19,TSLA,0
2023-01-20,AAPL,0
2023-01-20,AMD,0
2023-01-20,AMZN,0
2023-01-20,AVGO,0
2023-01-20,GOOGL,0
2023-01-20,META,0
2023-01-20,MSFT,0
2023-01-20,NFLX,0
2023-01-20,NVDA,0
2023-01-20,SPY,0
2023-01-20,TSLA,0
2023-01-23,AAPL,0
2023-01-23,AMD,0
2023-01-23,AMZN,0
2023-01-23,AVGO,0
2023-01-23,GOOGL,0
2023-01-23,META,0
2023-01-23,MSFT,0
2023-01-23,NFLX,0
2023-01-23,NVDA,0
2023-01-23,SPY,0
2023-01-23,TSLA,0
2023-01-24,AAPL,0
2023-01-24,AMD,0
2023-01-24,AMZN,0
2023-01-24,AVGO,0
2023-01-24,GOOGL,0
2023-01-24,META,0
2023-01-24,MSFT,0
2023-01-24,NFLX,0
2023-01-24,NVDA,0
2023-01-24,SPY,0
2023-01-24,TSLA,0
2023-01-25,AAPL,0
2023-01-25,AMD,0
2023-01-25,AMZN,0
2023-01-25,AVGO,0
2023-01-25,GOOGL,0
2023-01-25,META,0
2023-01-25,MSFT,0
2023-01-25,NFLX,0
2023-01-25,NVDA,0
2023-01-25,SPY,0
2023-01-25,TSLA,0
2023-01-26,AAPL,0
2023-01-26,AMD,0
2023-01-26,AMZN,0
2023-01-26,AVGO,0
2023-01-26,GOOGL,0
2023-01-26,META,0
2023-01-26,MSFT,0
2023-01-26,NFLX,0
2023-01-26,NVDA,0
2023-01-26,SPY,0
2023-01-26,TSLA,0
2023-01-27,AAPL,0
2023-01-27,AMD,0
2023-01-27,AMZN,0
2023-01-27,AVGO,0
2023-01-27,GOOGL,0
2023-01-27,META,0
2023-01-27,MSFT,0
2023-01-27,NFLX,0
2023-01-27,NVDA,0
2023-01-27,SPY,0
2023-01-27,TSLA,0
2023-01-30,AAPL,0
2023-01-30,AMD,0
2023-01-30,AMZN,0
2023-01-30,AVGO,0
2023-01-30,GOOGL,0
2023-01-30,META,0
2023-01-30,MSFT,0
2023-01-30,NFLX,0
2023-01-30,NVDA,0
2023-01-30,SPY,0
2023-01-30,TSLA,0
2023-01-31,AAPL,0
2023-01-31,AMD,0
2023-01-31,AMZN,0
2023-01-31,AVGO,0
2023-01-31,GOOGL,0
2023-01-31,META,0
2023-01-31,MSFT,0
2023-01-31,NFLX,0
2023-01-31,NVDA,0
2023-01-31,SPY,0
2023-01-31,TSLA,0
2023-02-01,AAPL,0
2023-02-01,AMD,0
2023-02-01,AMZN,0
2023-02-01,AVGO,0
2023-02-01,GOOGL,0
2023-02-01,META,0
2023-02-01,MSFT,0
2023-02-01,NFLX,0
2023-02-01,NVDA,0
2023-02-01,SPY,0
2023-02-01,TSLA,0
2023-02-02,AAPL,0
2023-02-02,AMD,0
2023-02-02,AMZN,0
2023-02-02,AVGO,0
2023-02-02,GOOGL,0
2023-02-02,META,0
2023-02-02,MSFT,0
2023-02-02,NFLX,0
2023-02-02,NVDA,0
2023-02-02,SPY,0
2023-02-02,TSLA,0
2023-02-03,AAPL,0
2023-02-03,AMD,0
2023-02-03,AMZN,0
2023-02-03,AVGO,0
2023-02-03,GOOGL,0
2023-02-03,META,0
2023-02-03,MSFT,0
2023-02-03,NFLX,0
2023-02-03,NVDA,0
2023-02-03,SPY,0
2023-02-03,TSLA,0
2023-02-06,AAPL,0
2023-02-06,AMD,0
2023-02-06,AMZN,1
2023-02-06,AVGO,0
2023-02-06,GOOGL,0
2023-02-06,META,0
2023-02-06,MSFT,0
2023-02-06,NFLX,0
2023-02-06,NVDA,0
2023-02-06,SPY,0
2023-02-06,TSLA,0
2023-02-07,AAPL,0
2023-02-07,AMD,0
2023-02-07,AMZN,1
2023-02-07,AVGO,0
2023-02-07,GOOGL,0
2023-02-07,META,0
2023-02-07,MSFT,0
2023-02-07,NFLX,0
2023-02-07,NVDA,0
2023-02-07,SPY,0
2023-02-07,TSLA,0
2023-02-08,AAPL,0
2023-02-08,AMD,0
2023-02-08,AMZN,1
2023-02-08,AVGO,0
2023-02-08,GOOGL,0
2023-02-08,META,0
2023-02-08,MSFT,0
2023-02-08,NFLX,0
2023-02-08,NVDA,0
2023-02-08,SPY,0
2023-02-08,TSLA,0
2023-02-09,AAPL,0
2023-02-09,AMD,0
2023-02-09,AMZN,1
2023-02-09,AVGO,0
2023-02-09,GOOGL,1
2023-02-09,META,0
2023-02-09,MSFT,0
2023-02-09,NFLX,0
2023-02-09,NVDA,0
2023-02-09,SPY,0
2023-02-09,TSLA,0
2023-02-10,AAPL,0
2023-02-10,AMD,0
2023-02-10,AMZN,1
2023-02-10,AVGO,0
2023-02-10,GOOGL,1
2023-02-10,META,0
2023-02-10,MSFT,0
2023-02-10,NFLX,0
2023-02-10,NVDA,0
2023-02-10,SPY,0
2023-02-10,TSLA,0
2023-02-13,AAPL,0
2023-02-13,AMD,0
2023-02-13,AMZN,1
2023-02-13,AVGO,0
2023-02-13,GOOGL,1
2023-02-13,META,0
2023-02-13,MSFT,0
2023-02-13,NFLX,0
2023-02-13,NVDA,0
2023-02-13,SPY,0
2023-02-13,TSLA,0
2023-02-14,AAPL,0
2023-02-14,AMD,0
2023-02-14,AMZN,1
2023-02-14,AVGO,0
2023-02-14,GOOGL,1
2023-02-14,META,0
2023-02-14,MSFT,0
2023-02-14,NFLX,0
2023-02-14,NVDA,0
2023-02-14,SPY,0
2023-02-14,TSLA,0
2023-02-15,AAPL,0
2023-02-15,AMD,0
2023-02-15,AMZN,1
2023-02-15,AVGO,0
2023-02-15,GOOGL,1
2023-02-15,META,0
2023-02-15,MSFT,0
2023-02-15,NFLX,0
2023-02-15,NVDA,0
2023-02-15,SPY,0
2023-02-15,TSLA,0
2023-02-16,AAPL,0
2023-02-16,AMD,1
2023-02-16,AMZN,1
2023-02-16,AVGO,0
2023-02-16,GOOGL,1
2023-02-16,META,0
2023-02-16,MSFT,0
2023-02-16,NFLX,0
2023-02-16,NVDA,0
2023-02-16,SPY,0
2023-02-16,TSLA,0
2023-02-17,AAPL,0
2023-02-17,AMD,1
2023-02-17,AMZN,1
2023-02-17,AVGO,0
2023-02-17,GOOGL,1
2023-02-17,META,0
2023-02-17,MSFT,0
2023-02-17,NFLX,0
2023-02-17,NVDA,0
2023-02-17,SPY,0
2023-02-17,TSLA,0
2023-02-21,AAPL,0
2023-02-21,AMD,1
2023-02-21,AMZN,1
2023-02-21,AVGO,0
2023-02-21,GOOGL,1
2023-02-21,META,0
2023-02-21,MSFT,0
2023-02-21,NFLX,0
2023-02-21,NVDA,1
2023-02-21,SPY,0
2023-02-21,TSLA,0
2023-02-22,AAPL,0
2023-02-22,AMD,1
2023-02-22,AMZN,1
2023-02-22,AVGO,0
2023-02-22,GOOGL,1
2023-02-22,META,1
2023-02-22,MSFT,0
2023-02-22,NFLX,0
2023-02-22,NVDA,1
2023-02-22,SPY,0
2023-02-22,TSLA,0
2023-02-23,AAPL,0
2023-02-23,AMD,1
2023-02-23,AMZN,1
2023-02-23,AVGO,0
2023-02-23,GOOGL,1
2023-02-23,META,1
2023-02-23,MSFT,0
2023-02-23,NFLX,1
2023-02-23,NVDA,0
2023-02-23,SPY,0
2023-02-23,TSLA,0
2023-02-24,AAPL,0
2023-02-24,AMD,1
2023-02-24,AMZN,1
2023-02-24,AVGO,0
2023-02-24,GOOGL,1
2023-02-24,META,1
2023-02-24,MSFT,0
2023-02-24,NFLX,1
2023-02-24,NVDA,0
2023-02-24,SPY,0
2023-02-24,TSLA,0
2023-02-27,AAPL,0
2023-02-27,AMD,1
2023-02-27,AMZN,1
2023-02-27,AVGO,0
2023-02-27,GOOGL,1
2023-02-27,META,1
2023-02-27,MSFT,0
2023-02-27,NFLX,1
2023-02-27,NVDA,0
2023-02-27,SPY,0
2023-02-27,TSLA,0
2023-02-28,AAPL,0
2023-02-28,AMD,1
2023-02-28,AMZN,1
2023-02-28,AVGO,0
2023-02-28,GOOGL,1
2023-02-28,META,0
2023-02-28,MSFT,0
2023-02-28,NFLX,1
2023-02-28,NVDA,0
2023-02-28,SPY,0
2023-02-28,TSLA,0
2023-03-01,AAPL,0
2023-03-01,AMD,1
2023-03-01,AMZN,1
2023-03-01,AVGO,0
2023-03-01,GOOGL,1
2023-03-01,META,1
2023-03-01,MSFT,1
2023-03-01,NFLX,1
2023-03-01,NVDA,0
2023-03-01,SPY,0
2023-03-01,TSLA,0
2023-03-02,AAPL,0
2023-03-02,AMD,0
2023-03-02,AMZN,1
2023-03-02,AVGO,0
2023-03-02,GOOGL,1
2023-03-02,META,0
2023-03-02,MSFT,0
2023-03-02,NFLX,1
2023-03-02,NVDA,0
2023-03-02,SPY,0
2023-03-02,TSLA,1
2023-03-03,AAPL,0
2023-03-03,AMD,0
2023-03-03,AMZN,0
2023-03-03,AVGO,0
2023-03-03,GOOGL,1
2023-03-03,META,0
2023-03-03,MSFT,0
2023-03-03,NFLX,1
2023-03-03,NVDA,0
2023-03-03,SPY,0
2023-03-03,TSLA,0
2023-03-06,AAPL,0
2023-03-06,AMD,0
2023-03-06,AMZN,0
2023-03-06,AVGO,0
2023-03-06,GOOGL,1
2023-03-06,META,0
2023-03-06,MSFT,0
2023-03-06,NFLX,1
2023-03-06,NVDA,0
2023-03-06,SPY,0
2023-03-06,TSLA,1
2023-03-07,AAPL,0
2023-03-07,AMD,0
2023-03-07,AMZN,0
2023-03-07,AVGO,0
2023-03-07,GOOGL,0
2023-03-07,META,0
2023-03-07,MSFT,0
2023-03-07,NFLX,1
2023-03-07,NVDA,0
2023-03-07,SPY,0
2023-03-07,TSLA,1
2023-03-08,AAPL,0
2023-03-08,AMD,0
2023-03-08,AMZN,0
2023-03-08,AVGO,0
2023-03-08,GOOGL,0
2023-03-08,META,0
2023-03-08,MSFT,0
2023-03-08,NFLX,1
2023-03-08,NVDA,0
2023-03-08,SPY,0
2023-03-08,TSLA,1
2023-03-09,AAPL,0
2023-03-09,AMD,0
2023-03-09,AMZN,0
2023-03-09,AVGO,0
2023-03-09,GOOGL,0
2023-03-09,META,0
2023-03-09,MSFT,0
2023-03-09,NFLX,1
2023-03-09,NVDA,0
2023-03-09,SPY,0
2023-03-09,TSLA,1
2023-03-10,AAPL,0
2023-03-10,AMD,0
2023-03-10,AMZN,1
2023-03-10,AVGO,0
2023-03-10,GOOGL,0
2023-03-10,META,0
2023-03-10,MSFT,0
2023-03-10,NFLX,1
2023-03-10,NVDA,0
2023-03-10,SPY,0
2023-03-10,TSLA,1
2023-03-13,AAPL,0
2023-03-13,AMD,0
2023-03-13,AMZN,0
2023-03-13,AVGO,0
2023-03-13,GOOGL,0
2023-03-13,META,0
2023-03-13,MSFT,0
2023-03-13,NFLX,1
2023-03-13,NVDA,0
2023-03-13,SPY,0
2023-03-13,TSLA,1
2023-03-14,AAPL,0
2023-03-14,AMD,0
2023-03-14,AMZN,0
2023-03-14,AVGO,0
2023-03-14,GOOGL,0
2023-03-14,META,0
2023-03-14,MSFT,0
2023-03-14,NFLX,1
2023-03-14,NVDA,0
2023-03-14,SPY,0
2023-03-14,TSLA,1
2023-03-15,AAPL,0
2023-03-15,AMD,0
2023-03-15,AMZN,0
2023-03-15,AVGO,0
2023-03-15,GOOGL,0
2023-03-15,META,0
2023-03-15,MSFT,0
2023-03-15,NFLX,1
2023-03-15,NVDA,0
2023-03-15,SPY,0
2023-03-15,TSLA,1
2023-03-16,AAPL,0
2023-03-16,AMD,0
2023-03-16,AMZN,0
2023-03-16,AVGO,0
2023-03-16,GOOGL,0
2023-03-16,META,0
2023-03-16,MSFT,0
2023-03-16,NFLX,1
2023-03-16,NVDA,0
2023-03-16,SPY,0
2023-03-16,TSLA,1
2023-03-17,AAPL,0
2023-03-17,AMD,0
2023-03-17,AMZN,0
2023-03-17,AVGO,0
2023-03-17,GOOGL,0
2023-03-17,META,0
2023-03-17,MSFT,0
2023-03-17,NFLX,1
2023-03-17,NVDA,0
2023-03-17,SPY,0
2023-03-17,TSLA,1
2023-03-20,AAPL,0
2023-03-20,AMD,0
2023-03-20,AMZN,0
2023-03-20,AVGO,0
2023-03-20,GOOGL,0
2023-03-20,META,0
2023-03-20,MSFT,0
2023-03-20,NFLX,0
2023-03-20,NVDA,0
2023-03-20,SPY,0
2023-03-20,TSLA,1
2023-03-21,AAPL,0
2023-03-21,AMD,0
2023-03-21,AMZN,0
2023-03-21,AVGO,0
2023-03-21,GOOGL,0
2023-03-21,META,0
2023-03-21,MSFT,0
2023-03-21,NFLX,0
2023-03-21,NVDA,0
2023-03-21,SPY,0
2023-03-21,TSLA,0
2023-03-22,AAPL,0
2023-03-22,AMD,0
2023-03-22,AMZN,0
2023-03-22,AVGO,0
2023-03-22,GOOGL,0
2023-03-22,META,0
2023-03-22,MSFT,0
2023-03-22,NFLX,0
2023-03-22,NVDA,0
2023-03-22,SPY,0
2023-03-22,TSLA,0
2023-03-23,AAPL,0
2023-03-23,AMD,0
2023-03-23,AMZN,0
2023-03-23,AVGO,0
2023-03-23,GOOGL,0
2023-03-23,META,0
2023-03-23,MSFT,0
2023-03-23,NFLX,0
2023-03-23,NVDA,0
2023-03-23,SPY,0
2023-03-23,TSLA,0
2023-03-24,AAPL,0
2023-03-24,AMD,0
2023-03-24,AMZN,0
2023-03-24,AVGO,0
2023-03-24,GOOGL,0
2023-03-24,META,0
2023-03-24,MSFT,0
2023-03-24,NFLX,0
2023-03-24,NVDA,0
2023-03-24,SPY,0
2023-03-24,TSLA,0
2023-03-27,AAPL,0
2023-03-27,AMD,0
2023-03-27,AMZN,0
2023-03-27,AVGO,0
2023-03-27,GOOGL,0
2023-03-27,META,0
2023-03-27,MSFT,0
2023-03-27,NFLX,0
2023-03-27,NVDA,0
2023-03-27,SPY,0
2023-03-27,TSLA,0
2023-03-28,AAPL,0
2023-03-28,AMD,0
2023-03-28,AMZN,0
2023-03-28,AVGO,0
2023-03-28,GOOGL,0
2023-03-28,META,0
2023-03-28,MSFT,0
2023-03-28,NFLX,0
2023-03-28,NVDA,0
2023-03-28,SPY,0
2023-03-28,TSLA,0
2023-03-29,AAPL,0
2023-03-29,AMD,0
2023-03-29,AMZN,0
2023-03-29,AVGO,0
2023-03-29,GOOGL,0
2023-03-29,META,0
2023-03-29,MSFT,0
2023-03-29,NFLX,0
2023-03-29,NVDA,0
2023-03-29,SPY,0
2023-03-29,TSLA,0
2023-03-30,AAPL,0
2023-03-30,AMD,0
2023-03-30,AMZN,0
2023-03-30,AVGO,0
2023-03-30,GOOGL,0
2023-03-30,META,0
2023-03-30,MSFT,0
2023-03-30,NFLX,0
2023-03-30,NVDA,0
2023-03-30,SPY,0
2023-03-30,TSLA,0
2023-03-31,AAPL,0
2023-03-31,AMD,0
2023-03-31,AMZN,0
2023-03-31,AVGO,0
2023-03-31,GOOGL,0
2023-03-31,META,0
2023-03-31,MSFT,0
2023-03-31,NFLX,0
2023-03-31,NVDA,0
2023-03-31,SPY,0
2023-03-31,TSLA,0
2023-04-03,AAPL,0
2023-04-03,AMD,0
2023-04-03,AMZN,0
2023-04-03,AVGO,0
2023-04-03,GOOGL,0
2023-04-03,META,0
2023-04-03,MSFT,0
2023-04-03,NFLX,0
2023-04-03,NVDA,0
2023-04-03,SPY,0
2023-04-03,TSLA,0
2023-04-04,AAPL,0
2023-04-04,AMD,0
2023-04-04,AMZN,0
2023-04-04,AVGO,0
2023-04-04,GOOGL,0
2023-04-04,META,0
2023-04-04,MSFT,0
2023-04-04,NFLX,0
2023-04-04,NVDA,0
2023-04-04,SPY,0
2023-04-04,TSLA,0
2023-04-05,AAPL,0
2023-04-05,AMD,0
2023-04-05,AMZN,0
2023-04-05,AVGO,0
2023-04-05,GOOGL,0
2023-04-05,META,0
2023-04-05,MSFT,0
2023-04-05,NFLX,0
2023-04-05,NVDA,0
2023-04-05,SPY,0
2023-04-05,TSLA,1
2023-04-06,AAPL,0
2023-04-06,AMD,0
2023-04-06,AMZN,0
2023-04-06,AVGO,0
2023-04-06,GOOGL,0
2023-04-06,META,0
2023-04-06,MSFT,0
2023-04-06,NFLX,0
2023-04-06,NVDA,0
2023-04-06,SPY,0
2023-04-06,TSLA,1
2023-04-10,AAPL,0
2023-04-10,AMD,0
2023-04-10,AMZN,0
2023-04-10,AVGO,0
2023-04-10,GOOGL,0
2023-04-10,META,0
2023-04-10,MSFT,0
2023-04-10,NFLX,0
2023-04-10,NVDA,0
2023-04-10,SPY,0
2023-04-10,TSLA,1
2023-04-11,AAPL,0
2023-04-11,AMD,0
2023-04-11,AMZN,0
2023-04-11,AVGO,0
2023-04-11,GOOGL,0
2023-04-11,META,0
2023-04-11,MSFT,0
2023-04-11,NFLX,0
2023-04-11,NVDA,0
2023-04-11,SPY,0
2023-04-11,TSLA,1
2023-04-12,AAPL,0
2023-04-12,AMD,0
2023-04-12,AMZN,0
2023-04-12,AVGO,0
2023-04-12,GOOGL,0
2023-04-12,META,0
2023-04-12,MSFT,0
2023-04-12,NFLX,0
2023-04-12,NVDA,0
2023-04-12,SPY,0
2023-04-12,TSLA,1
2023-04-13,AAPL,0
2023-04-13,AMD,0
2023-04-13,AMZN,0
2023-04-13,AVGO,0
2023-04-13,GOOGL,0
2023-04-13,META,0
2023-04-13,MSFT,0
2023-04-13,NFLX,0
2023-04-13,NVDA,0
2023-04-13,SPY,0
2023-04-13,TSLA,1
2023-04-14,AAPL,0
2023-04-14,AMD,0
2023-04-14,AMZN,0
2023-04-14,AVGO,0
2023-04-14,GOOGL,0
2023-04-14,META,0
2023-04-14,MSFT,0
2023-04-14,NFLX,0
2023-04-14,NVDA,0
2023-04-14,SPY,0
2023-04-14,TSLA,1
2023-04-17,AAPL,0
2023-04-17,AMD,1
2023-04-17,AMZN,0
2023-04-17,AVGO,0
2023-04-17,GOOGL,0
2023-04-17,META,0
2023-04-17,MSFT,0
2023-04-17,NFLX,0
2023-04-17,NVDA,0
2023-04-17,SPY,0
2023-04-17,TSLA,1
2023-04-18,AAPL,0
2023-04-18,AMD,1
2023-04-18,AMZN,0
2023-04-18,AVGO,0
2023-04-18,GOOGL,0
2023-04-18,META,0
2023-04-18,MSFT,0
2023-04-18,NFLX,0
2023-04-18,NVDA,0
2023-04-18,SPY,0
2023-04-18,TSLA,1
2023-04-19,AAPL,0
2023-04-19,AMD,1
2023-04-19,AMZN,0
2023-04-19,AVGO,0
2023-04-19,GOOGL,0
2023-04-19,META,0
2023-04-19,MSFT,0
2023-04-19,NFLX,0
2023-04-19,NVDA,0
2023-04-19,SPY,0
2023-04-19,TSLA,1
2023-04-20,AAPL,0
2023-04-20,AMD,0
2023-04-20,AMZN,0
2023-04-20,AVGO,0
2023-04-20,GOOGL,0
2023-04-20,META,0
2023-04-20,MSFT,0
2023-04-20,NFLX,0
2023-04-20,NVDA,0
2023-04-20,SPY,0
2023-04-20,TSLA,1
2023-04-21,AAPL,0
2023-04-21,AMD,1
2023-04-21,AMZN,0
2023-04-21,AVGO,0
2023-04-21,GOOGL,0
2023-04-21,META,0
2023-04-21,MSFT,0
2023-04-21,NFLX,0
2023-04-21,NVDA,0
2023-04-21,SPY,0
2023-04-21,TSLA,1
2023-04-24,AAPL,0
2023-04-24,AMD,1
2023-04-24,AMZN,0
2023-04-24,AVGO,0
2023-04-24,GOOGL,0
2023-04-24,META,0
2023-04-24,MSFT,0
2023-04-24,NFLX,0
2023-04-24,NVDA,0
2023-04-24,SPY,0
2023-04-24,TSLA,1
2023-04-25,AAPL,0
2023-04-25,AMD,1
2023-04-25,AMZN,0
2023-04-25,AVGO,0
2023-04-25,GOOGL,0
2023-04-25,META,0
2023-04-25,MSFT,0
2023-04-25,NFLX,0
2023-04-25,NVDA,0
2023-04-25,SPY,0
2023-04-25,TSLA,1
2023-04-26,AAPL,0
2023-04-26,AMD,1
2023-04-26,AMZN,0
2023-04-26,AVGO,0
2023-04-26,GOOGL,0
2023-04-26,META,1
2023-04-26,MSFT,0
2023-04-26,NFLX,0
2023-04-26,NVDA,0
2023-04-26,SPY,0
2023-04-26,TSLA,1
2023-04-27,AAPL,0
2023-04-27,AMD,1
2023-04-27,AMZN,0
2023-04-27,AVGO,0
2023-04-27,GOOGL,0
2023-04-27,META,0
2023-04-27,MSFT,0
2023-04-27,NFLX,0
2023-04-27,NVDA,0
2023-04-27,SPY,0
2023-04-27,TSLA,1
2023-04-28,AAPL,0
2023-04-28,AMD,0
2023-04-28,AMZN,0
2023-04-28,AVGO,0
2023-04-28,GOOGL,0
2023-04-28,META,0
2023-04-28,MSFT,0
2023-04-28,NFLX,0
2023-04-28,NVDA,0
2023-04-28,SPY,0
2023-04-28,TSLA,1
2023-05-01,AAPL,0
2023-05-01,AMD,0
2023-05-01,AMZN,0
2023-05-01,AVGO,0
2023-05-01,GOOGL,0
2023-05-01,META,0
2023-05-01,MSFT,0
2023-05-01,NFLX,0
2023-05-01,NVDA,0
2023-05-01,SPY,0
2023-05-01,TSLA,1
2023-05-02,AAPL,0
2023-05-02,AMD,0
2023-05-02,AMZN,0
2023-05-02,AVGO,0
2023-05-02,GOOGL,0
2023-05-02,META,0
2023-05-02,MSFT,0
2023-05-02,NFLX,0
2023-05-02,NVDA,0
2023-05-02,SPY,0
2023-05-02,TSLA,1
2023-05-03,AAPL,0
2023-05-03,AMD,1
2023-05-03,AMZN,0
2023-05-03,AVGO,0
2023-05-03,GOOGL,0
2023-05-03,META,0
2023-05-03,MSFT,0
2023-05-03,NFLX,0
2023-05-03,NVDA,0
2023-05-03,SPY,0
2023-05-03,TSLA,1
2023-05-04,AAPL,0
2023-05-04,AMD,1
2023-05-04,AMZN,0
2023-05-04,AVGO,0
2023-05-04,GOOGL,0
2023-05-04,META,0
2023-05-04,MSFT,0
2023-05-04,NFLX,0
2023-05-04,NVDA,0
2023-05-04,SPY,0
2023-05-04,TSLA,1
2023-05-05,AAPL,0
2023-05-05,AMD,0
2023-05-05,AMZN,0
2023-05-05,AVGO,0
2023-05-05,GOOGL,0
2023-05-05,META,0
2023-05-05,MSFT,0
2023-05-05,NFLX,0
2023-05-05,NVDA,0
2023-05-05,SPY,0
2023-05-05,TSLA,0
2023-05-08,AAPL,0
2023-05-08,AMD,0
2023-05-08,AMZN,0
2023-05-08,AVGO,0
2023-05-08,GOOGL,0
2023-05-08,META,0
2023-05-08,MSFT,0
2023-05-08,NFLX,0
2023-05-08,NVDA,0
2023-05-08,SPY,0
2023-05-08,TSLA,0
2023-05-09,AAPL,0
2023-05-09,AMD,0
2023-05-09,AMZN,0
2023-05-09,AVGO,0
2023-05-09,GOOGL,0
2023-05-09,META,0
2023-05-09,MSFT,0
2023-05-09,NFLX,0
2023-05-09,NVDA,0
2023-05-09,SPY,0
2023-05-09,TSLA,1
2023-05-10,AAPL,0
2023-05-10,AMD,0
2023-05-10,AMZN,0
2023-05-10,AVGO,0
2023-05-10,GOOGL,0
2023-05-10,META,0
2023-05-10,MSFT,0
2023-05-10,NFLX,0
2023-05-10,NVDA,0
2023-05-10,SPY,0
2023-05-10,TSLA,1
2023-05-11,AAPL,0
2023-05-11,AMD,0
2023-05-11,AMZN,0
2023-05-11,AVGO,0
2023-05-11,GOOGL,0
2023-05-11,META,0
2023-05-11,MSFT,0
2023-05-11,NFLX,0
2023-05-11,NVDA,0
2023-05-11,SPY,0
2023-05-11,TSLA,0
2023-05-12,AAPL,0
2023-05-12,AMD,0
2023-05-12,AMZN,0
2023-05-12,AVGO,0
2023-05-12,GOOGL,0
2023-05-12,META,0
2023-05-12,MSFT,0
2023-05-12,NFLX,0
2023-05-12,NVDA,0
2023-05-12,SPY,0
2023-05-12,TSLA,0
2023-05-15,AAPL,0
2023-05-15,AMD,0
2023-05-15,AMZN,0
2023-05-15,AVGO,0
2023-05-15,GOOGL,0
2023-05-15,META,0
2023-05-15,MSFT,0
2023-05-15,NFLX,0
2023-05-15,NVDA,0
2023-05-15,SPY,0
2023-05-15,TSLA,0
2023-05-16,AAPL,0
2023-05-16,AMD,0
2023-05-16,AMZN,0
2023-05-16,AVGO,0
2023-05-16,GOOGL,0
2023-05-16,META,0
2023-05-16,MSFT,0
2023-05-16,NFLX,0
2023-05-16,NVDA,0
2023-05-16,SPY,0
2023-05-16,TSLA,0
2023-05-17,AAPL,0
2023-05-17,AMD,0
2023-05-17,AMZN,0
2023-05-17,AVGO,0
2023-05-17,GOOGL,0
2023-05-17,META,0
2023-05-17,MSFT,0
2023-05-17,NFLX,0
2023-05-17,NVDA,0
2023-05-17,SPY,0
2023-05-17,TSLA,0
2023-05-18,AAPL,0
2023-05-18,AMD,0
2023-05-18,AMZN,0
2023-05-18,AVGO,0
2023-05-18,GOOGL,0
2023-05-18,META,0
2023-05-18,MSFT,0
2023-05-18,NFLX,0
2023-05-18,NVDA,0
2023-05-18,SPY,0
2023-05-18,TSLA,0
2023-05-19,AAPL,0
2023-05-19,AMD,0
2023-05-19,AMZN,0
2023-05-19,AVGO,0
2023-05-19,GOOGL,0
2023-05-19,META,0
2023-05-19,MSFT,0
2023-05-19,NFLX,0
2023-05-19,NVDA,0
2023-05-19,SPY,0
2023-05-19,TSLA,0
2023-05-22,AAPL,0
2023-05-22,AMD,0
2023-05-22,AMZN,0
2023-05-22,AVGO,0
2023-05-22,GOOGL,0
2023-05-22,META,0
2023-05-22,MSFT,0
2023-05-22,NFLX,0
2023-05-22,NVDA,0
2023-05-22,SPY,0
2023-05-22,TSLA,0
2023-05-23,AAPL,0
2023-05-23,AMD,0
2023-05-23,AMZN,0
2023-05-23,AVGO,0
2023-05-23,GOOGL,0
2023-05-23,META,0
2023-05-23,MSFT,0
2023-05-23,NFLX,0
2023-05-23,NVDA,0
2023-05-23,SPY,0
2023-05-23,TSLA,0
2023-05-24,AAPL,0
2023-05-24,AMD,0
2023-05-24,AMZN,0
2023-05-24,AVGO,0
2023-05-24,GOOGL,0
2023-05-24,META,0
2023-05-24,MSFT,0
2023-05-24,NFLX,0
2023-05-24,NVDA,1
2023-05-24,SPY,0
2023-05-24,TSLA,0
2023-05-25,AAPL,0
2023-05-25,AMD,0
2023-05-25,AMZN,0
2023-05-25,AVGO,0
2023-05-25,GOOGL,0
2023-05-25,META,0
2023-05-25,MSFT,0
2023-05-25,NFLX,0
2023-05-25,NVDA,0
2023-05-25,SPY,0
2023-05-25,TSLA,0
2023-05-26,AAPL,0
2023-05-26,AMD,0
2023-05-26,AMZN,0
2023-05-26,AVGO,0
2023-05-26,GOOGL,0
2023-05-26,META,0
2023-05-26,MSFT,0
2023-05-26,NFLX,0
2023-05-26,NVDA,0
2023-05-26,SPY,0
2023-05-26,TSLA,0
2023-05-30,AAPL,0
2023-05-30,AMD,0
2023-05-30,AMZN,0
2023-05-30,AVGO,0
2023-05-30,GOOGL,0
2023-05-30,META,0
2023-05-30,MSFT,0
2023-05-30,NFLX,0
2023-05-30,NVDA,0
2023-05-30,SPY,0
2023-05-30,TSLA,0
2023-05-31,AAPL,0
2023-05-31,AMD,0
2023-05-31,AMZN,0
2023-05-31,AVGO,0
2023-05-31,GOOGL,0
2023-05-31,META,0
2023-05-31,MSFT,0
2023-05-31,NFLX,0
2023-05-31,NVDA,0
2023-05-31,SPY,0
2023-05-31,TSLA,0
2023-06-01,AAPL,0
2023-06-01,AMD,0
2023-06-01,AMZN,0
2023-06-01,AVGO,0
2023-06-01,GOOGL,0
2023-06-01,META,0
2023-06-01,MSFT,0
2023-06-01,NFLX,0
2023-06-01,NVDA,0
2023-06-01,SPY,0
2023-06-01,TSLA,0
2023-06-02,AAPL,0
2023-06-02,AMD,0
2023-06-02,AMZN,0
2023-06-02,AVGO,0
2023-06-02,GOOGL,0
2023-06-02,META,0
2023-06-02,MSFT,0
2023-06-02,NFLX,0
2023-06-02,NVDA,0
2023-06-02,SPY,0
2023-06-02,TSLA,0
2023-06-05,AAPL,0
2023-06-05,AMD,0
2023-06-05,AMZN,0
2023-06-05,AVGO,0
2023-06-05,GOOGL,0
2023-06-05,META,0
2023-06-05,MSFT,0
2023-06-05,NFLX,0
2023-06-05,NVDA,0
2023-06-05,SPY,0
2023-06-05,TSLA,0
2023-06-06,AAPL,0
2023-06-06,AMD,0
2023-06-06,AMZN,0
2023-06-06,AVGO,0
2023-06-06,GOOGL,0
2023-06-06,META,0
2023-06-06,MSFT,0
2023-06-06,NFLX,0
2023-06-06,NVDA,0
2023-06-06,SPY,0
2023-06-06,TSLA,0
2023-06-07,AAPL,0
2023-06-07,AMD,0
2023-06-07,AMZN,0
2023-06-07,AVGO,0
2023-06-07,GOOGL,0
2023-06-07,META,0
2023-06-07,MSFT,0
2023-06-07,NFLX,0
2023-06-07,NVDA,0
2023-06-07,SPY,0
2023-06-07,TSLA,0
2023-06-08,AAPL,0
2023-06-08,AMD,0
2023-06-08,AMZN,0
2023-06-08,AVGO,0
2023-06-08,GOOGL,0
2023-06-08,META,0
2023-06-08,MSFT,0
2023-06-08,NFLX,0
2023-06-08,NVDA,0
2023-06-08,SPY,0
2023-06-08,TSLA,0
2023-06-09,AAPL,0
2023-06-09,AMD,0
2023-06-09,AMZN,0
2023-06-09,AVGO,0
2023-06-09,GOOGL,0
2023-06-09,META,0
2023-06-09,MSFT,0
2023-06-09,NFLX,0
2023-06-09,NVDA,0
2023-06-09,SPY,0
2023-06-09,TSLA,0
2023-06-12,AAPL,0
2023-06-12,AMD,0
2023-06-12,AMZN,0
2023-06-12,AVGO,0
2023-06-12,GOOGL,0
2023-06-12,META,0
2023-06-12,MSFT,0
2023-06-12,NFLX,0
2023-06-12,NVDA,0
2023-06-12,SPY,0
2023-06-12,TSLA,0
2023-06-13,AAPL,0
2023-06-13,AMD,0
2023-06-13,AMZN,0
2023-06-13,AVGO,0
2023-06-13,GOOGL,0
2023-06-13,META,0
2023-06-13,MSFT,0
2023-06-13,NFLX,0
2023-06-13,NVDA,0
2023-06-13,SPY,0
2023-06-13,TSLA,0
2023-06-14,AAPL,0
2023-06-14,AMD,0
2023-06-14,AMZN,0
2023-06-14,AVGO,0
2023-06-14,GOOGL,0
2023-06-14,META,0
2023-06-14,MSFT,0
2023-06-14,NFLX,0
2023-06-14,NVDA,0
2023-06-14,SPY,0
2023-06-14,TSLA,0
2023-06-15,AAPL,0
2023-06-15,AMD,0
2023-06-15,AMZN,0
2023-06-15,AVGO,0
2023-06-15,GOOGL,0
2023-06-15,META,0
2023-06-15,MSFT,0
2023-06-15,NFLX,0
2023-06-15,NVDA,0
2023-06-15,SPY,0
2023-06-15,TSLA,0
2023-06-16,AAPL,0
2023-06-16,AMD,0
2023-06-16,AMZN,0
2023-06-16,AVGO,0
2023-06-16,GOOGL,0
2023-06-16,META,0
2023-06-16,MSFT,0
2023-06-16,NFLX,0
2023-06-16,NVDA,0
2023-06-16,SPY,0
2023-06-16,TSLA,0
2023-06-20,AAPL,0
2023-06-20,AMD,0
2023-06-20,AMZN,0
2023-06-20,AVGO,0
2023-06-20,GOOGL,0
2023-06-20,META,0
2023-06-20,MSFT,0
2023-06-20,NFLX,0
2023-06-20,NVDA,0
2023-06-20,SPY,0
2023-06-20,TSLA,0
2023-06-21,AAPL,0
2023-06-21,AMD,1
2023-06-21,AMZN,0
2023-06-21,AVGO,0
2023-06-21,GOOGL,0
2023-06-21,META,0
2023-06-21,MSFT,0
2023-06-21,NFLX,0
2023-06-21,NVDA,0
2023-06-21,SPY,0
2023-06-21,TSLA,0
2023-06-22,AAPL,0
2023-06-22,AMD,1
2023-06-22,AMZN,0
2023-06-22,AVGO,0
2023-06-22,GOOGL,0
2023-06-22,META,0
2023-06-22,MSFT,0
2023-06-22,NFLX,0
2023-06-22,NVDA,0
2023-06-22,SPY,0
2023-06-22,TSLA,0
2023-06-23,AAPL,0
2023-06-23,AMD,1
2023-06-23,AMZN,0
2023-06-23,AVGO,0
2023-06-23,GOOGL,0
2023-06-23,META,0
2023-06-23,MSFT,0
2023-06-23,NFLX,0
2023-06-23,NVDA,0
2023-06-23,SPY,0
2023-06-23,TSLA,0
2023-06-26,AAPL,0
2023-06-26,AMD,1
2023-06-26,AMZN,0
2023-06-26,AVGO,0
2023-06-26,GOOGL,0
2023-06-26,META,0
2023-06-26,MSFT,0
2023-06-26,NFLX,0
2023-06-26,NVDA,0
2023-06-26,SPY,0
2023-06-26,TSLA,0
2023-06-27,AAPL,0
2023-06-27,AMD,1
2023-06-27,AMZN,0
2023-06-27,AVGO,0
2023-06-27,GOOGL,0
2023-06-27,META,0
2023-06-27,MSFT,0
2023-06-27,NFLX,0
2023-06-27,NVDA,0
2023-06-27,SPY,0
2023-06-27,TSLA,0
2023-06-28,AAPL,0
2023-06-28,AMD,1
2023-06-28,AMZN,0
2023-06-28,AVGO,0
2023-06-28,GOOGL,0
2023-06-28,META,0
2023-06-28,MSFT,0
2023-06-28,NFLX,0
2023-06-28,NVDA,0
2023-06-28,SPY,0
2023-06-28,TSLA,0
2023-06-29,AAPL,0
2023-06-29,AMD,1
2023-06-29,AMZN,0
2023-06-29,AVGO,0
2023-06-29,GOOGL,0
2023-06-29,META,0
2023-06-29,MSFT,0
2023-06-29,NFLX,0
2023-06-29,NVDA,0
2023-06-29,SPY,0
2023-06-29,TSLA,0
2023-06-30,AAPL,0
2023-06-30,AMD,1
2023-06-30,AMZN,0
2023-06-30,AVGO,0
2023-06-30,GOOGL,0
2023-06-30,META,0
2023-06-30,MSFT,0
2023-06-30,NFLX,0
2023-06-30,NVDA,0
2023-06-30,SPY,0
2023-06-30,TSLA,0
2023-07-03,AAPL,0
2023-07-03,AMD,1
2023-07-03,AMZN,0
2023-07-03,AVGO,0
2023-07-03,GOOGL,0
2023-07-03,META,0
2023-07-03,MSFT,0
2023-07-03,NFLX,0
2023-07-03,NVDA,0
2023-07-03,SPY,0
2023-07-03,TSLA,0
2023-07-05,AAPL,0
2023-07-05,AMD,1
2023-07-05,AMZN,0
2023-07-05,AVGO,0
2023-07-05,GOOGL,0
2023-07-05,META,0
2023-07-05,MSFT,0
2023-07-05,NFLX,0
2023-07-05,NVDA,0
2023-07-05,SPY,0
2023-07-05,TSLA,0
2023-07-06,AAPL,0
2023-07-06,AMD,1
2023-07-06,AMZN,0
2023-07-06,AVGO,0
2023-07-06,GOOGL,0
2023-07-06,META,0
2023-07-06,MSFT,0
2023-07-06,NFLX,0
2023-07-06,NVDA,0
2023-07-06,SPY,0
2023-07-06,TSLA,0
2023-07-07,AAPL,0
2023-07-07,AMD,1
2023-07-07,AMZN,0
2023-07-07,AVGO,0
2023-07-07,GOOGL,0
2023-07-07,META,0
2023-07-07,MSFT,0
2023-07-07,NFLX,0
2023-07-07,NVDA,0
2023-07-07,SPY,0
2023-07-07,TSLA,0
2023-07-10,AAPL,0
2023-07-10,AMD,1
2023-07-10,AMZN,0
2023-07-10,AVGO,0
2023-07-10,GOOGL,0
2023-07-10,META,0
2023-07-10,MSFT,0
2023-07-10,NFLX,0
2023-07-10,NVDA,0
2023-07-10,SPY,0
2023-07-10,TSLA,0
2023-07-11,AAPL,0
2023-07-11,AMD,1
2023-07-11,AMZN,0
2023-07-11,AVGO,0
2023-07-11,GOOGL,0
2023-07-11,META,0
2023-07-11,MSFT,0
2023-07-11,NFLX,0
2023-07-11,NVDA,0
2023-07-11,SPY,0
2023-07-11,TSLA,0
2023-07-12,AAPL,0
2023-07-12,AMD,1
2023-07-12,AMZN,0
2023-07-12,AVGO,0
2023-07-12,GOOGL,0
2023-07-12,META,0
2023-07-12,MSFT,0
2023-07-12,NFLX,0
2023-07-12,NVDA,0
2023-07-12,SPY,0
2023-07-12,TSLA,0
2023-07-13,AAPL,0
2023-07-13,AMD,0
2023-07-13,AMZN,0
2023-07-13,AVGO,0
2023-07-13,GOOGL,0
2023-07-13,META,0
2023-07-13,MSFT,0
2023-07-13,NFLX,0
2023-07-13,NVDA,0
2023-07-13,SPY,0
2023-07-13,TSLA,0
2023-07-14,AAPL,0
2023-07-14,AMD,0
2023-07-14,AMZN,0
2023-07-14,AVGO,0
2023-07-14,GOOGL,0
2023-07-14,META,0
2023-07-14,MSFT,0
2023-07-14,NFLX,0
2023-07-14,NVDA,0
2023-07-14,SPY,0
2023-07-14,TSLA,0
2023-07-17,AAPL,0
2023-07-17,AMD,0
2023-07-17,AMZN,0
2023-07-17,AVGO,0
2023-07-17,GOOGL,0
2023-07-17,META,0
2023-07-17,MSFT,0
2023-07-17,NFLX,0
2023-07-17,NVDA,0
2023-07-17,SPY,0
2023-07-17,TSLA,0
2023-07-18,AAPL,0
2023-07-18,AMD,0
2023-07-18,AMZN,0
2023-07-18,AVGO,0
2023-07-18,GOOGL,0
2023-07-18,META,0
2023-07-18,MSFT,0
2023-07-18,NFLX,0
2023-07-18,NVDA,0
2023-07-18,SPY,0
2023-07-18,TSLA,0
2023-07-19,AAPL,0
2023-07-19,AMD,0
2023-07-19,AMZN,0
2023-07-19,AVGO,0
2023-07-19,GOOGL,0
2023-07-19,META,0
2023-07-19,MSFT,0
2023-07-19,NFLX,0
2023-07-19,NVDA,0
2023-07-19,SPY,0
2023-07-19,TSLA,0
2023-07-20,AAPL,0
2023-07-20,AMD,0
2023-07-20,AMZN,0
2023-07-20,AVGO,0
2023-07-20,GOOGL,0
2023-07-20,META,0
2023-07-20,MSFT,0
2023-07-20,NFLX,0
2023-07-20,NVDA,0
2023-07-20,SPY,0
2023-07-20,TSLA,1
2023-07-21,AAPL,0
2023-07-21,AMD,0
2023-07-21,AMZN,0
2023-07-21,AVGO,0
2023-07-21,GOOGL,0
2023-07-21,META,0
2023-07-21,MSFT,0
2023-07-21,NFLX,1
2023-07-21,NVDA,0
2023-07-21,SPY,0
2023-07-21,TSLA,1
2023-07-24,AAPL,0
2023-07-24,AMD,0
2023-07-24,AMZN,0
2023-07-24,AVGO,0
2023-07-24,GOOGL,0
2023-07-24,META,0
2023-07-24,MSFT,0
2023-07-24,NFLX,1
2023-07-24,NVDA,0
2023-07-24,SPY,0
2023-07-24,TSLA,0
2023-07-25,AAPL,0
2023-07-25,AMD,0
2023-07-25,AMZN,0
2023-07-25,AVGO,0
2023-07-25,GOOGL,0
2023-07-25,META,0
2023-07-25,MSFT,0
2023-07-25,NFLX,1
2023-07-25,NVDA,0
2023-07-25,SPY,0
2023-07-25,TSLA,1
2023-07-26,AAPL,0
2023-07-26,AMD,0
2023-07-26,AMZN,0
2023-07-26,AVGO,0
2023-07-26,GOOGL,0
2023-07-26,META,0
2023-07-26,MSFT,0
2023-07-26,NFLX,1
2023-07-26,NVDA,0
2023-07-26,SPY,0
2023-07-26,TSLA,1
2023-07-27,AAPL,0
2023-07-27,AMD,0
2023-07-27,AMZN,0
2023-07-27,AVGO,0
2023-07-27,GOOGL,0
2023-07-27,META,0
2023-07-27,MSFT,0
2023-07-27,NFLX,1
2023-07-27,NVDA,0
2023-07-27,SPY,0
2023-07-27,TSLA,1
2023-07-28,AAPL,0
2023-07-28,AMD,0
2023-07-28,AMZN,0
2023-07-28,AVGO,0
2023-07-28,GOOGL,0
2023-07-28,META,0
2023-07-28,MSFT,0
2023-07-28,NFLX,1
2023-07-28,NVDA,0
2023-07-28,SPY,0
2023-07-28,TSLA,1
2023-07-31,AAPL,0
2023-07-31,AMD,0
2023-07-31,AMZN,0
2023-07-31,AVGO,0
2023-07-31,GOOGL,0
2023-07-31,META,0
2023-07-31,MSFT,0
2023-07-31,NFLX,0
2023-07-31,NVDA,0
2023-07-31,SPY,0
2023-07-31,TSLA,0
2023-08-01,AAPL,0
2023-08-01,AMD,0
2023-08-01,AMZN,0
2023-08-01,AVGO,0
2023-08-01,GOOGL,0
2023-08-01,META,0
2023-08-01,MSFT,0
2023-08-01,NFLX,0
2023-08-01,NVDA,0
2023-08-01,SPY,0
2023-08-01,TSLA,1
2023-08-02,AAPL,0
2023-08-02,AMD,0
2023-08-02,AMZN,0
2023-08-02,AVGO,0
2023-08-02,GOOGL,0
2023-08-02,META,0
2023-08-02,MSFT,0
2023-08-02,NFLX,1
2023-08-02,NVDA,0
2023-08-02,SPY,0
2023-08-02,TSLA,1
2023-08-03,AAPL,0
2023-08-03,AMD,0
2023-08-03,AMZN,0
2023-08-03,AVGO,0
2023-08-03,GOOGL,0
2023-08-03,META,0
2023-08-03,MSFT,1
2023-08-03,NFLX,1
2023-08-03,NVDA,0
2023-08-03,SPY,0
2023-08-03,TSLA,1
2023-08-04,AAPL,0
2023-08-04,AMD,0
2023-08-04,AMZN,0
2023-08-04,AVGO,0
2023-08-04,GOOGL,0
2023-08-04,META,0
2023-08-04,MSFT,0
2023-08-04,NFLX,1
2023-08-04,NVDA,0
2023-08-04,SPY,0
2023-08-04,TSLA,1
2023-08-07,AAPL,0
2023-08-07,AMD,0
2023-08-07,AMZN,0
2023-08-07,AVGO,0
2023-08-07,GOOGL,0
2023-08-07,META,0
2023-08-07,MSFT,0
2023-08-07,NFLX,0
2023-08-07,NVDA,0
2023-08-07,SPY,0
2023-08-07,TSLA,1
2023-08-08,AAPL,0
2023-08-08,AMD,0
2023-08-08,AMZN,0
2023-08-08,AVGO,0
2023-08-08,GOOGL,0
2023-08-08,META,0
2023-08-08,MSFT,1
2023-08-08,NFLX,0
2023-08-08,NVDA,0
2023-08-08,SPY,0
2023-08-08,TSLA,1
2023-08-09,AAPL,1
2023-08-09,AMD,0
2023-08-09,AMZN,0
2023-08-09,AVGO,0
2023-08-09,GOOGL,0
2023-08-09,META,0
2023-08-09,MSFT,1
2023-08-09,NFLX,1
2023-08-09,NVDA,1
2023-08-09,SPY,0
2023-08-09,TSLA,1
2023-08-10,AAPL,1
2023-08-10,AMD,0
2023-08-10,AMZN,0
2023-08-10,AVGO,0
2023-08-10,GOOGL,0
2023-08-10,META,0
2023-08-10,MSFT,1
2023-08-10,NFLX,1
2023-08-10,NVDA,1
2023-08-10,SPY,0
2023-08-10,TSLA,1
2023-08-11,AAPL,1
2023-08-11,AMD,0
2023-08-11,AMZN,0
2023-08-11,AVGO,1
2023-08-11,GOOGL,0
2023-08-11,META,0
2023-08-11,MSFT,1
2023-08-11,NFLX,1
2023-08-11,NVDA,1
2023-08-11,SPY,0
2023-08-11,TSLA,1
2023-08-14,AAPL,0
2023-08-14,AMD,0
2023-08-14,AMZN,0
2023-08-14,AVGO,0
2023-08-14,GOOGL,0
2023-08-14,META,0
2023-08-14,MSFT,0
2023-08-14,NFLX,1
2023-08-14,NVDA,0
2023-08-14,SPY,0
2023-08-14,TSLA,1
2023-08-15,AAPL,1
2023-08-15,AMD,0
2023-08-15,AMZN,0
2023-08-15,AVGO,0
2023-08-15,GOOGL,0
2023-08-15,META,0
2023-08-15,MSFT,0
2023-08-15,NFLX,0
2023-08-15,NVDA,0
2023-08-15,SPY,0
2023-08-15,TSLA,1
2023-08-16,AAPL,1
2023-08-16,AMD,0
2023-08-16,AMZN,0
2023-08-16,AVGO,1
2023-08-16,GOOGL,0
2023-08-16,META,1
2023-08-16,MSFT,0
2023-08-16,NFLX,0
2023-08-16,NVDA,0
2023-08-16,SPY,0
2023-08-16,TSLA,1
2023-08-17,AAPL,1
2023-08-17,AMD,1
2023-08-17,AMZN,0
2023-08-17,AVGO,1
2023-08-17,GOOGL,0
2023-08-17,META,1
2023-08-17,MSFT,1
2023-08-17,NFLX,0
2023-08-17,NVDA,0
2023-08-17,SPY,0
2023-08-17,TSLA,1
2023-08-18,AAPL,1
2023-08-18,AMD,1
2023-08-18,AMZN,0
2023-08-18,AVGO,1
2023-08-18,GOOGL,0
2023-08-18,META,1
2023-08-18,MSFT,1
2023-08-18,NFLX,0
2023-08-18,NVDA,0
2023-08-18,SPY,0
2023-08-18,TSLA,1
2023-08-21,AAPL,1
2023-08-21,AMD,0
2023-08-21,AMZN,0
2023-08-21,AVGO,0
2023-08-21,GOOGL,0
2023-08-21,META,1
2023-08-21,MSFT,0
2023-08-21,NFLX,0
2023-08-21,NVDA,0
2023-08-21,SPY,0
2023-08-21,TSLA,1
2023-08-22,AAPL,1
2023-08-22,AMD,1
2023-08-22,AMZN,0
2023-08-22,AVGO,0
2023-08-22,GOOGL,0
2023-08-22,META,1
2023-08-22,MSFT,0
2023-08-22,NFLX,0
2023-08-22,NVDA,0
2023-08-22,SPY,0
2023-08-22,TSLA,1
2023-08-23,AAPL,0
2023-08-23,AMD,0
2023-08-23,AMZN,0
2023-08-23,AVGO,0
2023-08-23,GOOGL,0
2023-08-23,META,1
2023-08-23,MSFT,0
2023-08-23,NFLX,0
2023-08-23,NVDA,0
2023-08-23,SPY,0
2023-08-23,TSLA,1
2023-08-24,AAPL,1
2023-08-24,AMD,1
2023-08-24,AMZN,0
2023-08-24,AVGO,0
2023-08-24,GOOGL,0
2023-08-24,META,1
2023-08-24,MSFT,0
2023-08-24,NFLX,0
2023-08-24,NVDA,0
2023-08-24,SPY,0
2023-08-24,TSLA,1
2023-08-25,AAPL,0
2023-08-25,AMD,1
2023-08-25,AMZN,0
2023-08-25,AVGO,0
2023-08-25,GOOGL,0
2023-08-25,META,1
2023-08-25,MSFT,0
2023-08-25,NFLX,0
2023-08-25,NVDA,0
2023-08-25,SPY,0
2023-08-25,TSLA,0
2023-08-28,AAPL,0
2023-08-28,AMD,1
2023-08-28,AMZN,0
2023-08-28,AVGO,0
2023-08-28,GOOGL,0
2023-08-28,META,0
2023-08-28,MSFT,0
2023-08-28,NFLX,0
2023-08-28,NVDA,0
2023-08-28,SPY,0
2023-08-28,TSLA,0
2023-08-29,AAPL,0
2023-08-29,AMD,1
2023-08-29,AMZN,0
2023-08-29,AVGO,0
2023-08-29,GOOGL,0
2023-08-29,META,0
2023-08-29,MSFT,0
2023-08-29,NFLX,0
2023-08-29,NVDA,0
2023-08-29,SPY,0
2023-08-29,TSLA,0
2023-08-30,AAPL,0
2023-08-30,AMD,0
2023-08-30,AMZN,0
2023-08-30,AVGO,0
2023-08-30,GOOGL,0
2023-08-30,META,0
2023-08-30,MSFT,0
2023-08-30,NFLX,0
2023-08-30,NVDA,0
2023-08-30,SPY,0
2023-08-30,TSLA,0
2023-08-31,AAPL,0
2023-08-31,AMD,1
2023-08-31,AMZN,0
2023-08-31,AVGO,0
2023-08-31,GOOGL,0
2023-08-31,META,0
2023-08-31,MSFT,0
2023-08-31,NFLX,0
2023-08-31,NVDA,0
2023-08-31,SPY,0
2023-08-31,TSLA,0
2023-09-01,AAPL,0
2023-09-01,AMD,0
2023-09-01,AMZN,0
2023-09-01,AVGO,0
2023-09-01,GOOGL,0
2023-09-01,META,0
2023-09-01,MSFT,0
2023-09-01,NFLX,0
2023-09-01,NVDA,0
2023-09-01,SPY,0
2023-09-01,TSLA,0
2023-09-05,AAPL,0
2023-09-05,AMD,0
2023-09-05,AMZN,0
2023-09-05,AVGO,0
2023-09-05,GOOGL,0
2023-09-05,META,0
2023-09-05,MSFT,0
2023-09-05,NFLX,0
2023-09-05,NVDA,0
2023-09-05,SPY,0
2023-09-05,TSLA,0
2023-09-06,AAPL,0
2023-09-06,AMD,0
2023-09-06,AMZN,0
2023-09-06,AVGO,0
2023-09-06,GOOGL,0
2023-09-06,META,0
2023-09-06,MSFT,0
2023-09-06,NFLX,0
2023-09-06,NVDA,0
2023-09-06,SPY,0
2023-09-06,TSLA,0
2023-09-07,AAPL,0
2023-09-07,AMD,0
2023-09-07,AMZN,0
2023-09-07,AVGO,0
2023-09-07,GOOGL,0
2023-09-07,META,0
2023-09-07,MSFT,0
2023-09-07,NFLX,0
2023-09-07,NVDA,0
2023-09-07,SPY,0
2023-09-07,TSLA,0
2023-09-08,AAPL,0
2023-09-08,AMD,0
2023-09-08,AMZN,0
2023-09-08,AVGO,0
2023-09-08,GOOGL,0
2023-09-08,META,0
2023-09-08,MSFT,0
2023-09-08,NFLX,0
2023-09-08,NVDA,0
2023-09-08,SPY,0
2023-09-08,TSLA,1
2023-09-11,AAPL,0
2023-09-11,AMD,0
2023-09-11,AMZN,0
2023-09-11,AVGO,0
2023-09-11,GOOGL,0
2023-09-11,META,0
2023-09-11,MSFT,0
2023-09-11,NFLX,0
2023-09-11,NVDA,0
2023-09-11,SPY,0
2023-09-11,TSLA,0
2023-09-12,AAPL,0
2023-09-12,AMD,0
2023-09-12,AMZN,0
2023-09-12,AVGO,0
2023-09-12,GOOGL,0
2023-09-12,META,0
2023-09-12,MSFT,0
2023-09-12,NFLX,0
2023-09-12,NVDA,0
2023-09-12,SPY,0
2023-09-12,TSLA,0
2023-09-13,AAPL,0
2023-09-13,AMD,0
2023-09-13,AMZN,0
2023-09-13,AVGO,0
2023-09-13,GOOGL,0
2023-09-13,META,0
2023-09-13,MSFT,0
2023-09-13,NFLX,0
2023-09-13,NVDA,0
2023-09-13,SPY,0
2023-09-13,TSLA,0
2023-09-14,AAPL,0
2023-09-14,AMD,0
2023-09-14,AMZN,0
2023-09-14,AVGO,0
2023-09-14,GOOGL,0
2023-09-14,META,0
2023-09-14,MSFT,0
2023-09-14,NFLX,1
2023-09-14,NVDA,0
2023-09-14,SPY,0
2023-09-14,TSLA,0
2023-09-15,AAPL,0
2023-09-15,AMD,0
2023-09-15,AMZN,0
2023-09-15,AVGO,0
2023-09-15,GOOGL,0
2023-09-15,META,0
2023-09-15,MSFT,0
2023-09-15,NFLX,1
2023-09-15,NVDA,1
2023-09-15,SPY,0
2023-09-15,TSLA,0
2023-09-18,AAPL,0
2023-09-18,AMD,0
2023-09-18,AMZN,0
2023-09-18,AVGO,0
2023-09-18,GOOGL,0
2023-09-18,META,0
2023-09-18,MSFT,0
2023-09-18,NFLX,1
2023-09-18,NVDA,1
2023-09-18,SPY,0
2023-09-18,TSLA,0
2023-09-19,AAPL,0
2023-09-19,AMD,0
2023-09-19,AMZN,0
2023-09-19,AVGO,0
2023-09-19,GOOGL,0
2023-09-19,META,0
2023-09-19,MSFT,0
2023-09-19,NFLX,1
2023-09-19,NVDA,1
2023-09-19,SPY,0
2023-09-19,TSLA,0
2023-09-20,AAPL,0
2023-09-20,AMD,1
2023-09-20,AMZN,0
2023-09-20,AVGO,1
2023-09-20,GOOGL,0
2023-09-20,META,0
2023-09-20,MSFT,0
2023-09-20,NFLX,1
2023-09-20,NVDA,1
2023-09-20,SPY,0
2023-09-20,TSLA,0
2023-09-21,AAPL,0
2023-09-21,AMD,1
2023-09-21,AMZN,1
2023-09-21,AVGO,1
2023-09-21,GOOGL,0
2023-09-21,META,0
2023-09-21,MSFT,0
2023-09-21,NFLX,1
2023-09-21,NVDA,1
2023-09-21,SPY,0
2023-09-21,TSLA,0
2023-09-22,AAPL,0
2023-09-22,AMD,1
2023-09-22,AMZN,1
2023-09-22,AVGO,1
2023-09-22,GOOGL,0
2023-09-22,META,0
2023-09-22,MSFT,0
2023-09-22,NFLX,1
2023-09-22,NVDA,1
2023-09-22,SPY,0
2023-09-22,TSLA,1
2023-09-25,AAPL,0
2023-09-25,AMD,1
2023-09-25,AMZN,1
2023-09-25,AVGO,1
2023-09-25,GOOGL,0
2023-09-25,META,0
2023-09-25,MSFT,0
2023-09-25,NFLX,1
2023-09-25,NVDA,1
2023-09-25,SPY,0
2023-09-25,TSLA,1
2023-09-26,AAPL,1
2023-09-26,AMD,1
2023-09-26,AMZN,1
2023-09-26,AVGO,1
2023-09-26,GOOGL,0
2023-09-26,META,0
2023-09-26,MSFT,0
2023-09-26,NFLX,1
2023-09-26,NVDA,1
2023-09-26,SPY,0
2023-09-26,TSLA,1
2023-09-27,AAPL,1
2023-09-27,AMD,1
2023-09-27,AMZN,1
2023-09-27,AVGO,1
2023-09-27,GOOGL,0
2023-09-27,META,0
2023-09-27,MSFT,0
2023-09-27,NFLX,1
2023-09-27,NVDA,1
2023-09-27,SPY,0
2023-09-27,TSLA,1
2023-09-28,AAPL,1
2023-09-28,AMD,0
2023-09-28,AMZN,1
2023-09-28,AVGO,0
2023-09-28,GOOGL,0
2023-09-28,META,0
2023-09-28,MSFT,0
2023-09-28,NFLX,1
2023-09-28,NVDA,1
2023-09-28,SPY,0
2023-09-28,TSLA,1
2023-09-29,AAPL,1
2023-09-29,AMD,0
2023-09-29,AMZN,1
2023-09-29,AVGO,0
2023-09-29,GOOGL,0
2023-09-29,META,0
2023-09-29,MSFT,0
2023-09-29,NFLX,1
2023-09-29,NVDA,1
2023-09-29,SPY,0
2023-09-29,TSLA,1
2023-10-02,AAPL,0
2023-10-02,AMD,0
2023-10-02,AMZN,1
2023-10-02,AVGO,0
2023-10-02,GOOGL,0
2023-10-02,META,0
2023-10-02,MSFT,0
2023-10-02,NFLX,1
2023-10-02,NVDA,0
2023-10-02,SPY,0
2023-10-02,TSLA,0
2023-10-03,AAPL,0
2023-10-03,AMD,0
2023-10-03,AMZN,1
2023-10-03,AVGO,0
2023-10-03,GOOGL,0
2023-10-03,META,0
2023-10-03,MSFT,0
2023-10-03,NFLX,1
2023-10-03,NVDA,0
2023-10-03,SPY,0
2023-10-03,TSLA,1
2023-10-04,AAPL,0
2023-10-04,AMD,0
2023-10-04,AMZN,1
2023-10-04,AVGO,0
2023-10-04,GOOGL,0
2023-10-04,META,0
2023-10-04,MSFT,0
2023-10-04,NFLX,1
2023-10-04,NVDA,0
2023-10-04,SPY,0
2023-10-04,TSLA,0
2023-10-05,AAPL,0
2023-10-05,AMD,0
2023-10-05,AMZN,1
2023-10-05,AVGO,0
2023-10-05,GOOGL,0
2023-10-05,META,0
2023-10-05,MSFT,0
2023-10-05,NFLX,1
2023-10-05,NVDA,0
2023-10-05,SPY,0
2023-10-05,TSLA,0
2023-10-06,AAPL,0
2023-10-06,AMD,0
2023-10-06,AMZN,1
2023-10-06,AVGO,0
2023-10-06,GOOGL,0
2023-10-06,META,0
2023-10-06,MSFT,0
2023-10-06,NFLX,1
2023-10-06,NVDA,0
2023-10-06,SPY,0
2023-10-06,TSLA,0
2023-10-09,AAPL,0
2023-10-09,AMD,0
2023-10-09,AMZN,1
2023-10-09,AVGO,0
2023-10-09,GOOGL,0
2023-10-09,META,0
2023-10-09,MSFT,0
2023-10-09,NFLX,0
2023-10-09,NVDA,0
2023-10-09,SPY,0
2023-10-09,TSLA,0
2023-10-10,AAPL,0
2023-10-10,AMD,0
2023-10-10,AMZN,1
2023-10-10,AVGO,0
2023-10-10,GOOGL,0
2023-10-10,META,0
2023-10-10,MSFT,0
2023-10-10,NFLX,0
2023-10-10,NVDA,0
2023-10-10,SPY,0
2023-10-10,TSLA,0
2023-10-11,AAPL,0
2023-10-11,AMD,0
2023-10-11,AMZN,0
2023-10-11,AVGO,0
2023-10-11,GOOGL,0
2023-10-11,META,0
2023-10-11,MSFT,0
2023-10-11,NFLX,0
2023-10-11,NVDA,0
2023-10-11,SPY,0
2023-10-11,TSLA,0
2023-10-12,AAPL,0
2023-10-12,AMD,0
2023-10-12,AMZN,0
2023-10-12,AVGO,0
2023-10-12,GOOGL,0
2023-10-12,META,0
2023-10-12,MSFT,0
2023-10-12,NFLX,0
2023-10-12,NVDA,0
2023-10-12,SPY,0
2023-10-12,TSLA,0
2023-10-13,AAPL,0
2023-10-13,AMD,0
2023-10-13,AMZN,0
2023-10-13,AVGO,0
2023-10-13,GOOGL,0
2023-10-13,META,0
2023-10-13,MSFT,0
2023-10-13,NFLX,1
2023-10-13,NVDA,0
2023-10-13,SPY,0
2023-10-13,TSLA,0
2023-10-16,AAPL,0
2023-10-16,AMD,0
2023-10-16,AMZN,0
2023-10-16,AVGO,0
2023-10-16,GOOGL,0
2023-10-16,META,0
2023-10-16,MSFT,0
2023-10-16,NFLX,0
2023-10-16,NVDA,0
2023-10-16,SPY,0
2023-10-16,TSLA,0
2023-10-17,AAPL,0
2023-10-17,AMD,0
2023-10-17,AMZN,0
2023-10-17,AVGO,0
2023-10-17,GOOGL,0
2023-10-17,META,0
2023-10-17,MSFT,0
2023-10-17,NFLX,0
2023-10-17,NVDA,0
2023-10-17,SPY,0
2023-10-17,TSLA,0
2023-10-18,AAPL,0
2023-10-18,AMD,0
2023-10-18,AMZN,0
2023-10-18,AVGO,0
2023-10-18,GOOGL,0
2023-10-18,META,0
2023-10-18,MSFT,0
2023-10-18,NFLX,1
2023-10-18,NVDA,1
2023-10-18,SPY,0
2023-10-18,TSLA,0
2023-10-19,AAPL,0
2023-10-19,AMD,0
2023-10-19,AMZN,0
2023-10-19,AVGO,0
2023-10-19,GOOGL,0
2023-10-19,META,0
2023-10-19,MSFT,0
2023-10-19,NFLX,0
2023-10-19,NVDA,1
2023-10-19,SPY,0
2023-10-19,TSLA,1
2023-10-20,AAPL,0
2023-10-20,AMD,0
2023-10-20,AMZN,0
2023-10-20,AVGO,0
2023-10-20,GOOGL,0
2023-10-20,META,0
2023-10-20,MSFT,0
2023-10-20,NFLX,0
2023-10-20,NVDA,1
2023-10-20,SPY,0
2023-10-20,TSLA,1
2023-10-23,AAPL,0
2023-10-23,AMD,0
2023-10-23,AMZN,0
2023-10-23,AVGO,0
2023-10-23,GOOGL,0
2023-10-23,META,0
2023-10-23,MSFT,0
2023-10-23,NFLX,0
2023-10-23,NVDA,0
2023-10-23,SPY,0
2023-10-23,TSLA,1
2023-10-24,AAPL,0
2023-10-24,AMD,0
2023-10-24,AMZN,0
2023-10-24,AVGO,0
2023-10-24,GOOGL,0
2023-10-24,META,0
2023-10-24,MSFT,0
2023-10-24,NFLX,0
2023-10-24,NVDA,0
2023-10-24,SPY,0
2023-10-24,TSLA,1
2023-10-25,AAPL,0
2023-10-25,AMD,1
2023-10-25,AMZN,0
2023-10-25,AVGO,0
2023-10-25,GOOGL,1
2023-10-25,META,0
2023-10-25,MSFT,0
2023-10-25,NFLX,0
2023-10-25,NVDA,1
2023-10-25,SPY,0
2023-10-25,TSLA,1
2023-10-26,AAPL,0
2023-10-26,AMD,1
2023-10-26,AMZN,1
2023-10-26,AVGO,0
2023-10-26,GOOGL,1
2023-10-26,META,1
2023-10-26,MSFT,0
2023-10-26,NFLX,0
2023-10-26,NVDA,1
2023-10-26,SPY,0
2023-10-26,TSLA,1
2023-10-27,AAPL,0
2023-10-27,AMD,1
2023-10-27,AMZN,0
2023-10-27,AVGO,0
2023-10-27,GOOGL,1
2023-10-27,META,1
2023-10-27,MSFT,0
2023-10-27,NFLX,0
2023-10-27,NVDA,1
2023-10-27,SPY,0
2023-10-27,TSLA,1
2023-10-30,AAPL,0
2023-10-30,AMD,1
2023-10-30,AMZN,0
2023-10-30,AVGO,0
2023-10-30,GOOGL,1
2023-10-30,META,0
2023-10-30,MSFT,0
2023-10-30,NFLX,0
2023-10-30,NVDA,1
2023-10-30,SPY,0
2023-10-30,TSLA,1
2023-10-31,AAPL,0
2023-10-31,AMD,1
2023-10-31,AMZN,0
2023-10-31,AVGO,0
2023-10-31,GOOGL,1
2023-10-31,META,0
2023-10-31,MSFT,0
2023-10-31,NFLX,0
2023-10-31,NVDA,1
2023-10-31,SPY,0
2023-10-31,TSLA,1
2023-11-01,AAPL,0
2023-11-01,AMD,0
2023-11-01,AMZN,0
2023-11-01,AVGO,0
2023-11-01,GOOGL,1
2023-11-01,META,0
2023-11-01,MSFT,0
2023-11-01,NFLX,0
2023-11-01,NVDA,1
2023-11-01,SPY,0
2023-11-01,TSLA,1
2023-11-02,AAPL,0
2023-11-02,AMD,0
2023-11-02,AMZN,0
2023-11-02,AVGO,0
2023-11-02,GOOGL,1
2023-11-02,META,0
2023-11-02,MSFT,0
2023-11-02,NFLX,0
2023-11-02,NVDA,0
2023-11-02,SPY,0
2023-11-02,TSLA,1
2023-11-03,AAPL,0
2023-11-03,AMD,0
2023-11-03,AMZN,0
2023-11-03,AVGO,0
2023-11-03,GOOGL,0
2023-11-03,META,0
2023-11-03,MSFT,0
2023-11-03,NFLX,0
2023-11-03,NVDA,0
2023-11-03,SPY,0
2023-11-03,TSLA,1
2023-11-06,AAPL,0
2023-11-06,AMD,0
2023-11-06,AMZN,0
2023-11-06,AVGO,0
2023-11-06,GOOGL,0
2023-11-06,META,0
2023-11-06,MSFT,0
2023-11-06,NFLX,0
2023-11-06,NVDA,0
2023-11-06,SPY,0
2023-11-06,TSLA,1
2023-11-07,AAPL,0
2023-11-07,AMD,0
2023-11-07,AMZN,0
2023-11-07,AVGO,0
2023-11-07,GOOGL,0
2023-11-07,META,0
2023-11-07,MSFT,0
2023-11-07,NFLX,0
2023-11-07,NVDA,0
2023-11-07,SPY,0
2023-11-07,TSLA,1
2023-11-08,AAPL,0
2023-11-08,AMD,0
2023-11-08,AMZN,0
2023-11-08,AVGO,0
2023-11-08,GOOGL,0
2023-11-08,META,0
2023-11-08,MSFT,0
2023-11-08,NFLX,0
2023-11-08,NVDA,0
2023-11-08,SPY,0
2023-11-08,TSLA,1
2023-11-09,AAPL,0
2023-11-09,AMD,0
2023-11-09,AMZN,0
2023-11-09,AVGO,0
2023-11-09,GOOGL,0
2023-11-09,META,0
2023-11-09,MSFT,0
2023-11-09,NFLX,0
2023-11-09,NVDA,0
2023-11-09,SPY,0
2023-11-09,TSLA,1
2023-11-10,AAPL,0
2023-11-10,AMD,0
2023-11-10,AMZN,0
2023-11-10,AVGO,0
2023-11-10,GOOGL,0
2023-11-10,META,0
2023-11-10,MSFT,0
2023-11-10,NFLX,0
2023-11-10,NVDA,0
2023-11-10,SPY,0
2023-11-10,TSLA,1
2023-11-13,AAPL,0
2023-11-13,AMD,0
2023-11-13,AMZN,0
2023-11-13,AVGO,0
2023-11-13,GOOGL,0
2023-11-13,META,0
2023-11-13,MSFT,0
2023-11-13,NFLX,0
2023-11-13,NVDA,0
2023-11-13,SPY,0
2023-11-13,TSLA,0
2023-11-14,AAPL,0
2023-11-14,AMD,0
2023-11-14,AMZN,0
2023-11-14,AVGO,0
2023-11-14,GOOGL,0
2023-11-14,META,0
2023-11-14,MSFT,0
2023-11-14,NFLX,0
2023-11-14,NVDA,0
2023-11-14,SPY,0
2023-11-14,TSLA,0
2023-11-15,AAPL,0
2023-11-15,AMD,0
2023-11-15,AMZN,0
2023-11-15,AVGO,0
2023-11-15,GOOGL,0
2023-11-15,META,0
2023-11-15,MSFT,0
2023-11-15,NFLX,0
2023-11-15,NVDA,0
2023-11-15,SPY,0
2023-11-15,TSLA,0
2023-11-16,AAPL,0
2023-11-16,AMD,0
2023-11-16,AMZN,0
2023-11-16,AVGO,0
2023-11-16,GOOGL,0
2023-11-16,META,0
2023-11-16,MSFT,0
2023-11-16,NFLX,0
2023-11-16,NVDA,0
2023-11-16,SPY,0
2023-11-16,TSLA,0
2023-11-17,AAPL,0
2023-11-17,AMD,0
2023-11-17,AMZN,0
2023-11-17,AVGO,0
2023-11-17,GOOGL,0
2023-11-17,META,0
2023-11-17,MSFT,0
2023-11-17,NFLX,0
2023-11-17,NVDA,0
2023-11-17,SPY,0
2023-11-17,TSLA,0
2023-11-20,AAPL,0
2023-11-20,AMD,0
2023-11-20,AMZN,0
2023-11-20,AVGO,0
2023-11-20,GOOGL,0
2023-11-20,META,0
2023-11-20,MSFT,0
2023-11-20,NFLX,0
2023-11-20,NVDA,0
2023-11-20,SPY,0
2023-11-20,TSLA,0
2023-11-21,AAPL,0
2023-11-21,AMD,0
2023-11-21,AMZN,0
2023-11-21,AVGO,0
2023-11-21,GOOGL,0
2023-11-21,META,0
2023-11-21,MSFT,0
2023-11-21,NFLX,0
2023-11-21,NVDA,0
2023-11-21,SPY,0
2023-11-21,TSLA,0
2023-11-22,AAPL,0
2023-11-22,AMD,0
2023-11-22,AMZN,0
2023-11-22,AVGO,0
2023-11-22,GOOGL,0
2023-11-22,META,0
2023-11-22,MSFT,0
2023-11-22,NFLX,0
2023-11-22,NVDA,0
2023-11-22,SPY,0
2023-11-22,TSLA,0
2023-11-24,AAPL,0
2023-11-24,AMD,0
2023-11-24,AMZN,0
2023-11-24,AVGO,0
2023-11-24,GOOGL,0
2023-11-24,META,0
2023-11-24,MSFT,0
2023-11-24,NFLX,0
2023-11-24,NVDA,0
2023-11-24,SPY,0
2023-11-24,TSLA,0
2023-11-27,AAPL,0
2023-11-27,AMD,0
2023-11-27,AMZN,0
2023-11-27,AVGO,0
2023-11-27,GOOGL,0
2023-11-27,META,0
2023-11-27,MSFT,0
2023-11-27,NFLX,0
2023-11-27,NVDA,0
2023-11-27,SPY,0
2023-11-27,TSLA,0
2023-11-28,AAPL,0
2023-11-28,AMD,0
2023-11-28,AMZN,0
2023-11-28,AVGO,0
2023-11-28,GOOGL,0
2023-11-28,META,0
2023-11-28,MSFT,0
2023-11-28,NFLX,0
2023-11-28,NVDA,0
2023-11-28,SPY,0
2023-11-28,TSLA,0
2023-11-29,AAPL,0
2023-11-29,AMD,0
2023-11-29,AMZN,0
2023-11-29,AVGO,0
2023-11-29,GOOGL,0
2023-11-29,META,0
2023-11-29,MSFT,0
2023-11-29,NFLX,0
2023-11-29,NVDA,0
2023-11-29,SPY,0
2023-11-29,TSLA,0
2023-11-30,AAPL,0
2023-11-30,AMD,0
2023-11-30,AMZN,0
2023-11-30,AVGO,0
2023-11-30,GOOGL,0
2023-11-30,META,0
2023-11-30,MSFT,0
2023-11-30,NFLX,0
2023-11-30,NVDA,0
2023-11-30,SPY,0
2023-11-30,TSLA,0
2023-12-01,AAPL,0
2023-12-01,AMD,0
2023-12-01,AMZN,0
2023-12-01,AVGO,0
2023-12-01,GOOGL,0
2023-12-01,META,0
2023-12-01,MSFT,0
2023-12-01,NFLX,0
2023-12-01,NVDA,0
2023-12-01,SPY,0
2023-12-01,TSLA,0
2023-12-04,AAPL,0
2023-12-04,AMD,0
2023-12-04,AMZN,0
2023-12-04,AVGO,0
2023-12-04,GOOGL,0
2023-12-04,META,0
2023-12-04,MSFT,0
2023-12-04,NFLX,0
2023-12-04,NVDA,1
2023-12-04,SPY,0
2023-12-04,TSLA,0
2023-12-05,AAPL,0
2023-12-05,AMD,0
2023-12-05,AMZN,0
2023-12-05,AVGO,0
2023-12-05,GOOGL,0
2023-12-05,META,0
2023-12-05,MSFT,0
2023-12-05,NFLX,0
2023-12-05,NVDA,0
2023-12-05,SPY,0
2023-12-05,TSLA,0
2023-12-06,AAPL,0
2023-12-06,AMD,0
2023-12-06,AMZN,0
2023-12-06,AVGO,1
2023-12-06,GOOGL,0
2023-12-06,META,0
2023-12-06,MSFT,0
2023-12-06,NFLX,0
2023-12-06,NVDA,1
2023-12-06,SPY,0
2023-12-06,TSLA,0
2023-12-07,AAPL,0
2023-12-07,AMD,0
2023-12-07,AMZN,0
2023-12-07,AVGO,0
2023-12-07,GOOGL,0
2023-12-07,META,0
2023-12-07,MSFT,0
2023-12-07,NFLX,0
2023-12-07,NVDA,0
2023-12-07,SPY,0
2023-12-07,TSLA,0
2023-12-08,AAPL,0
2023-12-08,AMD,0
2023-12-08,AMZN,0
2023-12-08,AVGO,0
2023-12-08,GOOGL,0
2023-12-08,META,0
2023-12-08,MSFT,0
2023-12-08,NFLX,0
2023-12-08,NVDA,0
2023-12-08,SPY,0
2023-12-08,TSLA,0
2023-12-11,AAPL,0
2023-12-11,AMD,0
2023-12-11,AMZN,0
2023-12-11,AVGO,0
2023-12-11,GOOGL,0
2023-12-11,META,0
2023-12-11,MSFT,0
2023-12-11,NFLX,0
2023-12-11,NVDA,0
2023-12-11,SPY,0
2023-12-11,TSLA,0
2023-12-12,AAPL,0
2023-12-12,AMD,0
2023-12-12,AMZN,0
2023-12-12,AVGO,0
2023-12-12,GOOGL,0
2023-12-12,META,0
2023-12-12,MSFT,0
2023-12-12,NFLX,0
2023-12-12,NVDA,0
2023-12-12,SPY,0
2023-12-12,TSLA,0
2023-12-13,AAPL,0
2023-12-13,AMD,0
2023-12-13,AMZN,0
2023-12-13,AVGO,0
2023-12-13,GOOGL,0
2023-12-13,META,0
2023-12-13,MSFT,0
2023-12-13,NFLX,0
2023-12-13,NVDA,0
2023-12-13,SPY,0
2023-12-13,TSLA,0
2023-12-14,AAPL,0
2023-12-14,AMD,0
2023-12-14,AMZN,0
2023-12-14,AVGO,0
2023-12-14,GOOGL,0
2023-12-14,META,0
2023-12-14,MSFT,0
2023-12-14,NFLX,0
2023-12-14,NVDA,0
2023-12-14,SPY,0
2023-12-14,TSLA,0
2023-12-15,AAPL,0
2023-12-15,AMD,0
2023-12-15,AMZN,0
2023-12-15,AVGO,0
2023-12-15,GOOGL,0
2023-12-15,META,0
2023-12-15,MSFT,0
2023-12-15,NFLX,0
2023-12-15,NVDA,0
2023-12-15,SPY,0
2023-12-15,TSLA,0
2023-12-18,AAPL,0
2023-12-18,AMD,0
2023-12-18,AMZN,0
2023-12-18,AVGO,0
2023-12-18,GOOGL,0
2023-12-18,META,0
2023-12-18,MSFT,0
2023-12-18,NFLX,0
2023-12-18,NVDA,0
2023-12-18,SPY,0
2023-12-18,TSLA,0
2023-12-19,AAPL,0
2023-12-19,AMD,0
2023-12-19,AMZN,0
2023-12-19,AVGO,0
2023-12-19,GOOGL,0
2023-12-19,META,0
2023-12-19,MSFT,0
2023-12-19,NFLX,0
2023-12-19,NVDA,0
2023-12-19,SPY,0
2023-12-19,TSLA,0
2023-12-20,AAPL,0
2023-12-20,AMD,0
2023-12-20,AMZN,0
2023-12-20,AVGO,0
2023-12-20,GOOGL,0
2023-12-20,META,0
2023-12-20,MSFT,0
2023-12-20,NFLX,0
2023-12-20,NVDA,0
2023-12-20,SPY,0
2023-12-20,TSLA,0
2023-12-21,AAPL,0
2023-12-21,AMD,0
2023-12-21,AMZN,0
2023-12-21,AVGO,0
2023-12-21,GOOGL,0
2023-12-21,META,0
2023-12-21,MSFT,0
2023-12-21,NFLX,0
2023-12-21,NVDA,0
2023-12-21,SPY,0
2023-12-21,TSLA,0
2023-12-22,AAPL,0
2023-12-22,AMD,0
2023-12-22,AMZN,0
2023-12-22,AVGO,0
2023-12-22,GOOGL,0
2023-12-22,META,0
2023-12-22,MSFT,0
2023-12-22,NFLX,0
2023-12-22,NVDA,0
2023-12-22,SPY,0
2023-12-22,TSLA,0
2023-12-26,AAPL,0
2023-12-26,AMD,0
2023-12-26,AMZN,0
2023-12-26,AVGO,0
2023-12-26,GOOGL,0
2023-12-26,META,0
2023-12-26,MSFT,0
2023-12-26,NFLX,0
2023-12-26,NVDA,0
2023-12-26,SPY,0
2023-12-26,TSLA,0
2023-12-27,AAPL,0
2023-12-27,AMD,0
2023-12-27,AMZN,0
2023-12-27,AVGO,0
2023-12-27,GOOGL,0
2023-12-27,META,0
2023-12-27,MSFT,0
2023-12-27,NFLX,0
2023-12-27,NVDA,0
2023-12-27,SPY,0
2023-12-27,TSLA,0
2023-12-28,AAPL,0
2023-12-28,AMD,0
2023-12-28,AMZN,0
2023-12-28,AVGO,0
2023-12-28,GOOGL,0
2023-12-28,META,0
2023-12-28,MSFT,0
2023-12-28,NFLX,0
2023-12-28,NVDA,0
2023-12-28,SPY,0
2023-12-28,TSLA,0
2023-12-29,AAPL,0
2023-12-29,AMD,0
2023-12-29,AMZN,0
2023-12-29,AVGO,0
2023-12-29,GOOGL,0
2023-12-29,META,0
2023-12-29,MSFT,0
2023-12-29,NFLX,0
2023-12-29,NVDA,0
2023-12-29,SPY,0
2023-12-29,TSLA,0
2024-01-02,AAPL,0
2024-01-02,AMD,0
2024-01-02,AMZN,0
2024-01-02,AVGO,0
2024-01-02,GOOGL,0
2024-01-02,META,0
2024-01-02,MSFT,0
2024-01-02,NFLX,0
2024-01-02,NVDA,0
2024-01-02,SPY,0
2024-01-02,TSLA,0
2024-01-03,AAPL,0
2024-01-03,AMD,0
2024-01-03,AMZN,0
2024-01-03,AVGO,0
2024-01-03,GOOGL,0
2024-01-03,META,0
2024-01-03,MSFT,0
2024-01-03,NFLX,0
2024-01-03,NVDA,0
2024-01-03,SPY,0
2024-01-03,TSLA,0
2024-01-04,AAPL,0
2024-01-04,AMD,0
2024-01-04,AMZN,0
2024-01-04,AVGO,0
2024-01-04,GOOGL,0
2024-01-04,META,0
2024-01-04,MSFT,0
2024-01-04,NFLX,0
2024-01-04,NVDA,0
2024-01-04,SPY,0
2024-01-04,TSLA,0
2024-01-05,AAPL,0
2024-01-05,AMD,0
2024-01-05,AMZN,0
2024-01-05,AVGO,0
2024-01-05,GOOGL,0
2024-01-05,META,0
2024-01-05,MSFT,0
2024-01-05,NFLX,0
2024-01-05,NVDA,0
2024-01-05,SPY,0
2024-01-05,TSLA,1
2024-01-08,AAPL,0
2024-01-08,AMD,0
2024-01-08,AMZN,0
2024-01-08,AVGO,0
2024-01-08,GOOGL,0
2024-01-08,META,0
2024-01-08,MSFT,0
2024-01-08,NFLX,0
2024-01-08,NVDA,0
2024-01-08,SPY,0
2024-01-08,TSLA,0
2024-01-09,AAPL,0
2024-01-09,AMD,0
2024-01-09,AMZN,0
2024-01-09,AVGO,0
2024-01-09,GOOGL,0
2024-01-09,META,0
2024-01-09,MSFT,0
2024-01-09,NFLX,0
2024-01-09,NVDA,0
2024-01-09,SPY,0
2024-01-09,TSLA,1
2024-01-10,AAPL,0
2024-01-10,AMD,0
2024-01-10,AMZN,0
2024-01-10,AVGO,0
2024-01-10,GOOGL,0
2024-01-10,META,0
2024-01-10,MSFT,0
2024-01-10,NFLX,0
2024-01-10,NVDA,0
2024-01-10,SPY,0
2024-01-10,TSLA,1
2024-01-11,AAPL,0
2024-01-11,AMD,0
2024-01-11,AMZN,0
2024-01-11,AVGO,0
2024-01-11,GOOGL,0
2024-01-11,META,0
2024-01-11,MSFT,0
2024-01-11,NFLX,0
2024-01-11,NVDA,0
2024-01-11,SPY,0
2024-01-11,TSLA,1
2024-01-12,AAPL,0
2024-01-12,AMD,0
2024-01-12,AMZN,0
2024-01-12,AVGO,0
2024-01-12,GOOGL,0
2024-01-12,META,0
2024-01-12,MSFT,0
2024-01-12,NFLX,0
2024-01-12,NVDA,0
2024-01-12,SPY,0
2024-01-12,TSLA,1
2024-01-16,AAPL,0
2024-01-16,AMD,0
2024-01-16,AMZN,0
2024-01-16,AVGO,0
2024-01-16,GOOGL,0
2024-01-16,META,0
2024-01-16,MSFT,0
2024-01-16,NFLX,0
2024-01-16,NVDA,0
2024-01-16,SPY,0
2024-01-16,TSLA,1
2024-01-17,AAPL,0
2024-01-17,AMD,0
2024-01-17,AMZN,0
2024-01-17,AVGO,0
2024-01-17,GOOGL,0
2024-01-17,META,0
2024-01-17,MSFT,0
2024-01-17,NFLX,0
2024-01-17,NVDA,0
2024-01-17,SPY,0
2024-01-17,TSLA,1
2024-01-18,AAPL,0
2024-01-18,AMD,0
2024-01-18,AMZN,0
2024-01-18,AVGO,0
2024-01-18,GOOGL,0
2024-01-18,META,0
2024-01-18,MSFT,0
2024-01-18,NFLX,0
2024-01-18,NVDA,0
2024-01-18,SPY,0
2024-01-18,TSLA,1
2024-01-19,AAPL,0
2024-01-19,AMD,0
2024-01-19,AMZN,0
2024-01-19,AVGO,0
2024-01-19,GOOGL,0
2024-01-19,META,0
2024-01-19,MSFT,0
2024-01-19,NFLX,0
2024-01-19,NVDA,0
2024-01-19,SPY,0
2024-01-19,TSLA,1
2024-01-22,AAPL,0
2024-01-22,AMD,0
2024-01-22,AMZN,0
2024-01-22,AVGO,0
2024-01-22,GOOGL,0
2024-01-22,META,0
2024-01-22,MSFT,0
2024-01-22,NFLX,0
2024-01-22,NVDA,0
2024-01-22,SPY,0
2024-01-22,TSLA,1
2024-01-23,AAPL,0
2024-01-23,AMD,0
2024-01-23,AMZN,0
2024-01-23,AVGO,0
2024-01-23,GOOGL,0
2024-01-23,META,0
2024-01-23,MSFT,0
2024-01-23,NFLX,1
2024-01-23,NVDA,0
2024-01-23,SPY,0
2024-01-23,TSLA,1
2024-01-24,AAPL,0
2024-01-24,AMD,0
2024-01-24,AMZN,0
2024-01-24,AVGO,0
2024-01-24,GOOGL,0
2024-01-24,META,0
2024-01-24,MSFT,0
2024-01-24,NFLX,0
2024-01-24,NVDA,0
2024-01-24,SPY,0
2024-01-24,TSLA,1
2024-01-25,AAPL,0
2024-01-25,AMD,0
2024-01-25,AMZN,0
2024-01-25,AVGO,0
2024-01-25,GOOGL,0
2024-01-25,META,0
2024-01-25,MSFT,0
2024-01-25,NFLX,0
2024-01-25,NVDA,0
2024-01-25,SPY,0
2024-01-25,TSLA,1
2024-01-26,AAPL,0
2024-01-26,AMD,0
2024-01-26,AMZN,0
2024-01-26,AVGO,0
2024-01-26,GOOGL,0
2024-01-26,META,0
2024-01-26,MSFT,0
2024-01-26,NFLX,0
2024-01-26,NVDA,0
2024-01-26,SPY,0
2024-01-26,TSLA,1
2024-01-29,AAPL,0
2024-01-29,AMD,0
2024-01-29,AMZN,0
2024-01-29,AVGO,0
2024-01-29,GOOGL,0
2024-01-29,META,0
2024-01-29,MSFT,0
2024-01-29,NFLX,0
2024-01-29,NVDA,0
2024-01-29,SPY,0
2024-01-29,TSLA,1
2024-01-30,AAPL,0
2024-01-30,AMD,0
2024-01-30,AMZN,0
2024-01-30,AVGO,0
2024-01-30,GOOGL,0
2024-01-30,META,0
2024-01-30,MSFT,0
2024-01-30,NFLX,0
2024-01-30,NVDA,0
2024-01-30,SPY,0
2024-01-30,TSLA,1
2024-01-31,AAPL,0
2024-01-31,AMD,0
2024-01-31,AMZN,0
2024-01-31,AVGO,0
2024-01-31,GOOGL,0
2024-01-31,META,0
2024-01-31,MSFT,0
2024-01-31,NFLX,0
2024-01-31,NVDA,0
2024-01-31,SPY,0
2024-01-31,TSLA,1
2024-02-01,AAPL,0
2024-02-01,AMD,0
2024-02-01,AMZN,0
2024-02-01,AVGO,0
2024-02-01,GOOGL,0
2024-02-01,META,1
2024-02-01,MSFT,0
2024-02-01,NFLX,0
2024-02-01,NVDA,0
2024-02-01,SPY,0
2024-02-01,TSLA,1
2024-02-02,AAPL,0
2024-02-02,AMD,0
2024-02-02,AMZN,0
2024-02-02,AVGO,0
2024-02-02,GOOGL,0
2024-02-02,META,0
2024-02-02,MSFT,0
2024-02-02,NFLX,0
2024-02-02,NVDA,0
2024-02-02,SPY,0
2024-02-02,TSLA,1
2024-02-05,AAPL,0
2024-02-05,AMD,0
2024-02-05,AMZN,0
2024-02-05,AVGO,0
2024-02-05,GOOGL,0
2024-02-05,META,0
2024-02-05,MSFT,0
2024-02-05,NFLX,0
2024-02-05,NVDA,0
2024-02-05,SPY,0
2024-02-05,TSLA,1
2024-02-06,AAPL,0
2024-02-06,AMD,0
2024-02-06,AMZN,0
2024-02-06,AVGO,0
2024-02-06,GOOGL,0
2024-02-06,META,0
2024-02-06,MSFT,0
2024-02-06,NFLX,0
2024-02-06,NVDA,0
2024-02-06,SPY,0
2024-02-06,TSLA,1
2024-02-07,AAPL,0
2024-02-07,AMD,0
2024-02-07,AMZN,0
2024-02-07,AVGO,0
2024-02-07,GOOGL,0
2024-02-07,META,0
2024-02-07,MSFT,0
2024-02-07,NFLX,0
2024-02-07,NVDA,0
2024-02-07,SPY,0
2024-02-07,TSLA,1
2024-02-08,AAPL,0
2024-02-08,AMD,0
2024-02-08,AMZN,0
2024-02-08,AVGO,0
2024-02-08,GOOGL,0
2024-02-08,META,0
2024-02-08,MSFT,0
2024-02-08,NFLX,0
2024-02-08,NVDA,0
2024-02-08,SPY,0
2024-02-08,TSLA,1
2024-02-09,AAPL,0
2024-02-09,AMD,0
2024-02-09,AMZN,0
2024-02-09,AVGO,0
2024-02-09,GOOGL,0
2024-02-09,META,0
2024-02-09,MSFT,0
2024-02-09,NFLX,0
2024-02-09,NVDA,0
2024-02-09,SPY,0
2024-02-09,TSLA,1
2024-02-12,AAPL,0
2024-02-12,AMD,0
2024-02-12,AMZN,0
2024-02-12,AVGO,0
2024-02-12,GOOGL,0
2024-02-12,META,0
2024-02-12,MSFT,0
2024-02-12,NFLX,0
2024-02-12,NVDA,0
2024-02-12,SPY,0
2024-02-12,TSLA,1
2024-02-13,AAPL,0
2024-02-13,AMD,0
2024-02-13,AMZN,0
2024-02-13,AVGO,0
2024-02-13,GOOGL,0
2024-02-13,META,0
2024-02-13,MSFT,0
2024-02-13,NFLX,0
2024-02-13,NVDA,0
2024-02-13,SPY,0
2024-02-13,TSLA,1
2024-02-14,AAPL,0
2024-02-14,AMD,0
2024-02-14,AMZN,0
2024-02-14,AVGO,0
2024-02-14,GOOGL,0
2024-02-14,META,0
2024-02-14,MSFT,0
2024-02-14,NFLX,0
2024-02-14,NVDA,0
2024-02-14,SPY,0
2024-02-14,TSLA,1
2024-02-15,AAPL,0
2024-02-15,AMD,0
2024-02-15,AMZN,0
2024-02-15,AVGO,0
2024-02-15,GOOGL,0
2024-02-15,META,0
2024-02-15,MSFT,0
2024-02-15,NFLX,0
2024-02-15,NVDA,0
2024-02-15,SPY,0
2024-02-15,TSLA,0
2024-02-16,AAPL,0
2024-02-16,AMD,0
2024-02-16,AMZN,0
2024-02-16,AVGO,0
2024-02-16,GOOGL,0
2024-02-16,META,0
2024-02-16,MSFT,0
2024-02-16,NFLX,0
2024-02-16,NVDA,0
2024-02-16,SPY,0
2024-02-16,TSLA,0
2024-02-20,AAPL,0
2024-02-20,AMD,0
2024-02-20,AMZN,0
2024-02-20,AVGO,0
2024-02-20,GOOGL,0
2024-02-20,META,0
2024-02-20,MSFT,0
2024-02-20,NFLX,0
2024-02-20,NVDA,0
2024-02-20,SPY,0
2024-02-20,TSLA,0
2024-02-21,AAPL,0
2024-02-21,AMD,1
2024-02-21,AMZN,0
2024-02-21,AVGO,0
2024-02-21,GOOGL,0
2024-02-21,META,0
2024-02-21,MSFT,0
2024-02-21,NFLX,0
2024-02-21,NVDA,1
2024-02-21,SPY,0
2024-02-21,TSLA,0
2024-02-22,AAPL,0
2024-02-22,AMD,0
2024-02-22,AMZN,0
2024-02-22,AVGO,0
2024-02-22,GOOGL,0
2024-02-22,META,0
2024-02-22,MSFT,0
2024-02-22,NFLX,0
2024-02-22,NVDA,0
2024-02-22,SPY,0
2024-02-22,TSLA,0
2024-02-23,AAPL,0
2024-02-23,AMD,0
2024-02-23,AMZN,0
2024-02-23,AVGO,0
2024-02-23,GOOGL,0
2024-02-23,META,0
2024-02-23,MSFT,0
2024-02-23,NFLX,0
2024-02-23,NVDA,0
2024-02-23,SPY,0
2024-02-23,TSLA,0
2024-02-26,AAPL,0
2024-02-26,AMD,0
2024-02-26,AMZN,0
2024-02-26,AVGO,0
2024-02-26,GOOGL,1
2024-02-26,META,0
2024-02-26,MSFT,0
2024-02-26,NFLX,0
2024-02-26,NVDA,0
2024-02-26,SPY,0
2024-02-26,TSLA,0
2024-02-27,AAPL,0
2024-02-27,AMD,0
2024-02-27,AMZN,0
2024-02-27,AVGO,0
2024-02-27,GOOGL,0
2024-02-27,META,0
2024-02-27,MSFT,0
2024-02-27,NFLX,0
2024-02-27,NVDA,0
2024-02-27,SPY,0
2024-02-27,TSLA,0
2024-02-28,AAPL,0
2024-02-28,AMD,0
2024-02-28,AMZN,0
2024-02-28,AVGO,0
2024-02-28,GOOGL,0
2024-02-28,META,0
2024-02-28,MSFT,0
2024-02-28,NFLX,0
2024-02-28,NVDA,0
2024-02-28,SPY,0
2024-02-28,TSLA,0
2024-02-29,AAPL,0
2024-02-29,AMD,0
2024-02-29,AMZN,0
2024-02-29,AVGO,0
2024-02-29,GOOGL,0
2024-02-29,META,0
2024-02-29,MSFT,0
2024-02-29,NFLX,0
2024-02-29,NVDA,0
2024-02-29,SPY,0
2024-02-29,TSLA,0
2024-03-01,AAPL,0
2024-03-01,AMD,0
2024-03-01,AMZN,0
2024-03-01,AVGO,0
2024-03-01,GOOGL,0
2024-03-01,META,0
2024-03-01,MSFT,0
2024-03-01,NFLX,0
2024-03-01,NVDA,0
2024-03-01,SPY,0
2024-03-01,TSLA,0
2024-03-04,AAPL,0
2024-03-04,AMD,0
2024-03-04,AMZN,0
2024-03-04,AVGO,0
2024-03-04,GOOGL,1
2024-03-04,META,0
2024-03-04,MSFT,0
2024-03-04,NFLX,0
2024-03-04,NVDA,0
2024-03-04,SPY,0
2024-03-04,TSLA,0
2024-03-05,AAPL,1
2024-03-05,AMD,0
2024-03-05,AMZN,0
2024-03-05,AVGO,0
2024-03-05,GOOGL,1
2024-03-05,META,0
2024-03-05,MSFT,0
2024-03-05,NFLX,0
2024-03-05,NVDA,0
2024-03-05,SPY,0
2024-03-05,TSLA,1
2024-03-06,AAPL,1
2024-03-06,AMD,0
2024-03-06,AMZN,0
2024-03-06,AVGO,0
2024-03-06,GOOGL,1
2024-03-06,META,0
2024-03-06,MSFT,0
2024-03-06,NFLX,0
2024-03-06,NVDA,0
2024-03-06,SPY,0
2024-03-06,TSLA,1
2024-03-07,AAPL,1
2024-03-07,AMD,0
2024-03-07,AMZN,0
2024-03-07,AVGO,0
2024-03-07,GOOGL,1
2024-03-07,META,0
2024-03-07,MSFT,0
2024-03-07,NFLX,0
2024-03-07,NVDA,0
2024-03-07,SPY,0
2024-03-07,TSLA,1
2024-03-08,AAPL,0
2024-03-08,AMD,0
2024-03-08,AMZN,0
2024-03-08,AVGO,0
2024-03-08,GOOGL,0
2024-03-08,META,0
2024-03-08,MSFT,0
2024-03-08,NFLX,0
2024-03-08,NVDA,0
2024-03-08,SPY,0
2024-03-08,TSLA,1
2024-03-11,AAPL,0
2024-03-11,AMD,0
2024-03-11,AMZN,0
2024-03-11,AVGO,0
2024-03-11,GOOGL,0
2024-03-11,META,0
2024-03-11,MSFT,0
2024-03-11,NFLX,0
2024-03-11,NVDA,0
2024-03-11,SPY,0
2024-03-11,TSLA,1
2024-03-12,AAPL,0
2024-03-12,AMD,0
2024-03-12,AMZN,0
2024-03-12,AVGO,0
2024-03-12,GOOGL,0
2024-03-12,META,0
2024-03-12,MSFT,0
2024-03-12,NFLX,0
2024-03-12,NVDA,0
2024-03-12,SPY,0
2024-03-12,TSLA,1
2024-03-13,AAPL,0
2024-03-13,AMD,0
2024-03-13,AMZN,0
2024-03-13,AVGO,1
2024-03-13,GOOGL,0
2024-03-13,META,0
2024-03-13,MSFT,0
2024-03-13,NFLX,0
2024-03-13,NVDA,0
2024-03-13,SPY,0
2024-03-13,TSLA,1
2024-03-14,AAPL,0
2024-03-14,AMD,1
2024-03-14,AMZN,0
2024-03-14,AVGO,1
2024-03-14,GOOGL,0
2024-03-14,META,0
2024-03-14,MSFT,0
2024-03-14,NFLX,0
2024-03-14,NVDA,0
2024-03-14,SPY,0
2024-03-14,TSLA,1
2024-03-15,AAPL,0
2024-03-15,AMD,1
2024-03-15,AMZN,0
2024-03-15,AVGO,1
2024-03-15,GOOGL,0
2024-03-15,META,0
2024-03-15,MSFT,0
2024-03-15,NFLX,0
2024-03-15,NVDA,0
2024-03-15,SPY,0
2024-03-15,TSLA,1
2024-03-18,AAPL,0
2024-03-18,AMD,1
2024-03-18,AMZN,0
2024-03-18,AVGO,1
2024-03-18,GOOGL,0
2024-03-18,META,0
2024-03-18,MSFT,0
2024-03-18,NFLX,0
2024-03-18,NVDA,0
2024-03-18,SPY,0
2024-03-18,TSLA,1
2024-03-19,AAPL,0
2024-03-19,AMD,1
2024-03-19,AMZN,0
2024-03-19,AVGO,1
2024-03-19,GOOGL,0
2024-03-19,META,0
2024-03-19,MSFT,0
2024-03-19,NFLX,0
2024-03-19,NVDA,0
2024-03-19,SPY,0
2024-03-19,TSLA,1
2024-03-20,AAPL,0
2024-03-20,AMD,1
2024-03-20,AMZN,0
2024-03-20,AVGO,0
2024-03-20,GOOGL,0
2024-03-20,META,0
2024-03-20,MSFT,0
2024-03-20,NFLX,0
2024-03-20,NVDA,0
2024-03-20,SPY,0
2024-03-20,TSLA,1
2024-03-21,AAPL,0
2024-03-21,AMD,1
2024-03-21,AMZN,0
2024-03-21,AVGO,0
2024-03-21,GOOGL,0
2024-03-21,META,0
2024-03-21,MSFT,0
2024-03-21,NFLX,0
2024-03-21,NVDA,0
2024-03-21,SPY,0
2024-03-21,TSLA,1
2024-03-22,AAPL,0
2024-03-22,AMD,1
2024-03-22,AMZN,0
2024-03-22,AVGO,0
2024-03-22,GOOGL,0
2024-03-22,META,0
2024-03-22,MSFT,0
2024-03-22,NFLX,0
2024-03-22,NVDA,0
2024-03-22,SPY,0
2024-03-22,TSLA,1
2024-03-25,AAPL,0
2024-03-25,AMD,1
2024-03-25,AMZN,0
2024-03-25,AVGO,0
2024-03-25,GOOGL,0
2024-03-25,META,0
2024-03-25,MSFT,0
2024-03-25,NFLX,0
2024-03-25,NVDA,0
2024-03-25,SPY,0
2024-03-25,TSLA,1
2024-03-26,AAPL,0
2024-03-26,AMD,1
2024-03-26,AMZN,0
2024-03-26,AVGO,0
2024-03-26,GOOGL,0
2024-03-26,META,0
2024-03-26,MSFT,0
2024-03-26,NFLX,0
2024-03-26,NVDA,0
2024-03-26,SPY,0
2024-03-26,TSLA,1
2024-03-27,AAPL,0
2024-03-27,AMD,1
2024-03-27,AMZN,0
2024-03-27,AVGO,0
2024-03-27,GOOGL,0
2024-03-27,META,0
2024-03-27,MSFT,0
2024-03-27,NFLX,0
2024-03-27,NVDA,0
2024-03-27,SPY,0
2024-03-27,TSLA,1
2024-03-28,AAPL,0
2024-03-28,AMD,1
2024-03-28,AMZN,0
2024-03-28,AVGO,0
2024-03-28,GOOGL,0
2024-03-28,META,0
2024-03-28,MSFT,0
2024-03-28,NFLX,0
2024-03-28,NVDA,0
2024-03-28,SPY,0
2024-03-28,TSLA,0
2024-04-01,AAPL,0
2024-04-01,AMD,1
2024-04-01,AMZN,0
2024-04-01,AVGO,0
2024-04-01,GOOGL,0
2024-04-01,META,0
2024-04-01,MSFT,0
2024-04-01,NFLX,0
2024-04-01,NVDA,0
2024-04-01,SPY,0
2024-04-01,TSLA,0
2024-04-02,AAPL,0
2024-04-02,AMD,1
2024-04-02,AMZN,0
2024-04-02,AVGO,0
2024-04-02,GOOGL,0
2024-04-02,META,0
2024-04-02,MSFT,0
2024-04-02,NFLX,0
2024-04-02,NVDA,0
2024-04-02,SPY,0
2024-04-02,TSLA,0
2024-04-03,AAPL,0
2024-04-03,AMD,1
2024-04-03,AMZN,0
2024-04-03,AVGO,0
2024-04-03,GOOGL,0
2024-04-03,META,0
2024-04-03,MSFT,0
2024-04-03,NFLX,0
2024-04-03,NVDA,0
2024-04-03,SPY,0
2024-04-03,TSLA,0
2024-04-04,AAPL,0
2024-04-04,AMD,1
2024-04-04,AMZN,0
2024-04-04,AVGO,0
2024-04-04,GOOGL,0
2024-04-04,META,0
2024-04-04,MSFT,0
2024-04-04,NFLX,0
2024-04-04,NVDA,1
2024-04-04,SPY,0
2024-04-04,TSLA,0
2024-04-05,AAPL,0
2024-04-05,AMD,1
2024-04-05,AMZN,0
2024-04-05,AVGO,0
2024-04-05,GOOGL,0
2024-04-05,META,0
2024-04-05,MSFT,0
2024-04-05,NFLX,0
2024-04-05,NVDA,0
2024-04-05,SPY,0
2024-04-05,TSLA,0
2024-04-08,AAPL,0
2024-04-08,AMD,1
2024-04-08,AMZN,0
2024-04-08,AVGO,0
2024-04-08,GOOGL,0
2024-04-08,META,0
2024-04-08,MSFT,0
2024-04-08,NFLX,0
2024-04-08,NVDA,0
2024-04-08,SPY,0
2024-04-08,TSLA,0
2024-04-09,AAPL,0
2024-04-09,AMD,1
2024-04-09,AMZN,0
2024-04-09,AVGO,0
2024-04-09,GOOGL,0
2024-04-09,META,0
2024-04-09,MSFT,0
2024-04-09,NFLX,0
2024-04-09,NVDA,1
2024-04-09,SPY,0
2024-04-09,TSLA,0
2024-04-10,AAPL,0
2024-04-10,AMD,1
2024-04-10,AMZN,0
2024-04-10,AVGO,0
2024-04-10,GOOGL,0
2024-04-10,META,0
2024-04-10,MSFT,0
2024-04-10,NFLX,0
2024-04-10,NVDA,0
2024-04-10,SPY,0
2024-04-10,TSLA,0
2024-04-11,AAPL,0
2024-04-11,AMD,1
2024-04-11,AMZN,0
2024-04-11,AVGO,0
2024-04-11,GOOGL,0
2024-04-11,META,0
2024-04-11,MSFT,0
2024-04-11,NFLX,0
2024-04-11,NVDA,0
2024-04-11,SPY,0
2024-04-11,TSLA,0
2024-04-12,AAPL,0
2024-04-12,AMD,1
2024-04-12,AMZN,0
2024-04-12,AVGO,0
2024-04-12,GOOGL,0
2024-04-12,META,0
2024-04-12,MSFT,0
2024-04-12,NFLX,0
2024-04-12,NVDA,0
2024-04-12,SPY,0
2024-04-12,TSLA,0
2024-04-15,AAPL,0
2024-04-15,AMD,1
2024-04-15,AMZN,0
2024-04-15,AVGO,0
2024-04-15,GOOGL,0
2024-04-15,META,0
2024-04-15,MSFT,0
2024-04-15,NFLX,0
2024-04-15,NVDA,1
2024-04-15,SPY,0
2024-04-15,TSLA,1
2024-04-16,AAPL,0
2024-04-16,AMD,1
2024-04-16,AMZN,0
2024-04-16,AVGO,0
2024-04-16,GOOGL,0
2024-04-16,META,0
2024-04-16,MSFT,0
2024-04-16,NFLX,0
2024-04-16,NVDA,0
2024-04-16,SPY,0
2024-04-16,TSLA,1
2024-04-17,AAPL,0
2024-04-17,AMD,1
2024-04-17,AMZN,0
2024-04-17,AVGO,0
2024-04-17,GOOGL,0
2024-04-17,META,0
2024-04-17,MSFT,0
2024-04-17,NFLX,0
2024-04-17,NVDA,1
2024-04-17,SPY,0
2024-04-17,TSLA,1
2024-04-18,AAPL,0
2024-04-18,AMD,1
2024-04-18,AMZN,0
2024-04-18,AVGO,0
2024-04-18,GOOGL,0
2024-04-18,META,0
2024-04-18,MSFT,0
2024-04-18,NFLX,0
2024-04-18,NVDA,1
2024-04-18,SPY,0
2024-04-18,TSLA,1
2024-04-19,AAPL,0
2024-04-19,AMD,1
2024-04-19,AMZN,0
2024-04-19,AVGO,1
2024-04-19,GOOGL,0
2024-04-19,META,0
2024-04-19,MSFT,0
2024-04-19,NFLX,1
2024-04-19,NVDA,1
2024-04-19,SPY,0
2024-04-19,TSLA,1
2024-04-22,AAPL,0
2024-04-22,AMD,1
2024-04-22,AMZN,0
2024-04-22,AVGO,1
2024-04-22,GOOGL,0
2024-04-22,META,0
2024-04-22,MSFT,0
2024-04-22,NFLX,1
2024-04-22,NVDA,1
2024-04-22,SPY,0
2024-04-22,TSLA,1
2024-04-23,AAPL,0
2024-04-23,AMD,1
2024-04-23,AMZN,0
2024-04-23,AVGO,1
2024-04-23,GOOGL,0
2024-04-23,META,0
2024-04-23,MSFT,0
2024-04-23,NFLX,1
2024-04-23,NVDA,0
2024-04-23,SPY,0
2024-04-23,TSLA,1
2024-04-24,AAPL,0
2024-04-24,AMD,1
2024-04-24,AMZN,0
2024-04-24,AVGO,0
2024-04-24,GOOGL,0
2024-04-24,META,0
2024-04-24,MSFT,0
2024-04-24,NFLX,1
2024-04-24,NVDA,1
2024-04-24,SPY,0
2024-04-24,TSLA,0
2024-04-25,AAPL,0
2024-04-25,AMD,1
2024-04-25,AMZN,0
2024-04-25,AVGO,0
2024-04-25,GOOGL,1
2024-04-25,META,1
2024-04-25,MSFT,0
2024-04-25,NFLX,1
2024-04-25,NVDA,0
2024-04-25,SPY,0
2024-04-25,TSLA,0
2024-04-26,AAPL,0
2024-04-26,AMD,1
2024-04-26,AMZN,0
2024-04-26,AVGO,0
2024-04-26,GOOGL,0
2024-04-26,META,1
2024-04-26,MSFT,0
2024-04-26,NFLX,1
2024-04-26,NVDA,0
2024-04-26,SPY,0
2024-04-26,TSLA,0
2024-04-29,AAPL,0
2024-04-29,AMD,1
2024-04-29,AMZN,0
2024-04-29,AVGO,0
2024-04-29,GOOGL,0
2024-04-29,META,1
2024-04-29,MSFT,0
2024-04-29,NFLX,1
2024-04-29,NVDA,0
2024-04-29,SPY,0
2024-04-29,TSLA,0
2024-04-30,AAPL,0
2024-04-30,AMD,0
2024-04-30,AMZN,0
2024-04-30,AVGO,0
2024-04-30,GOOGL,0
2024-04-30,META,1
2024-04-30,MSFT,0
2024-04-30,NFLX,1
2024-04-30,NVDA,0
2024-04-30,SPY,0
2024-04-30,TSLA,0
2024-05-01,AAPL,0
2024-05-01,AMD,1
2024-05-01,AMZN,0
2024-05-01,AVGO,1
2024-05-01,GOOGL,0
2024-05-01,META,1
2024-05-01,MSFT,0
2024-05-01,NFLX,1
2024-05-01,NVDA,0
2024-05-01,SPY,0
2024-05-01,TSLA,0
2024-05-02,AAPL,0
2024-05-02,AMD,1
2024-05-02,AMZN,0
2024-05-02,AVGO,1
2024-05-02,GOOGL,0
2024-05-02,META,1
2024-05-02,MSFT,0
2024-05-02,NFLX,1
2024-05-02,NVDA,0
2024-05-02,SPY,0
2024-05-02,TSLA,0
2024-05-03,AAPL,0
2024-05-03,AMD,1
2024-05-03,AMZN,0
2024-05-03,AVGO,0
2024-05-03,GOOGL,0
2024-05-03,META,1
2024-05-03,MSFT,0
2024-05-03,NFLX,0
2024-05-03,NVDA,0
2024-05-03,SPY,0
2024-05-03,TSLA,0
2024-05-06,AAPL,0
2024-05-06,AMD,0
2024-05-06,AMZN,0
2024-05-06,AVGO,0
2024-05-06,GOOGL,0
2024-05-06,META,1
2024-05-06,MSFT,0
2024-05-06,NFLX,0
2024-05-06,NVDA,0
2024-05-06,SPY,0
2024-05-06,TSLA,0
2024-05-07,AAPL,0
2024-05-07,AMD,1
2024-05-07,AMZN,0
2024-05-07,AVGO,0
2024-05-07,GOOGL,0
2024-05-07,META,1
2024-05-07,MSFT,0
2024-05-07,NFLX,0
2024-05-07,NVDA,0
2024-05-07,SPY,0
2024-05-07,TSLA,0
2024-05-08,AAPL,0
2024-05-08,AMD,0
2024-05-08,AMZN,0
2024-05-08,AVGO,0
2024-05-08,GOOGL,0
2024-05-08,META,0
2024-05-08,MSFT,0
2024-05-08,NFLX,0
2024-05-08,NVDA,0
2024-05-08,SPY,0
2024-05-08,TSLA,0
2024-05-09,AAPL,0
2024-05-09,AMD,0
2024-05-09,AMZN,0
2024-05-09,AVGO,0
2024-05-09,GOOGL,0
2024-05-09,META,0
2024-05-09,MSFT,0
2024-05-09,NFLX,0
2024-05-09,NVDA,0
2024-05-09,SPY,0
2024-05-09,TSLA,0
2024-05-10,AAPL,0
2024-05-10,AMD,0
2024-05-10,AMZN,0
2024-05-10,AVGO,0
2024-05-10,GOOGL,0
2024-05-10,META,0
2024-05-10,MSFT,0
2024-05-10,NFLX,0
2024-05-10,NVDA,0
2024-05-10,SPY,0
2024-05-10,TSLA,0
2024-05-13,AAPL,0
2024-05-13,AMD,0
2024-05-13,AMZN,0
2024-05-13,AVGO,0
2024-05-13,GOOGL,0
2024-05-13,META,0
2024-05-13,MSFT,0
2024-05-13,NFLX,0
2024-05-13,NVDA,0
2024-05-13,SPY,0
2024-05-13,TSLA,0
2024-05-14,AAPL,0
2024-05-14,AMD,0
2024-05-14,AMZN,0
2024-05-14,AVGO,0
2024-05-14,GOOGL,0
2024-05-14,META,0
2024-05-14,MSFT,0
2024-05-14,NFLX,0
2024-05-14,NVDA,0
2024-05-14,SPY,0
2024-05-14,TSLA,0
2024-05-15,AAPL,0
2024-05-15,AMD,0
2024-05-15,AMZN,0
2024-05-15,AVGO,0
2024-05-15,GOOGL,0
2024-05-15,META,0
2024-05-15,MSFT,0
2024-05-15,NFLX,0
2024-05-15,NVDA,0
2024-05-15,SPY,0
2024-05-15,TSLA,0
2024-05-16,AAPL,0
2024-05-16,AMD,0
2024-05-16,AMZN,0
2024-05-16,AVGO,0
2024-05-16,GOOGL,0
2024-05-16,META,0
2024-05-16,MSFT,0
2024-05-16,NFLX,0
2024-05-16,NVDA,0
2024-05-16,SPY,0
2024-05-16,TSLA,0
2024-05-17,AAPL,0
2024-05-17,AMD,0
2024-05-17,AMZN,0
2024-05-17,AVGO,0
2024-05-17,GOOGL,0
2024-05-17,META,0
2024-05-17,MSFT,0
2024-05-17,NFLX,0
2024-05-17,NVDA,0
2024-05-17,SPY,0
2024-05-17,TSLA,0
2024-05-20,AAPL,0
2024-05-20,AMD,0
2024-05-20,AMZN,0
2024-05-20,AVGO,0
2024-05-20,GOOGL,0
2024-05-20,META,0
2024-05-20,MSFT,0
2024-05-20,NFLX,0
2024-05-20,NVDA,0
2024-05-20,SPY,0
2024-05-20,TSLA,1
2024-05-21,AAPL,0
2024-05-21,AMD,0
2024-05-21,AMZN,0
2024-05-21,AVGO,0
2024-05-21,GOOGL,0
2024-05-21,META,0
2024-05-21,MSFT,0
2024-05-21,NFLX,0
2024-05-21,NVDA,0
2024-05-21,SPY,0
2024-05-21,TSLA,0
2024-05-22,AAPL,0
2024-05-22,AMD,0
2024-05-22,AMZN,0
2024-05-22,AVGO,0
2024-05-22,GOOGL,0
2024-05-22,META,0
2024-05-22,MSFT,0
2024-05-22,NFLX,0
2024-05-22,NVDA,0
2024-05-22,SPY,0
2024-05-22,TSLA,0
2024-05-23,AAPL,0
2024-05-23,AMD,0
2024-05-23,AMZN,0
2024-05-23,AVGO,0
2024-05-23,GOOGL,0
2024-05-23,META,0
2024-05-23,MSFT,0
2024-05-23,NFLX,0
2024-05-23,NVDA,0
2024-05-23,SPY,0
2024-05-23,TSLA,1
2024-05-24,AAPL,0
2024-05-24,AMD,0
2024-05-24,AMZN,0
2024-05-24,AVGO,0
2024-05-24,GOOGL,0
2024-05-24,META,0
2024-05-24,MSFT,0
2024-05-24,NFLX,0
2024-05-24,NVDA,0
2024-05-24,SPY,0
2024-05-24,TSLA,0
2024-05-28,AAPL,0
2024-05-28,AMD,0
2024-05-28,AMZN,0
2024-05-28,AVGO,0
2024-05-28,GOOGL,0
2024-05-28,META,0
2024-05-28,MSFT,0
2024-05-28,NFLX,0
2024-05-28,NVDA,0
2024-05-28,SPY,0
2024-05-28,TSLA,0
2024-05-29,AAPL,0
2024-05-29,AMD,0
2024-05-29,AMZN,0
2024-05-29,AVGO,0
2024-05-29,GOOGL,0
2024-05-29,META,0
2024-05-29,MSFT,0
2024-05-29,NFLX,0
2024-05-29,NVDA,0
2024-05-29,SPY,0
2024-05-29,TSLA,0
2024-05-30,AAPL,0
2024-05-30,AMD,0
2024-05-30,AMZN,0
2024-05-30,AVGO,0
2024-05-30,GOOGL,0
2024-05-30,META,0
2024-05-30,MSFT,0
2024-05-30,NFLX,0
2024-05-30,NVDA,0
2024-05-30,SPY,0
2024-05-30,TSLA,0
2024-05-31,AAPL,0
2024-05-31,AMD,0
2024-05-31,AMZN,0
2024-05-31,AVGO,0
2024-05-31,GOOGL,0
2024-05-31,META,0
2024-05-31,MSFT,0
2024-05-31,NFLX,0
2024-05-31,NVDA,0
2024-05-31,SPY,0
2024-05-31,TSLA,0
2024-06-03,AAPL,0
2024-06-03,AMD,0
2024-06-03,AMZN,0
2024-06-03,AVGO,0
2024-06-03,GOOGL,0
2024-06-03,META,0
2024-06-03,MSFT,0
2024-06-03,NFLX,0
2024-06-03,NVDA,0
2024-06-03,SPY,0
2024-06-03,TSLA,0
2024-06-04,AAPL,0
2024-06-04,AMD,0
2024-06-04,AMZN,0
2024-06-04,AVGO,0
2024-06-04,GOOGL,0
2024-06-04,META,0
2024-06-04,MSFT,0
2024-06-04,NFLX,0
2024-06-04,NVDA,0
2024-06-04,SPY,0
2024-06-04,TSLA,0
2024-06-05,AAPL,0
2024-06-05,AMD,0
2024-06-05,AMZN,0
2024-06-05,AVGO,0
2024-06-05,GOOGL,0
2024-06-05,META,0
2024-06-05,MSFT,0
2024-06-05,NFLX,0
2024-06-05,NVDA,0
2024-06-05,SPY,0
2024-06-05,TSLA,0
2024-06-06,AAPL,0
2024-06-06,AMD,0
2024-06-06,AMZN,0
2024-06-06,AVGO,0
2024-06-06,GOOGL,0
2024-06-06,META,0
2024-06-06,MSFT,0
2024-06-06,NFLX,0
2024-06-06,NVDA,0
2024-06-06,SPY,0
2024-06-06,TSLA,0
2024-06-07,AAPL,0
2024-06-07,AMD,0
2024-06-07,AMZN,0
2024-06-07,AVGO,0
2024-06-07,GOOGL,0
2024-06-07,META,0
2024-06-07,MSFT,0
2024-06-07,NFLX,0
2024-06-07,NVDA,0
2024-06-07,SPY,0
2024-06-07,TSLA,0
2024-06-10,AAPL,0
2024-06-10,AMD,0
2024-06-10,AMZN,0
2024-06-10,AVGO,0
2024-06-10,GOOGL,0
2024-06-10,META,0
2024-06-10,MSFT,0
2024-06-10,NFLX,0
2024-06-10,NVDA,0
2024-06-10,SPY,0
2024-06-10,TSLA,0
2024-06-11,AAPL,0
2024-06-11,AMD,0
2024-06-11,AMZN,0
2024-06-11,AVGO,0
2024-06-11,GOOGL,0
2024-06-11,META,0
2024-06-11,MSFT,0
2024-06-11,NFLX,0
2024-06-11,NVDA,0
2024-06-11,SPY,0
2024-06-11,TSLA,0
2024-06-12,AAPL,0
2024-06-12,AMD,0
2024-06-12,AMZN,0
2024-06-12,AVGO,1
2024-06-12,GOOGL,0
2024-06-12,META,0
2024-06-12,MSFT,0
2024-06-12,NFLX,0
2024-06-12,NVDA,0
2024-06-12,SPY,0
2024-06-12,TSLA,0
2024-06-13,AAPL,0
2024-06-13,AMD,0
2024-06-13,AMZN,0
2024-06-13,AVGO,0
2024-06-13,GOOGL,0
2024-06-13,META,0
2024-06-13,MSFT,0
2024-06-13,NFLX,0
2024-06-13,NVDA,0
2024-06-13,SPY,0
2024-06-13,TSLA,0
2024-06-14,AAPL,0
2024-06-14,AMD,0
2024-06-14,AMZN,0
2024-06-14,AVGO,0
2024-06-14,GOOGL,0
2024-06-14,META,0
2024-06-14,MSFT,0
2024-06-14,NFLX,0
2024-06-14,NVDA,0
2024-06-14,SPY,0
2024-06-14,TSLA,0
2024-06-17,AAPL,0
2024-06-17,AMD,0
2024-06-17,AMZN,0
2024-06-17,AVGO,0
2024-06-17,GOOGL,0
2024-06-17,META,0
2024-06-17,MSFT,0
2024-06-17,NFLX,0
2024-06-17,NVDA,0
2024-06-17,SPY,0
2024-06-17,TSLA,0
2024-06-18,AAPL,0
2024-06-18,AMD,1
2024-06-18,AMZN,0
2024-06-18,AVGO,0
2024-06-18,GOOGL,0
2024-06-18,META,0
2024-06-18,MSFT,0
2024-06-18,NFLX,0
2024-06-18,NVDA,0
2024-06-18,SPY,0
2024-06-18,TSLA,0
2024-06-20,AAPL,0
2024-06-20,AMD,0
2024-06-20,AMZN,0
2024-06-20,AVGO,0
2024-06-20,GOOGL,0
2024-06-20,META,0
2024-06-20,MSFT,0
2024-06-20,NFLX,0
2024-06-20,NVDA,0
2024-06-20,SPY,0
2024-06-20,TSLA,0
2024-06-21,AAPL,0
2024-06-21,AMD,0
2024-06-21,AMZN,0
2024-06-21,AVGO,0
2024-06-21,GOOGL,0
2024-06-21,META,0
2024-06-21,MSFT,0
2024-06-21,NFLX,0
2024-06-21,NVDA,0
2024-06-21,SPY,0
2024-06-21,TSLA,0
2024-06-24,AAPL,0
2024-06-24,AMD,0
2024-06-24,AMZN,0
2024-06-24,AVGO,0
2024-06-24,GOOGL,0
2024-06-24,META,0
2024-06-24,MSFT,0
2024-06-24,NFLX,0
2024-06-24,NVDA,1
2024-06-24,SPY,0
2024-06-24,TSLA,0
2024-06-25,AAPL,0
2024-06-25,AMD,0
2024-06-25,AMZN,0
2024-06-25,AVGO,0
2024-06-25,GOOGL,0
2024-06-25,META,0
2024-06-25,MSFT,0
2024-06-25,NFLX,0
2024-06-25,NVDA,0
2024-06-25,SPY,0
2024-06-25,TSLA,0
2024-06-26,AAPL,0
2024-06-26,AMD,0
2024-06-26,AMZN,0
2024-06-26,AVGO,0
2024-06-26,GOOGL,0
2024-06-26,META,0
2024-06-26,MSFT,0
2024-06-26,NFLX,0
2024-06-26,NVDA,0
2024-06-26,SPY,0
2024-06-26,TSLA,0
2024-06-27,AAPL,0
2024-06-27,AMD,0
2024-06-27,AMZN,0
2024-06-27,AVGO,0
2024-06-27,GOOGL,0
2024-06-27,META,0
2024-06-27,MSFT,0
2024-06-27,NFLX,0
2024-06-27,NVDA,0
2024-06-27,SPY,0
2024-06-27,TSLA,0
2024-06-28,AAPL,0
2024-06-28,AMD,0
2024-06-28,AMZN,0
2024-06-28,AVGO,0
2024-06-28,GOOGL,0
2024-06-28,META,0
2024-06-28,MSFT,0
2024-06-28,NFLX,0
2024-06-28,NVDA,0
2024-06-28,SPY,0
2024-06-28,TSLA,0
2024-07-01,AAPL,0
2024-07-01,AMD,0
2024-07-01,AMZN,0
2024-07-01,AVGO,0
2024-07-01,GOOGL,0
2024-07-01,META,0
2024-07-01,MSFT,0
2024-07-01,NFLX,0
2024-07-01,NVDA,0
2024-07-01,SPY,0
2024-07-01,TSLA,0
2024-07-02,AAPL,0
2024-07-02,AMD,0
2024-07-02,AMZN,0
2024-07-02,AVGO,0
2024-07-02,GOOGL,0
2024-07-02,META,0
2024-07-02,MSFT,0
2024-07-02,NFLX,0
2024-07-02,NVDA,1
2024-07-02,SPY,0
2024-07-02,TSLA,0
2024-07-03,AAPL,0
2024-07-03,AMD,0
2024-07-03,AMZN,0
2024-07-03,AVGO,0
2024-07-03,GOOGL,0
2024-07-03,META,0
2024-07-03,MSFT,0
2024-07-03,NFLX,0
2024-07-03,NVDA,0
2024-07-03,SPY,0
2024-07-03,TSLA,0
2024-07-05,AAPL,0
2024-07-05,AMD,0
2024-07-05,AMZN,0
2024-07-05,AVGO,0
2024-07-05,GOOGL,0
2024-07-05,META,0
2024-07-05,MSFT,0
2024-07-05,NFLX,0
2024-07-05,NVDA,0
2024-07-05,SPY,0
2024-07-05,TSLA,0
2024-07-08,AAPL,0
2024-07-08,AMD,0
2024-07-08,AMZN,0
2024-07-08,AVGO,0
2024-07-08,GOOGL,0
2024-07-08,META,0
2024-07-08,MSFT,0
2024-07-08,NFLX,0
2024-07-08,NVDA,0
2024-07-08,SPY,0
2024-07-08,TSLA,0
2024-07-09,AAPL,0
2024-07-09,AMD,0
2024-07-09,AMZN,0
2024-07-09,AVGO,0
2024-07-09,GOOGL,0
2024-07-09,META,0
2024-07-09,MSFT,0
2024-07-09,NFLX,0
2024-07-09,NVDA,0
2024-07-09,SPY,0
2024-07-09,TSLA,0
2024-07-10,AAPL,0
2024-07-10,AMD,0
2024-07-10,AMZN,0
2024-07-10,AVGO,0
2024-07-10,GOOGL,0
2024-07-10,META,0
2024-07-10,MSFT,0
2024-07-10,NFLX,0
2024-07-10,NVDA,0
2024-07-10,SPY,0
2024-07-10,TSLA,0
2024-07-11,AAPL,0
2024-07-11,AMD,0
2024-07-11,AMZN,0
2024-07-11,AVGO,0
2024-07-11,GOOGL,0
2024-07-11,META,0
2024-07-11,MSFT,0
2024-07-11,NFLX,0
2024-07-11,NVDA,0
2024-07-11,SPY,0
2024-07-11,TSLA,0
2024-07-12,AAPL,0
2024-07-12,AMD,0
2024-07-12,AMZN,0
2024-07-12,AVGO,0
2024-07-12,GOOGL,0
2024-07-12,META,0
2024-07-12,MSFT,0
2024-07-12,NFLX,0
2024-07-12,NVDA,0
2024-07-12,SPY,0
2024-07-12,TSLA,0
2024-07-15,AAPL,0
2024-07-15,AMD,0
2024-07-15,AMZN,0
2024-07-15,AVGO,0
2024-07-15,GOOGL,0
2024-07-15,META,0
2024-07-15,MSFT,0
2024-07-15,NFLX,0
2024-07-15,NVDA,0
2024-07-15,SPY,0
2024-07-15,TSLA,0
2024-07-16,AAPL,0
2024-07-16,AMD,0
2024-07-16,AMZN,0
2024-07-16,AVGO,0
2024-07-16,GOOGL,0
2024-07-16,META,1
2024-07-16,MSFT,0
2024-07-16,NFLX,0
2024-07-16,NVDA,0
2024-07-16,SPY,0
2024-07-16,TSLA,0
2024-07-17,AAPL,0
2024-07-17,AMD,1
2024-07-17,AMZN,0
2024-07-17,AVGO,1
2024-07-17,GOOGL,0
2024-07-17,META,1
2024-07-17,MSFT,0
2024-07-17,NFLX,0
2024-07-17,NVDA,1
2024-07-17,SPY,0
2024-07-17,TSLA,0
2024-07-18,AAPL,0
2024-07-18,AMD,1
2024-07-18,AMZN,0
2024-07-18,AVGO,0
2024-07-18,GOOGL,0
2024-07-18,META,1
2024-07-18,MSFT,0
2024-07-18,NFLX,0
2024-07-18,NVDA,1
2024-07-18,SPY,0
2024-07-18,TSLA,0
2024-07-19,AAPL,0
2024-07-19,AMD,1
2024-07-19,AMZN,0
2024-07-19,AVGO,1
2024-07-19,GOOGL,0
2024-07-19,META,1
2024-07-19,MSFT,0
2024-07-19,NFLX,0
2024-07-19,NVDA,1
2024-07-19,SPY,0
2024-07-19,TSLA,0
2024-07-22,AAPL,0
2024-07-22,AMD,1
2024-07-22,AMZN,0
2024-07-22,AVGO,0
2024-07-22,GOOGL,0
2024-07-22,META,1
2024-07-22,MSFT,0
2024-07-22,NFLX,0
2024-07-22,NVDA,0
2024-07-22,SPY,0
2024-07-22,TSLA,0
2024-07-23,AAPL,0
2024-07-23,AMD,1
2024-07-23,AMZN,0
2024-07-23,AVGO,0
2024-07-23,GOOGL,0
2024-07-23,META,1
2024-07-23,MSFT,0
2024-07-23,NFLX,0
2024-07-23,NVDA,1
2024-07-23,SPY,0
2024-07-23,TSLA,0
2024-07-24,AAPL,0
2024-07-24,AMD,1
2024-07-24,AMZN,1
2024-07-24,AVGO,1
2024-07-24,GOOGL,1
2024-07-24,META,1
2024-07-24,MSFT,0
2024-07-24,NFLX,0
2024-07-24,NVDA,1
2024-07-24,SPY,0
2024-07-24,TSLA,1
2024-07-25,AAPL,0
2024-07-25,AMD,1
2024-07-25,AMZN,1
2024-07-25,AVGO,1
2024-07-25,GOOGL,1
2024-07-25,META,1
2024-07-25,MSFT,1
2024-07-25,NFLX,0
2024-07-25,NVDA,1
2024-07-25,SPY,0
2024-07-25,TSLA,1
2024-07-26,AAPL,0
2024-07-26,AMD,1
2024-07-26,AMZN,0
2024-07-26,AVGO,1
2024-07-26,GOOGL,1
2024-07-26,META,1
2024-07-26,MSFT,0
2024-07-26,NFLX,0
2024-07-26,NVDA,1
2024-07-26,SPY,0
2024-07-26,TSLA,1
2024-07-29,AAPL,0
2024-07-29,AMD,1
2024-07-29,AMZN,0
2024-07-29,AVGO,1
2024-07-29,GOOGL,1
2024-07-29,META,1
2024-07-29,MSFT,0
2024-07-29,NFLX,1
2024-07-29,NVDA,1
2024-07-29,SPY,0
2024-07-29,TSLA,1
2024-07-30,AAPL,0
2024-07-30,AMD,1
2024-07-30,AMZN,1
2024-07-30,AVGO,1
2024-07-30,GOOGL,1
2024-07-30,META,1
2024-07-30,MSFT,1
2024-07-30,NFLX,1
2024-07-30,NVDA,1
2024-07-30,SPY,0
2024-07-30,TSLA,1
2024-07-31,AAPL,0
2024-07-31,AMD,1
2024-07-31,AMZN,0
2024-07-31,AVGO,0
2024-07-31,GOOGL,1
2024-07-31,META,1
2024-07-31,MSFT,1
2024-07-31,NFLX,0
2024-07-31,NVDA,1
2024-07-31,SPY,0
2024-07-31,TSLA,1
2024-08-01,AAPL,0
2024-08-01,AMD,1
2024-08-01,AMZN,0
2024-08-01,AVGO,1
2024-08-01,GOOGL,1
2024-08-01,META,0
2024-08-01,MSFT,1
2024-08-01,NFLX,0
2024-08-01,NVDA,1
2024-08-01,SPY,0
2024-08-01,TSLA,1
2024-08-02,AAPL,0
2024-08-02,AMD,1
2024-08-02,AMZN,1
2024-08-02,AVGO,1
2024-08-02,GOOGL,1
2024-08-02,META,0
2024-08-02,MSFT,1
2024-08-02,NFLX,1
2024-08-02,NVDA,1
2024-08-02,SPY,0
2024-08-02,TSLA,1
2024-08-05,AAPL,1
2024-08-05,AMD,1
2024-08-05,AMZN,1
2024-08-05,AVGO,1
2024-08-05,GOOGL,1
2024-08-05,META,1
2024-08-05,MSFT,1
2024-08-05,NFLX,1
2024-08-05,NVDA,1
2024-08-05,SPY,0
2024-08-05,TSLA,1
2024-08-06,AAPL,1
2024-08-06,AMD,1
2024-08-06,AMZN,1
2024-08-06,AVGO,1
2024-08-06,GOOGL,1
2024-08-06,META,0
2024-08-06,MSFT,1
2024-08-06,NFLX,0
2024-08-06,NVDA,1
2024-08-06,SPY,0
2024-08-06,TSLA,1
2024-08-07,AAPL,1
2024-08-07,AMD,1
2024-08-07,AMZN,1
2024-08-07,AVGO,1
2024-08-07,GOOGL,1
2024-08-07,META,0
2024-08-07,MSFT,1
2024-08-07,NFLX,0
2024-08-07,NVDA,1
2024-08-07,SPY,0
2024-08-07,TSLA,1
2024-08-08,AAPL,1
2024-08-08,AMD,1
2024-08-08,AMZN,1
2024-08-08,AVGO,1
2024-08-08,GOOGL,1
2024-08-08,META,0
2024-08-08,MSFT,1
2024-08-08,NFLX,0
2024-08-08,NVDA,1
2024-08-08,SPY,0
2024-08-08,TSLA,1
2024-08-09,AAPL,0
2024-08-09,AMD,1
2024-08-09,AMZN,1
2024-08-09,AVGO,1
2024-08-09,GOOGL,1
2024-08-09,META,0
2024-08-09,MSFT,1
2024-08-09,NFLX,0
2024-08-09,NVDA,1
2024-08-09,SPY,0
2024-08-09,TSLA,1
2024-08-12,AAPL,0
2024-08-12,AMD,1
2024-08-12,AMZN,1
2024-08-12,AVGO,1
2024-08-12,GOOGL,1
2024-08-12,META,0
2024-08-12,MSFT,0
2024-08-12,NFLX,0
2024-08-12,NVDA,1
2024-08-12,SPY,0
2024-08-12,TSLA,1
2024-08-13,AAPL,0
2024-08-13,AMD,1
2024-08-13,AMZN,0
2024-08-13,AVGO,0
2024-08-13,GOOGL,1
2024-08-13,META,0
2024-08-13,MSFT,0
2024-08-13,NFLX,0
2024-08-13,NVDA,0
2024-08-13,SPY,0
2024-08-13,TSLA,1
2024-08-14,AAPL,0
2024-08-14,AMD,1
2024-08-14,AMZN,0
2024-08-14,AVGO,0
2024-08-14,GOOGL,1
2024-08-14,META,0
2024-08-14,MSFT,0
2024-08-14,NFLX,0
2024-08-14,NVDA,0
2024-08-14,SPY,0
2024-08-14,TSLA,1
2024-08-15,AAPL,0
2024-08-15,AMD,0
2024-08-15,AMZN,0
2024-08-15,AVGO,0
2024-08-15,GOOGL,1
2024-08-15,META,0
2024-08-15,MSFT,0
2024-08-15,NFLX,0
2024-08-15,NVDA,0
2024-08-15,SPY,0
2024-08-15,TSLA,1
2024-08-16,AAPL,0
2024-08-16,AMD,0
2024-08-16,AMZN,0
2024-08-16,AVGO,0
2024-08-16,GOOGL,1
2024-08-16,META,0
2024-08-16,MSFT,0
2024-08-16,NFLX,0
2024-08-16,NVDA,0
2024-08-16,SPY,0
2024-08-16,TSLA,1
2024-08-19,AAPL,0
2024-08-19,AMD,0
2024-08-19,AMZN,0
2024-08-19,AVGO,0
2024-08-19,GOOGL,0
2024-08-19,META,0
2024-08-19,MSFT,0
2024-08-19,NFLX,0
2024-08-19,NVDA,0
2024-08-19,SPY,0
2024-08-19,TSLA,0
2024-08-20,AAPL,0
2024-08-20,AMD,0
2024-08-20,AMZN,0
2024-08-20,AVGO,0
2024-08-20,GOOGL,0
2024-08-20,META,0
2024-08-20,MSFT,0
2024-08-20,NFLX,0
2024-08-20,NVDA,0
2024-08-20,SPY,0
2024-08-20,TSLA,0
2024-08-21,AAPL,0
2024-08-21,AMD,0
2024-08-21,AMZN,0
2024-08-21,AVGO,0
2024-08-21,GOOGL,0
2024-08-21,META,0
2024-08-21,MSFT,0
2024-08-21,NFLX,0
2024-08-21,NVDA,0
2024-08-21,SPY,0
2024-08-21,TSLA,0
2024-08-22,AAPL,0
2024-08-22,AMD,0
2024-08-22,AMZN,0
2024-08-22,AVGO,0
2024-08-22,GOOGL,0
2024-08-22,META,0
2024-08-22,MSFT,0
2024-08-22,NFLX,0
2024-08-22,NVDA,0
2024-08-22,SPY,0
2024-08-22,TSLA,1
2024-08-23,AAPL,0
2024-08-23,AMD,0
2024-08-23,AMZN,0
2024-08-23,AVGO,0
2024-08-23,GOOGL,0
2024-08-23,META,0
2024-08-23,MSFT,0
2024-08-23,NFLX,0
2024-08-23,NVDA,0
2024-08-23,SPY,0
2024-08-23,TSLA,0
2024-08-26,AAPL,0
2024-08-26,AMD,0
2024-08-26,AMZN,0
2024-08-26,AVGO,0
2024-08-26,GOOGL,0
2024-08-26,META,0
2024-08-26,MSFT,0
2024-08-26,NFLX,0
2024-08-26,NVDA,0
2024-08-26,SPY,0
2024-08-26,TSLA,0
2024-08-27,AAPL,0
2024-08-27,AMD,0
2024-08-27,AMZN,0
2024-08-27,AVGO,0
2024-08-27,GOOGL,0
2024-08-27,META,0
2024-08-27,MSFT,0
2024-08-27,NFLX,0
2024-08-27,NVDA,0
2024-08-27,SPY,0
2024-08-27,TSLA,0
2024-08-28,AAPL,0
2024-08-28,AMD,0
2024-08-28,AMZN,0
2024-08-28,AVGO,0
2024-08-28,GOOGL,0
2024-08-28,META,0
2024-08-28,MSFT,0
2024-08-28,NFLX,0
2024-08-28,NVDA,0
2024-08-28,SPY,0
2024-08-28,TSLA,0
2024-08-29,AAPL,0
2024-08-29,AMD,0
2024-08-29,AMZN,0
2024-08-29,AVGO,0
2024-08-29,GOOGL,0
2024-08-29,META,0
2024-08-29,MSFT,0
2024-08-29,NFLX,0
2024-08-29,NVDA,0
2024-08-29,SPY,0
2024-08-29,TSLA,0
2024-08-30,AAPL,0
2024-08-30,AMD,0
2024-08-30,AMZN,0
2024-08-30,AVGO,0
2024-08-30,GOOGL,0
2024-08-30,META,0
2024-08-30,MSFT,0
2024-08-30,NFLX,0
2024-08-30,NVDA,0
2024-08-30,SPY,0
2024-08-30,TSLA,0
2024-09-03,AAPL,0
2024-09-03,AMD,1
2024-09-03,AMZN,0
2024-09-03,AVGO,0
2024-09-03,GOOGL,0
2024-09-03,META,0
2024-09-03,MSFT,0
2024-09-03,NFLX,0
2024-09-03,NVDA,1
2024-09-03,SPY,0
2024-09-03,TSLA,0
2024-09-04,AAPL,0
2024-09-04,AMD,1
2024-09-04,AMZN,0
2024-09-04,AVGO,0
2024-09-04,GOOGL,0
2024-09-04,META,0
2024-09-04,MSFT,0
2024-09-04,NFLX,0
2024-09-04,NVDA,1
2024-09-04,SPY,0
2024-09-04,TSLA,0
2024-09-05,AAPL,0
2024-09-05,AMD,1
2024-09-05,AMZN,0
2024-09-05,AVGO,0
2024-09-05,GOOGL,0
2024-09-05,META,0
2024-09-05,MSFT,0
2024-09-05,NFLX,0
2024-09-05,NVDA,1
2024-09-05,SPY,0
2024-09-05,TSLA,0
2024-09-06,AAPL,0
2024-09-06,AMD,1
2024-09-06,AMZN,0
2024-09-06,AVGO,1
2024-09-06,GOOGL,1
2024-09-06,META,0
2024-09-06,MSFT,0
2024-09-06,NFLX,0
2024-09-06,NVDA,1
2024-09-06,SPY,0
2024-09-06,TSLA,0
2024-09-09,AAPL,0
2024-09-09,AMD,1
2024-09-09,AMZN,0
2024-09-09,AVGO,1
2024-09-09,GOOGL,1
2024-09-09,META,0
2024-09-09,MSFT,0
2024-09-09,NFLX,0
2024-09-09,NVDA,1
2024-09-09,SPY,0
2024-09-09,TSLA,0
2024-09-10,AAPL,0
2024-09-10,AMD,1
2024-09-10,AMZN,0
2024-09-10,AVGO,1
2024-09-10,GOOGL,1
2024-09-10,META,0
2024-09-10,MSFT,0
2024-09-10,NFLX,0
2024-09-10,NVDA,1
2024-09-10,SPY,0
2024-09-10,TSLA,0
2024-09-11,AAPL,0
2024-09-11,AMD,0
2024-09-11,AMZN,0
2024-09-11,AVGO,0
2024-09-11,GOOGL,1
2024-09-11,META,0
2024-09-11,MSFT,0
2024-09-11,NFLX,0
2024-09-11,NVDA,1
2024-09-11,SPY,0
2024-09-11,TSLA,0
2024-09-12,AAPL,0
2024-09-12,AMD,0
2024-09-12,AMZN,0
2024-09-12,AVGO,0
2024-09-12,GOOGL,0
2024-09-12,META,0
2024-09-12,MSFT,0
2024-09-12,NFLX,0
2024-09-12,NVDA,0
2024-09-12,SPY,0
2024-09-12,TSLA,0
2024-09-13,AAPL,0
2024-09-13,AMD,0
2024-09-13,AMZN,0
2024-09-13,AVGO,0
2024-09-13,GOOGL,0
2024-09-13,META,0
2024-09-13,MSFT,0
2024-09-13,NFLX,0
2024-09-13,NVDA,0
2024-09-13,SPY,0
2024-09-13,TSLA,0
2024-09-16,AAPL,0
2024-09-16,AMD,0
2024-09-16,AMZN,0
2024-09-16,AVGO,0
2024-09-16,GOOGL,0
2024-09-16,META,0
2024-09-16,MSFT,0
2024-09-16,NFLX,0
2024-09-16,NVDA,1
2024-09-16,SPY,0
2024-09-16,TSLA,0
2024-09-17,AAPL,0
2024-09-17,AMD,0
2024-09-17,AMZN,0
2024-09-17,AVGO,0
2024-09-17,GOOGL,0
2024-09-17,META,0
2024-09-17,MSFT,0
2024-09-17,NFLX,0
2024-09-17,NVDA,1
2024-09-17,SPY,0
2024-09-17,TSLA,0
2024-09-18,AAPL,0
2024-09-18,AMD,0
2024-09-18,AMZN,0
2024-09-18,AVGO,0
2024-09-18,GOOGL,0
2024-09-18,META,0
2024-09-18,MSFT,0
2024-09-18,NFLX,0
2024-09-18,NVDA,1
2024-09-18,SPY,0
2024-09-18,TSLA,0
2024-09-19,AAPL,0
2024-09-19,AMD,0
2024-09-19,AMZN,0
2024-09-19,AVGO,0
2024-09-19,GOOGL,0
2024-09-19,META,0
2024-09-19,MSFT,0
2024-09-19,NFLX,0
2024-09-19,NVDA,0
2024-09-19,SPY,0
2024-09-19,TSLA,0
2024-09-20,AAPL,0
2024-09-20,AMD,0
2024-09-20,AMZN,0
2024-09-20,AVGO,0
2024-09-20,GOOGL,0
2024-09-20,META,0
2024-09-20,MSFT,0
2024-09-20,NFLX,0
2024-09-20,NVDA,1
2024-09-20,SPY,0
2024-09-20,TSLA,0
2024-09-23,AAPL,0
2024-09-23,AMD,0
2024-09-23,AMZN,0
2024-09-23,AVGO,0
2024-09-23,GOOGL,0
2024-09-23,META,0
2024-09-23,MSFT,0
2024-09-23,NFLX,0
2024-09-23,NVDA,1
2024-09-23,SPY,0
2024-09-23,TSLA,0
2024-09-24,AAPL,0
2024-09-24,AMD,0
2024-09-24,AMZN,0
2024-09-24,AVGO,0
2024-09-24,GOOGL,0
2024-09-24,META,0
2024-09-24,MSFT,0
2024-09-24,NFLX,0
2024-09-24,NVDA,0
2024-09-24,SPY,0
2024-09-24,TSLA,0
2024-09-25,AAPL,0
2024-09-25,AMD,0
2024-09-25,AMZN,0
2024-09-25,AVGO,0
2024-09-25,GOOGL,0
2024-09-25,META,0
2024-09-25,MSFT,0
2024-09-25,NFLX,0
2024-09-25,NVDA,0
2024-09-25,SPY,0
2024-09-25,TSLA,0
2024-09-26,AAPL,0
2024-09-26,AMD,0
2024-09-26,AMZN,0
2024-09-26,AVGO,0
2024-09-26,GOOGL,0
2024-09-26,META,0
2024-09-26,MSFT,0
2024-09-26,NFLX,0
2024-09-26,NVDA,0
2024-09-26,SPY,0
2024-09-26,TSLA,0
2024-09-27,AAPL,0
2024-09-27,AMD,0
2024-09-27,AMZN,0
2024-09-27,AVGO,0
2024-09-27,GOOGL,0
2024-09-27,META,0
2024-09-27,MSFT,0
2024-09-27,NFLX,0
2024-09-27,NVDA,0
2024-09-27,SPY,0
2024-09-27,TSLA,0
2024-09-30,AAPL,0
2024-09-30,AMD,0
2024-09-30,AMZN,0
2024-09-30,AVGO,0
2024-09-30,GOOGL,0
2024-09-30,META,0
2024-09-30,MSFT,0
2024-09-30,NFLX,0
2024-09-30,NVDA,0
2024-09-30,SPY,0
2024-09-30,TSLA,0
2024-10-01,AAPL,0
2024-10-01,AMD,0
2024-10-01,AMZN,0
2024-10-01,AVGO,0
2024-10-01,GOOGL,0
2024-10-01,META,0
2024-10-01,MSFT,0
2024-10-01,NFLX,0
2024-10-01,NVDA,0
2024-10-01,SPY,0
2024-10-01,TSLA,0
2024-10-02,AAPL,0
2024-10-02,AMD,0
2024-10-02,AMZN,0
2024-10-02,AVGO,0
2024-10-02,GOOGL,0
2024-10-02,META,0
2024-10-02,MSFT,0
2024-10-02,NFLX,0
2024-10-02,NVDA,0
2024-10-02,SPY,0
2024-10-02,TSLA,0
2024-10-03,AAPL,0
2024-10-03,AMD,0
2024-10-03,AMZN,0
2024-10-03,AVGO,0
2024-10-03,GOOGL,0
2024-10-03,META,0
2024-10-03,MSFT,0
2024-10-03,NFLX,0
2024-10-03,NVDA,0
2024-10-03,SPY,0
2024-10-03,TSLA,0
2024-10-04,AAPL,0
2024-10-04,AMD,0
2024-10-04,AMZN,0
2024-10-04,AVGO,0
2024-10-04,GOOGL,0
2024-10-04,META,0
2024-10-04,MSFT,0
2024-10-04,NFLX,0
2024-10-04,NVDA,0
2024-10-04,SPY,0
2024-10-04,TSLA,0
2024-10-07,AAPL,0
2024-10-07,AMD,0
2024-10-07,AMZN,0
2024-10-07,AVGO,0
2024-10-07,GOOGL,0
2024-10-07,META,0
2024-10-07,MSFT,0
2024-10-07,NFLX,0
2024-10-07,NVDA,0
2024-10-07,SPY,0
2024-10-07,TSLA,0
2024-10-08,AAPL,0
2024-10-08,AMD,0
2024-10-08,AMZN,0
2024-10-08,AVGO,0
2024-10-08,GOOGL,0
2024-10-08,META,0
2024-10-08,MSFT,0
2024-10-08,NFLX,0
2024-10-08,NVDA,0
2024-10-08,SPY,0
2024-10-08,TSLA,0
2024-10-09,AAPL,0
2024-10-09,AMD,0
2024-10-09,AMZN,0
2024-10-09,AVGO,0
2024-10-09,GOOGL,0
2024-10-09,META,0
2024-10-09,MSFT,0
2024-10-09,NFLX,0
2024-10-09,NVDA,0
2024-10-09,SPY,0
2024-10-09,TSLA,0
2024-10-10,AAPL,0
2024-10-10,AMD,0
2024-10-10,AMZN,0
2024-10-10,AVGO,0
2024-10-10,GOOGL,0
2024-10-10,META,0
2024-10-10,MSFT,0
2024-10-10,NFLX,0
2024-10-10,NVDA,0
2024-10-10,SPY,0
2024-10-10,TSLA,0
2024-10-11,AAPL,0
2024-10-11,AMD,0
2024-10-11,AMZN,0
2024-10-11,AVGO,0
2024-10-11,GOOGL,0
2024-10-11,META,0
2024-10-11,MSFT,0
2024-10-11,NFLX,0
2024-10-11,NVDA,0
2024-10-11,SPY,0
2024-10-11,TSLA,1
2024-10-14,AAPL,0
2024-10-14,AMD,0
2024-10-14,AMZN,0
2024-10-14,AVGO,0
2024-10-14,GOOGL,0
2024-10-14,META,0
2024-10-14,MSFT,0
2024-10-14,NFLX,0
2024-10-14,NVDA,0
2024-10-14,SPY,0
2024-10-14,TSLA,1
2024-10-15,AAPL,0
2024-10-15,AMD,1
2024-10-15,AMZN,0
2024-10-15,AVGO,0
2024-10-15,GOOGL,0
2024-10-15,META,0
2024-10-15,MSFT,0
2024-10-15,NFLX,0
2024-10-15,NVDA,0
2024-10-15,SPY,0
2024-10-15,TSLA,1
2024-10-16,AAPL,0
2024-10-16,AMD,1
2024-10-16,AMZN,0
2024-10-16,AVGO,0
2024-10-16,GOOGL,0
2024-10-16,META,0
2024-10-16,MSFT,0
2024-10-16,NFLX,0
2024-10-16,NVDA,0
2024-10-16,SPY,0
2024-10-16,TSLA,1
2024-10-17,AAPL,0
2024-10-17,AMD,1
2024-10-17,AMZN,0
2024-10-17,AVGO,0
2024-10-17,GOOGL,0
2024-10-17,META,0
2024-10-17,MSFT,0
2024-10-17,NFLX,1
2024-10-17,NVDA,0
2024-10-17,SPY,0
2024-10-17,TSLA,1
2024-10-18,AAPL,0
2024-10-18,AMD,1
2024-10-18,AMZN,0
2024-10-18,AVGO,0
2024-10-18,GOOGL,0
2024-10-18,META,0
2024-10-18,MSFT,0
2024-10-18,NFLX,0
2024-10-18,NVDA,0
2024-10-18,SPY,0
2024-10-18,TSLA,1
2024-10-21,AAPL,0
2024-10-21,AMD,0
2024-10-21,AMZN,0
2024-10-21,AVGO,0
2024-10-21,GOOGL,0
2024-10-21,META,0
2024-10-21,MSFT,0
2024-10-21,NFLX,0
2024-10-21,NVDA,0
2024-10-21,SPY,0
2024-10-21,TSLA,1
2024-10-22,AAPL,0
2024-10-22,AMD,1
2024-10-22,AMZN,0
2024-10-22,AVGO,0
2024-10-22,GOOGL,0
2024-10-22,META,0
2024-10-22,MSFT,0
2024-10-22,NFLX,0
2024-10-22,NVDA,0
2024-10-22,SPY,0
2024-10-22,TSLA,1
2024-10-23,AAPL,0
2024-10-23,AMD,1
2024-10-23,AMZN,0
2024-10-23,AVGO,0
2024-10-23,GOOGL,0
2024-10-23,META,0
2024-10-23,MSFT,0
2024-10-23,NFLX,0
2024-10-23,NVDA,0
2024-10-23,SPY,0
2024-10-23,TSLA,1
2024-10-24,AAPL,0
2024-10-24,AMD,1
2024-10-24,AMZN,0
2024-10-24,AVGO,0
2024-10-24,GOOGL,0
2024-10-24,META,0
2024-10-24,MSFT,0
2024-10-24,NFLX,0
2024-10-24,NVDA,0
2024-10-24,SPY,0
2024-10-24,TSLA,0
2024-10-25,AAPL,0
2024-10-25,AMD,1
2024-10-25,AMZN,0
2024-10-25,AVGO,0
2024-10-25,GOOGL,0
2024-10-25,META,0
2024-10-25,MSFT,0
2024-10-25,NFLX,0
2024-10-25,NVDA,0
2024-10-25,SPY,0
2024-10-25,TSLA,0
2024-10-28,AAPL,0
2024-10-28,AMD,0
2024-10-28,AMZN,0
2024-10-28,AVGO,0
2024-10-28,GOOGL,0
2024-10-28,META,0
2024-10-28,MSFT,0
2024-10-28,NFLX,0
2024-10-28,NVDA,0
2024-10-28,SPY,0
2024-10-28,TSLA,0
2024-10-29,AAPL,0
2024-10-29,AMD,0
2024-10-29,AMZN,0
2024-10-29,AVGO,0
2024-10-29,GOOGL,0
2024-10-29,META,0
2024-10-29,MSFT,0
2024-10-29,NFLX,0
2024-10-29,NVDA,0
2024-10-29,SPY,0
2024-10-29,TSLA,0
2024-10-30,AAPL,0
2024-10-30,AMD,1
2024-10-30,AMZN,0
2024-10-30,AVGO,0
2024-10-30,GOOGL,0
2024-10-30,META,0
2024-10-30,MSFT,0
2024-10-30,NFLX,0
2024-10-30,NVDA,0
2024-10-30,SPY,0
2024-10-30,TSLA,0
2024-10-31,AAPL,0
2024-10-31,AMD,1
2024-10-31,AMZN,0
2024-10-31,AVGO,0
2024-10-31,GOOGL,0
2024-10-31,META,0
2024-10-31,MSFT,0
2024-10-31,NFLX,0
2024-10-31,NVDA,0
2024-10-31,SPY,0
2024-10-31,TSLA,0
2024-11-01,AAPL,0
2024-11-01,AMD,1
2024-11-01,AMZN,0
2024-11-01,AVGO,1
2024-11-01,GOOGL,0
2024-11-01,META,0
2024-11-01,MSFT,0
2024-11-01,NFLX,0
2024-11-01,NVDA,0
2024-11-01,SPY,0
2024-11-01,TSLA,0
2024-11-04,AAPL,0
2024-11-04,AMD,1
2024-11-04,AMZN,0
2024-11-04,AVGO,1
2024-11-04,GOOGL,0
2024-11-04,META,0
2024-11-04,MSFT,0
2024-11-04,NFLX,0
2024-11-04,NVDA,0
2024-11-04,SPY,0
2024-11-04,TSLA,1
2024-11-05,AAPL,0
2024-11-05,AMD,1
2024-11-05,AMZN,0
2024-11-05,AVGO,0
2024-11-05,GOOGL,0
2024-11-05,META,0
2024-11-05,MSFT,0
2024-11-05,NFLX,0
2024-11-05,NVDA,0
2024-11-05,SPY,0
2024-11-05,TSLA,0
2024-11-06,AAPL,0
2024-11-06,AMD,1
2024-11-06,AMZN,0
2024-11-06,AVGO,0
2024-11-06,GOOGL,0
2024-11-06,META,0
2024-11-06,MSFT,0
2024-11-06,NFLX,0
2024-11-06,NVDA,0
2024-11-06,SPY,0
2024-11-06,TSLA,0
2024-11-07,AAPL,0
2024-11-07,AMD,1
2024-11-07,AMZN,0
2024-11-07,AVGO,0
2024-11-07,GOOGL,0
2024-11-07,META,0
2024-11-07,MSFT,0
2024-11-07,NFLX,0
2024-11-07,NVDA,0
2024-11-07,SPY,0
2024-11-07,TSLA,0
2024-11-08,AAPL,0
2024-11-08,AMD,1
2024-11-08,AMZN,0
2024-11-08,AVGO,0
2024-11-08,GOOGL,0
2024-11-08,META,0
2024-11-08,MSFT,0
2024-11-08,NFLX,0
2024-11-08,NVDA,0
2024-11-08,SPY,0
2024-11-08,TSLA,0
2024-11-11,AAPL,0
2024-11-11,AMD,1
2024-11-11,AMZN,0
2024-11-11,AVGO,0
2024-11-11,GOOGL,0
2024-11-11,META,0
2024-11-11,MSFT,0
2024-11-11,NFLX,0
2024-11-11,NVDA,0
2024-11-11,SPY,0
2024-11-11,TSLA,0
2024-11-12,AAPL,0
2024-11-12,AMD,1
2024-11-12,AMZN,0
2024-11-12,AVGO,0
2024-11-12,GOOGL,0
2024-11-12,META,0
2024-11-12,MSFT,0
2024-11-12,NFLX,0
2024-11-12,NVDA,0
2024-11-12,SPY,0
2024-11-12,TSLA,0
2024-11-13,AAPL,0
2024-11-13,AMD,1
2024-11-13,AMZN,0
2024-11-13,AVGO,0
2024-11-13,GOOGL,0
2024-11-13,META,0
2024-11-13,MSFT,0
2024-11-13,NFLX,0
2024-11-13,NVDA,0
2024-11-13,SPY,0
2024-11-13,TSLA,0
2024-11-14,AAPL,0
2024-11-14,AMD,1
2024-11-14,AMZN,0
2024-11-14,AVGO,0
2024-11-14,GOOGL,0
2024-11-14,META,0
2024-11-14,MSFT,0
2024-11-14,NFLX,0
2024-11-14,NVDA,0
2024-11-14,SPY,0
2024-11-14,TSLA,0
2024-11-15,AAPL,0
2024-11-15,AMD,1
2024-11-15,AMZN,0
2024-11-15,AVGO,1
2024-11-15,GOOGL,0
2024-11-15,META,0
2024-11-15,MSFT,0
2024-11-15,NFLX,0
2024-11-15,NVDA,0
2024-11-15,SPY,0
2024-11-15,TSLA,0
2024-11-18,AAPL,0
2024-11-18,AMD,1
2024-11-18,AMZN,0
2024-11-18,AVGO,1
2024-11-18,GOOGL,0
2024-11-18,META,0
2024-11-18,MSFT,0
2024-11-18,NFLX,0
2024-11-18,NVDA,0
2024-11-18,SPY,0
2024-11-18,TSLA,0
2024-11-19,AAPL,0
2024-11-19,AMD,1
2024-11-19,AMZN,0
2024-11-19,AVGO,1
2024-11-19,GOOGL,0
2024-11-19,META,0
2024-11-19,MSFT,0
2024-11-19,NFLX,0
2024-11-19,NVDA,0
2024-11-19,SPY,0
2024-11-19,TSLA,0
2024-11-20,AAPL,0
2024-11-20,AMD,1
2024-11-20,AMZN,0
2024-11-20,AVGO,1
2024-11-20,GOOGL,0
2024-11-20,META,0
2024-11-20,MSFT,0
2024-11-20,NFLX,0
2024-11-20,NVDA,0
2024-11-20,SPY,0
2024-11-20,TSLA,0
2024-11-21,AAPL,0
2024-11-21,AMD,1
2024-11-21,AMZN,0
2024-11-21,AVGO,1
2024-11-21,GOOGL,0
2024-11-21,META,0
2024-11-21,MSFT,0
2024-11-21,NFLX,0
2024-11-21,NVDA,0
2024-11-21,SPY,0
2024-11-21,TSLA,0
2024-11-22,AAPL,0
2024-11-22,AMD,1
2024-11-22,AMZN,0
2024-11-22,AVGO,1
2024-11-22,GOOGL,1
2024-11-22,META,0
2024-11-22,MSFT,0
2024-11-22,NFLX,0
2024-11-22,NVDA,0
2024-11-22,SPY,0
2024-11-22,TSLA,0
2024-11-25,AAPL,0
2024-11-25,AMD,0
2024-11-25,AMZN,0
2024-11-25,AVGO,1
2024-11-25,GOOGL,0
2024-11-25,META,0
2024-11-25,MSFT,0
2024-11-25,NFLX,0
2024-11-25,NVDA,0
2024-11-25,SPY,0
2024-11-25,TSLA,0
2024-11-26,AAPL,0
2024-11-26,AMD,0
2024-11-26,AMZN,0
2024-11-26,AVGO,1
2024-11-26,GOOGL,0
2024-11-26,META,0
2024-11-26,MSFT,0
2024-11-26,NFLX,0
2024-11-26,NVDA,0
2024-11-26,SPY,0
2024-11-26,TSLA,0
2024-11-27,AAPL,0
2024-11-27,AMD,0
2024-11-27,AMZN,0
2024-11-27,AVGO,1
2024-11-27,GOOGL,0
2024-11-27,META,0
2024-11-27,MSFT,0
2024-11-27,NFLX,0
2024-11-27,NVDA,1
2024-11-27,SPY,0
2024-11-27,TSLA,0
2024-11-29,AAPL,0
2024-11-29,AMD,0
2024-11-29,AMZN,0
2024-11-29,AVGO,1
2024-11-29,GOOGL,0
2024-11-29,META,0
2024-11-29,MSFT,0
2024-11-29,NFLX,0
2024-11-29,NVDA,0
2024-11-29,SPY,0
2024-11-29,TSLA,0
2024-12-02,AAPL,0
2024-12-02,AMD,0
2024-12-02,AMZN,0
2024-12-02,AVGO,1
2024-12-02,GOOGL,0
2024-12-02,META,0
2024-12-02,MSFT,0
2024-12-02,NFLX,0
2024-12-02,NVDA,0
2024-12-02,SPY,0
2024-12-02,TSLA,0
2024-12-03,AAPL,0
2024-12-03,AMD,0
2024-12-03,AMZN,0
2024-12-03,AVGO,0
2024-12-03,GOOGL,0
2024-12-03,META,0
2024-12-03,MSFT,0
2024-12-03,NFLX,0
2024-12-03,NVDA,0
2024-12-03,SPY,0
2024-12-03,TSLA,0
2024-12-04,AAPL,0
2024-12-04,AMD,0
2024-12-04,AMZN,0
2024-12-04,AVGO,0
2024-12-04,GOOGL,0
2024-12-04,META,0
2024-12-04,MSFT,0
2024-12-04,NFLX,0
2024-12-04,NVDA,0
2024-12-04,SPY,0
2024-12-04,TSLA,0
2024-12-05,AAPL,0
2024-12-05,AMD,0
2024-12-05,AMZN,0
2024-12-05,AVGO,0
2024-12-05,GOOGL,0
2024-12-05,META,0
2024-12-05,MSFT,0
2024-12-05,NFLX,0
2024-12-05,NVDA,0
2024-12-05,SPY,0
2024-12-05,TSLA,0
2024-12-06,AAPL,0
2024-12-06,AMD,0
2024-12-06,AMZN,0
2024-12-06,AVGO,0
2024-12-06,GOOGL,0
2024-12-06,META,0
2024-12-06,MSFT,0
2024-12-06,NFLX,0
2024-12-06,NVDA,0
2024-12-06,SPY,0
2024-12-06,TSLA,0
2024-12-09,AAPL,0
2024-12-09,AMD,1
2024-12-09,AMZN,0
2024-12-09,AVGO,0
2024-12-09,GOOGL,0
2024-12-09,META,0
2024-12-09,MSFT,0
2024-12-09,NFLX,0
2024-12-09,NVDA,0
2024-12-09,SPY,0
2024-12-09,TSLA,0
2024-12-10,AAPL,0
2024-12-10,AMD,1
2024-12-10,AMZN,0
2024-12-10,AVGO,0
2024-12-10,GOOGL,0
2024-12-10,META,0
2024-12-10,MSFT,0
2024-12-10,NFLX,0
2024-12-10,NVDA,0
2024-12-10,SPY,0
2024-12-10,TSLA,0
2024-12-11,AAPL,0
2024-12-11,AMD,1
2024-12-11,AMZN,0
2024-12-11,AVGO,0
2024-12-11,GOOGL,0
2024-12-11,META,0
2024-12-11,MSFT,0
2024-12-11,NFLX,0
2024-12-11,NVDA,0
2024-12-11,SPY,0
2024-12-11,TSLA,0
2024-12-12,AAPL,0
2024-12-12,AMD,1
2024-12-12,AMZN,0
2024-12-12,AVGO,1
2024-12-12,GOOGL,0
2024-12-12,META,0
2024-12-12,MSFT,0
2024-12-12,NFLX,0
2024-12-12,NVDA,0
2024-12-12,SPY,0
2024-12-12,TSLA,0
2024-12-13,AAPL,0
2024-12-13,AMD,1
2024-12-13,AMZN,0
2024-12-13,AVGO,0
2024-12-13,GOOGL,0
2024-12-13,META,0
2024-12-13,MSFT,0
2024-12-13,NFLX,0
2024-12-13,NVDA,0
2024-12-13,SPY,0
2024-12-13,TSLA,0
2024-12-16,AAPL,0
2024-12-16,AMD,1
2024-12-16,AMZN,0
2024-12-16,AVGO,0
2024-12-16,GOOGL,0
2024-12-16,META,0
2024-12-16,MSFT,0
2024-12-16,NFLX,0
2024-12-16,NVDA,1
2024-12-16,SPY,0
2024-12-16,TSLA,0
2024-12-17,AAPL,0
2024-12-17,AMD,1
2024-12-17,AMZN,0
2024-12-17,AVGO,0
2024-12-17,GOOGL,0
2024-12-17,META,0
2024-12-17,MSFT,0
2024-12-17,NFLX,0
2024-12-17,NVDA,1
2024-12-17,SPY,0
2024-12-17,TSLA,0
2024-12-18,AAPL,0
2024-12-18,AMD,1
2024-12-18,AMZN,0
2024-12-18,AVGO,0
2024-12-18,GOOGL,0
2024-12-18,META,0
2024-12-18,MSFT,0
2024-12-18,NFLX,0
2024-12-18,NVDA,1
2024-12-18,SPY,0
2024-12-18,TSLA,0
2024-12-19,AAPL,0
2024-12-19,AMD,1
2024-12-19,AMZN,0
2024-12-19,AVGO,0
2024-12-19,GOOGL,0
2024-12-19,META,0
2024-12-19,MSFT,0
2024-12-19,NFLX,0
2024-12-19,NVDA,1
2024-12-19,SPY,0
2024-12-19,TSLA,0
2024-12-20,AAPL,0
2024-12-20,AMD,1
2024-12-20,AMZN,0
2024-12-20,AVGO,0
2024-12-20,GOOGL,0
2024-12-20,META,0
2024-12-20,MSFT,0
2024-12-20,NFLX,0
2024-12-20,NVDA,0
2024-12-20,SPY,0
2024-12-20,TSLA,0
2024-12-23,AAPL,0
2024-12-23,AMD,1
2024-12-23,AMZN,0
2024-12-23,AVGO,0
2024-12-23,GOOGL,0
2024-12-23,META,0
2024-12-23,MSFT,0
2024-12-23,NFLX,0
2024-12-23,NVDA,0
2024-12-23,SPY,0
2024-12-23,TSLA,0
2024-12-24,AAPL,0
2024-12-24,AMD,1
2024-12-24,AMZN,0
2024-12-24,AVGO,0
2024-12-24,GOOGL,0
2024-12-24,META,0
2024-12-24,MSFT,0
2024-12-24,NFLX,0
2024-12-24,NVDA,0
2024-12-24,SPY,0
2024-12-24,TSLA,0
2024-12-26,AAPL,0
2024-12-26,AMD,1
2024-12-26,AMZN,0
2024-12-26,AVGO,0
2024-12-26,GOOGL,0
2024-12-26,META,0
2024-12-26,MSFT,0
2024-12-26,NFLX,0
2024-12-26,NVDA,0
2024-12-26,SPY,0
2024-12-26,TSLA,0
2024-12-27,AAPL,0
2024-12-27,AMD,1
2024-12-27,AMZN,0
2024-12-27,AVGO,0
2024-12-27,GOOGL,0
2024-12-27,META,0
2024-12-27,MSFT,0
2024-12-27,NFLX,0
2024-12-27,NVDA,0
2024-12-27,SPY,0
2024-12-27,TSLA,0
2024-12-30,AAPL,0
2024-12-30,AMD,1
2024-12-30,AMZN,0
2024-12-30,AVGO,0
2024-12-30,GOOGL,0
2024-12-30,META,0
2024-12-30,MSFT,0
2024-12-30,NFLX,0
2024-12-30,NVDA,0
2024-12-30,SPY,0
2024-12-30,TSLA,0
2024-12-31,AAPL,0
2024-12-31,AMD,1
2024-12-31,AMZN,0
2024-12-31,AVGO,0
2024-12-31,GOOGL,0
2024-12-31,META,0
2024-12-31,MSFT,0
2024-12-31,NFLX,0
2024-12-31,NVDA,0
2024-12-31,SPY,0
2024-12-31,TSLA,1
2025-01-02,AAPL,0
2025-01-02,AMD,1
2025-01-02,AMZN,0
2025-01-02,AVGO,0
2025-01-02,GOOGL,0
2025-01-02,META,0
2025-01-02,MSFT,0
2025-01-02,NFLX,0
2025-01-02,NVDA,0
2025-01-02,SPY,0
2025-01-02,TSLA,1
2025-01-03,AAPL,0
2025-01-03,AMD,1
2025-01-03,AMZN,0
2025-01-03,AVGO,0
2025-01-03,GOOGL,0
2025-01-03,META,0
2025-01-03,MSFT,0
2025-01-03,NFLX,0
2025-01-03,NVDA,0
2025-01-03,SPY,0
2025-01-03,TSLA,1
2025-01-06,AAPL,0
2025-01-06,AMD,0
2025-01-06,AMZN,0
2025-01-06,AVGO,0
2025-01-06,GOOGL,0
2025-01-06,META,0
2025-01-06,MSFT,0
2025-01-06,NFLX,0
2025-01-06,NVDA,0
2025-01-06,SPY,0
2025-01-06,TSLA,1
2025-01-07,AAPL,0
2025-01-07,AMD,0
2025-01-07,AMZN,0
2025-01-07,AVGO,0
2025-01-07,GOOGL,0
2025-01-07,META,0
2025-01-07,MSFT,0
2025-01-07,NFLX,0
2025-01-07,NVDA,0
2025-01-07,SPY,0
2025-01-07,TSLA,1
2025-01-08,AAPL,0
2025-01-08,AMD,0
2025-01-08,AMZN,0
2025-01-08,AVGO,0
2025-01-08,GOOGL,0
2025-01-08,META,0
2025-01-08,MSFT,0
2025-01-08,NFLX,0
2025-01-08,NVDA,0
2025-01-08,SPY,0
2025-01-08,TSLA,1
2025-01-10,AAPL,0
2025-01-10,AMD,1
2025-01-10,AMZN,0
2025-01-10,AVGO,0
2025-01-10,GOOGL,0
2025-01-10,META,0
2025-01-10,MSFT,0
2025-01-10,NFLX,1
2025-01-10,NVDA,0
2025-01-10,SPY,0
2025-01-10,TSLA,1
2025-01-13,AAPL,1
2025-01-13,AMD,1
2025-01-13,AMZN,0
2025-01-13,AVGO,1
2025-01-13,GOOGL,0
2025-01-13,META,0
2025-01-13,MSFT,0
2025-01-13,NFLX,1
2025-01-13,NVDA,1
2025-01-13,SPY,0
2025-01-13,TSLA,1
2025-01-14,AAPL,1
2025-01-14,AMD,1
2025-01-14,AMZN,0
2025-01-14,AVGO,1
2025-01-14,GOOGL,0
2025-01-14,META,0
2025-01-14,MSFT,0
2025-01-14,NFLX,1
2025-01-14,NVDA,1
2025-01-14,SPY,0
2025-01-14,TSLA,1
2025-01-15,AAPL,0
2025-01-15,AMD,0
2025-01-15,AMZN,0
2025-01-15,AVGO,0
2025-01-15,GOOGL,0
2025-01-15,META,0
2025-01-15,MSFT,0
2025-01-15,NFLX,0
2025-01-15,NVDA,0
2025-01-15,SPY,0
2025-01-15,TSLA,1
2025-01-16,AAPL,1
2025-01-16,AMD,0
2025-01-16,AMZN,0
2025-01-16,AVGO,0
2025-01-16,GOOGL,0
2025-01-16,META,0
2025-01-16,MSFT,0
2025-01-16,NFLX,1
2025-01-16,NVDA,1
2025-01-16,SPY,0
2025-01-16,TSLA,1
2025-01-17,AAPL,1
2025-01-17,AMD,0
2025-01-17,AMZN,0
2025-01-17,AVGO,0
2025-01-17,GOOGL,0
2025-01-17,META,0
2025-01-17,MSFT,0
2025-01-17,NFLX,0
2025-01-17,NVDA,0
2025-01-17,SPY,0
2025-01-17,TSLA,0
2025-01-21,AAPL,1
2025-01-21,AMD,0
2025-01-21,AMZN,0
2025-01-21,AVGO,0
2025-01-21,GOOGL,0
2025-01-21,META,0
2025-01-21,MSFT,0
2025-01-21,NFLX,0
2025-01-21,NVDA,0
2025-01-21,SPY,0
2025-01-21,TSLA,0
2025-01-22,AAPL,1
2025-01-22,AMD,0
2025-01-22,AMZN,0
2025-01-22,AVGO,0
2025-01-22,GOOGL,0
2025-01-22,META,0
2025-01-22,MSFT,0
2025-01-22,NFLX,0
2025-01-22,NVDA,0
2025-01-22,SPY,0
2025-01-22,TSLA,1
2025-01-23,AAPL,1
2025-01-23,AMD,0
2025-01-23,AMZN,0
2025-01-23,AVGO,0
2025-01-23,GOOGL,0
2025-01-23,META,0
2025-01-23,MSFT,0
2025-01-23,NFLX,0
2025-01-23,NVDA,0
2025-01-23,SPY,0
2025-01-23,TSLA,1
2025-01-24,AAPL,1
2025-01-24,AMD,0
2025-01-24,AMZN,0
2025-01-24,AVGO,0
2025-01-24,GOOGL,0
2025-01-24,META,0
2025-01-24,MSFT,0
2025-01-24,NFLX,0
2025-01-24,NVDA,0
2025-01-24,SPY,0
2025-01-24,TSLA,1
2025-01-27,AAPL,1
2025-01-27,AMD,1
2025-01-27,AMZN,0
2025-01-27,AVGO,1
2025-01-27,GOOGL,0
2025-01-27,META,0
2025-01-27,MSFT,0
2025-01-27,NFLX,0
2025-01-27,NVDA,1
2025-01-27,SPY,0
2025-01-27,TSLA,0
2025-01-28,AAPL,0
2025-01-28,AMD,1
2025-01-28,AMZN,0
2025-01-28,AVGO,1
2025-01-28,GOOGL,0
2025-01-28,META,0
2025-01-28,MSFT,0
2025-01-28,NFLX,0
2025-01-28,NVDA,1
2025-01-28,SPY,0
2025-01-28,TSLA,0
2025-01-29,AAPL,0
2025-01-29,AMD,1
2025-01-29,AMZN,0
2025-01-29,AVGO,1
2025-01-29,GOOGL,0
2025-01-29,META,0
2025-01-29,MSFT,0
2025-01-29,NFLX,0
2025-01-29,NVDA,1
2025-01-29,SPY,0
2025-01-29,TSLA,1
2025-01-30,AAPL,0
2025-01-30,AMD,0
2025-01-30,AMZN,0
2025-01-30,AVGO,1
2025-01-30,GOOGL,0
2025-01-30,META,0
2025-01-30,MSFT,0
2025-01-30,NFLX,0
2025-01-30,NVDA,1
2025-01-30,SPY,0
2025-01-30,TSLA,0
2025-01-31,AAPL,0
2025-01-31,AMD,1
2025-01-31,AMZN,0
2025-01-31,AVGO,1
2025-01-31,GOOGL,0
2025-01-31,META,0
2025-01-31,MSFT,0
2025-01-31,NFLX,0
2025-01-31,NVDA,1
2025-01-31,SPY,0
2025-01-31,TSLA,0
2025-02-03,AAPL,0
2025-02-03,AMD,1
2025-02-03,AMZN,0
2025-02-03,AVGO,1
2025-02-03,GOOGL,0
2025-02-03,META,0
2025-02-03,MSFT,0
2025-02-03,NFLX,0
2025-02-03,NVDA,1
2025-02-03,SPY,0
2025-02-03,TSLA,1
2025-02-04,AAPL,0
2025-02-04,AMD,0
2025-02-04,AMZN,0
2025-02-04,AVGO,1
2025-02-04,GOOGL,0
2025-02-04,META,0
2025-02-04,MSFT,0
2025-02-04,NFLX,0
2025-02-04,NVDA,1
2025-02-04,SPY,0
2025-02-04,TSLA,0
2025-02-05,AAPL,0
2025-02-05,AMD,1
2025-02-05,AMZN,0
2025-02-05,AVGO,0
2025-02-05,GOOGL,0
2025-02-05,META,0
2025-02-05,MSFT,0
2025-02-05,NFLX,0
2025-02-05,NVDA,1
2025-02-05,SPY,0
2025-02-05,TSLA,1
2025-02-06,AAPL,0
2025-02-06,AMD,1
2025-02-06,AMZN,0
2025-02-06,AVGO,0
2025-02-06,GOOGL,0
2025-02-06,META,0
2025-02-06,MSFT,0
2025-02-06,NFLX,0
2025-02-06,NVDA,1
2025-02-06,SPY,0
2025-02-06,TSLA,1
2025-02-07,AAPL,0
2025-02-07,AMD,1
2025-02-07,AMZN,0
2025-02-07,AVGO,0
2025-02-07,GOOGL,1
2025-02-07,META,0
2025-02-07,MSFT,0
2025-02-07,NFLX,0
2025-02-07,NVDA,1
2025-02-07,SPY,0
2025-02-07,TSLA,1
2025-02-10,AAPL,0
2025-02-10,AMD,1
2025-02-10,AMZN,0
2025-02-10,AVGO,0
2025-02-10,GOOGL,1
2025-02-10,META,0
2025-02-10,MSFT,0
2025-02-10,NFLX,0
2025-02-10,NVDA,1
2025-02-10,SPY,0
2025-02-10,TSLA,1
2025-02-11,AAPL,0
2025-02-11,AMD,1
2025-02-11,AMZN,0
2025-02-11,AVGO,0
2025-02-11,GOOGL,1
2025-02-11,META,0
2025-02-11,MSFT,0
2025-02-11,NFLX,0
2025-02-11,NVDA,1
2025-02-11,SPY,0
2025-02-11,TSLA,1
2025-02-12,AAPL,0
2025-02-12,AMD,1
2025-02-12,AMZN,0
2025-02-12,AVGO,0
2025-02-12,GOOGL,1
2025-02-12,META,0
2025-02-12,MSFT,0
2025-02-12,NFLX,0
2025-02-12,NVDA,1
2025-02-12,SPY,0
2025-02-12,TSLA,1
2025-02-13,AAPL,0
2025-02-13,AMD,1
2025-02-13,AMZN,0
2025-02-13,AVGO,0
2025-02-13,GOOGL,1
2025-02-13,META,0
2025-02-13,MSFT,0
2025-02-13,NFLX,0
2025-02-13,NVDA,0
2025-02-13,SPY,0
2025-02-13,TSLA,1
2025-02-14,AAPL,0
2025-02-14,AMD,0
2025-02-14,AMZN,0
2025-02-14,AVGO,0
2025-02-14,GOOGL,1
2025-02-14,META,0
2025-02-14,MSFT,0
2025-02-14,NFLX,0
2025-02-14,NVDA,0
2025-02-14,SPY,0
2025-02-14,TSLA,1
2025-02-18,AAPL,0
2025-02-18,AMD,0
2025-02-18,AMZN,0
2025-02-18,AVGO,0
2025-02-18,GOOGL,1
2025-02-18,META,0
2025-02-18,MSFT,0
2025-02-18,NFLX,0
2025-02-18,NVDA,0
2025-02-18,SPY,0
2025-02-18,TSLA,1
2025-02-19,AAPL,0
2025-02-19,AMD,0
2025-02-19,AMZN,0
2025-02-19,AVGO,0
2025-02-19,GOOGL,1
2025-02-19,META,0
2025-02-19,MSFT,0
2025-02-19,NFLX,0
2025-02-19,NVDA,0
2025-02-19,SPY,0
2025-02-19,TSLA,1
2025-02-20,AAPL,0
2025-02-20,AMD,0
2025-02-20,AMZN,0
2025-02-20,AVGO,0
2025-02-20,GOOGL,1
2025-02-20,META,0
2025-02-20,MSFT,0
2025-02-20,NFLX,0
2025-02-20,NVDA,0
2025-02-20,SPY,0
2025-02-20,TSLA,1
2025-02-21,AAPL,0
2025-02-21,AMD,0
2025-02-21,AMZN,1
2025-02-21,AVGO,0
2025-02-21,GOOGL,1
2025-02-21,META,0
2025-02-21,MSFT,0
2025-02-21,NFLX,0
2025-02-21,NVDA,0
2025-02-21,SPY,0
2025-02-21,TSLA,1
2025-02-24,AAPL,0
2025-02-24,AMD,1
2025-02-24,AMZN,1
2025-02-24,AVGO,1
2025-02-24,GOOGL,1
2025-02-24,META,1
2025-02-24,MSFT,1
2025-02-24,NFLX,0
2025-02-24,NVDA,0
2025-02-24,SPY,0
2025-02-24,TSLA,1
2025-02-25,AAPL,0
2025-02-25,AMD,1
2025-02-25,AMZN,1
2025-02-25,AVGO,1
2025-02-25,GOOGL,1
2025-02-25,META,1
2025-02-25,MSFT,1
2025-02-25,NFLX,0
2025-02-25,NVDA,1
2025-02-25,SPY,0
2025-02-25,TSLA,1
2025-02-26,AAPL,0
2025-02-26,AMD,1
2025-02-26,AMZN,1
2025-02-26,AVGO,1
2025-02-26,GOOGL,1
2025-02-26,META,0
2025-02-26,MSFT,0
2025-02-26,NFLX,0
2025-02-26,NVDA,0
2025-02-26,SPY,0
2025-02-26,TSLA,1
2025-02-27,AAPL,0
2025-02-27,AMD,1
2025-02-27,AMZN,1
2025-02-27,AVGO,1
2025-02-27,GOOGL,1
2025-02-27,META,1
2025-02-27,MSFT,0
2025-02-27,NFLX,0
2025-02-27,NVDA,1
2025-02-27,SPY,0
2025-02-27,TSLA,1
2025-02-28,AAPL,0
2025-02-28,AMD,1
2025-02-28,AMZN,1
2025-02-28,AVGO,1
2025-02-28,GOOGL,1
2025-02-28,META,1
2025-02-28,MSFT,0
2025-02-28,NFLX,0
2025-02-28,NVDA,1
2025-02-28,SPY,0
2025-02-28,TSLA,1
2025-03-03,AAPL,0
2025-03-03,AMD,1
2025-03-03,AMZN,1
2025-03-03,AVGO,1
2025-03-03,GOOGL,1
2025-03-03,META,1
2025-03-03,MSFT,0
2025-03-03,NFLX,0
2025-03-03,NVDA,1
2025-03-03,SPY,0
2025-03-03,TSLA,1
2025-03-04,AAPL,0
2025-03-04,AMD,1
2025-03-04,AMZN,1
2025-03-04,AVGO,1
2025-03-04,GOOGL,1
2025-03-04,META,1
2025-03-04,MSFT,0
2025-03-04,NFLX,0
2025-03-04,NVDA,1
2025-03-04,SPY,0
2025-03-04,TSLA,1
2025-03-05,AAPL,0
2025-03-05,AMD,1
2025-03-05,AMZN,1
2025-03-05,AVGO,1
2025-03-05,GOOGL,1
2025-03-05,META,1
2025-03-05,MSFT,0
2025-03-05,NFLX,0
2025-03-05,NVDA,1
2025-03-05,SPY,0
2025-03-05,TSLA,1
2025-03-06,AAPL,0
2025-03-06,AMD,1
2025-03-06,AMZN,1
2025-03-06,AVGO,1
2025-03-06,GOOGL,0
2025-03-06,META,1
2025-03-06,MSFT,0
2025-03-06,NFLX,1
2025-03-06,NVDA,1
2025-03-06,SPY,0
2025-03-06,TSLA,1
2025-03-07,AAPL,0
2025-03-07,AMD,1
2025-03-07,AMZN,1
2025-03-07,AVGO,1
2025-03-07,GOOGL,0
2025-03-07,META,1
2025-03-07,MSFT,0
2025-03-07,NFLX,1
2025-03-07,NVDA,1
2025-03-07,SPY,0
2025-03-07,TSLA,0
2025-03-10,AAPL,0
2025-03-10,AMD,1
2025-03-10,AMZN,1
2025-03-10,AVGO,1
2025-03-10,GOOGL,1
2025-03-10,META,1
2025-03-10,MSFT,0
2025-03-10,NFLX,1
2025-03-10,NVDA,1
2025-03-10,SPY,0
2025-03-10,TSLA,1
2025-03-11,AAPL,1
2025-03-11,AMD,1
2025-03-11,AMZN,1
2025-03-11,AVGO,1
2025-03-11,GOOGL,1
2025-03-11,META,1
2025-03-11,MSFT,0
2025-03-11,NFLX,1
2025-03-11,NVDA,1
2025-03-11,SPY,1
2025-03-11,TSLA,1
2025-03-12,AAPL,1
2025-03-12,AMD,1
2025-03-12,AMZN,1
2025-03-12,AVGO,1
2025-03-12,GOOGL,1
2025-03-12,META,1
2025-03-12,MSFT,0
2025-03-12,NFLX,1
2025-03-12,NVDA,1
2025-03-12,SPY,0
2025-03-12,TSLA,1
2025-03-13,AAPL,1
2025-03-13,AMD,1
2025-03-13,AMZN,1
2025-03-13,AVGO,1
2025-03-13,GOOGL,1
2025-03-13,META,1
2025-03-13,MSFT,0
2025-03-13,NFLX,1
2025-03-13,NVDA,1
2025-03-13,SPY,1
2025-03-13,TSLA,1
2025-03-14,AAPL,1
2025-03-14,AMD,1
2025-03-14,AMZN,1
2025-03-14,AVGO,1
2025-03-14,GOOGL,1
2025-03-14,META,1
2025-03-14,MSFT,0
2025-03-14,NFLX,1
2025-03-14,NVDA,1
2025-03-14,SPY,0
2025-03-14,TSLA,1
2025-03-17,AAPL,1
2025-03-17,AMD,0
2025-03-17,AMZN,1
2025-03-17,AVGO,1
2025-03-17,GOOGL,1
2025-03-17,META,1
2025-03-17,MSFT,0
2025-03-17,NFLX,0
2025-03-17,NVDA,1
2025-03-17,SPY,0
2025-03-17,TSLA,1
2025-03-18,AAPL,1
2025-03-18,AMD,1
2025-03-18,AMZN,1
2025-03-18,AVGO,1
2025-03-18,GOOGL,1
2025-03-18,META,1
2025-03-18,MSFT,0
2025-03-18,NFLX,1
2025-03-18,NVDA,1
2025-03-18,SPY,0
2025-03-18,TSLA,1
2025-03-19,AAPL,1
2025-03-19,AMD,0
2025-03-19,AMZN,1
2025-03-19,AVGO,1
2025-03-19,GOOGL,0
2025-03-19,META,1
2025-03-19,MSFT,0
2025-03-19,NFLX,0
2025-03-19,NVDA,1
2025-03-19,SPY,0
2025-03-19,TSLA,1
2025-03-20,AAPL,1
2025-03-20,AMD,0
2025-03-20,AMZN,0
2025-03-20,AVGO,1
2025-03-20,GOOGL,0
2025-03-20,META,1
2025-03-20,MSFT,0
2025-03-20,NFLX,0
2025-03-20,NVDA,1
2025-03-20,SPY,0
2025-03-20,TSLA,1
2025-03-21,AAPL,1
2025-03-21,AMD,0
2025-03-21,AMZN,0
2025-03-21,AVGO,1
2025-03-21,GOOGL,0
2025-03-21,META,1
2025-03-21,MSFT,0
2025-03-21,NFLX,0
2025-03-21,NVDA,1
2025-03-21,SPY,0
2025-03-21,TSLA,1
2025-03-24,AAPL,0
2025-03-24,AMD,0
2025-03-24,AMZN,0
2025-03-24,AVGO,1
2025-03-24,GOOGL,0
2025-03-24,META,0
2025-03-24,MSFT,0
2025-03-24,NFLX,0
2025-03-24,NVDA,0
2025-03-24,SPY,0
2025-03-24,TSLA,0
2025-03-25,AAPL,0
2025-03-25,AMD,0
2025-03-25,AMZN,0
2025-03-25,AVGO,0
2025-03-25,GOOGL,0
2025-03-25,META,0
2025-03-25,MSFT,0
2025-03-25,NFLX,0
2025-03-25,NVDA,0
2025-03-25,SPY,0
2025-03-25,TSLA,0
2025-03-26,AAPL,0
2025-03-26,AMD,0
2025-03-26,AMZN,0
2025-03-26,AVGO,1
2025-03-26,GOOGL,0
2025-03-26,META,0
2025-03-26,MSFT,0
2025-03-26,NFLX,0
2025-03-26,NVDA,0
2025-03-26,SPY,0
2025-03-26,TSLA,0
2025-03-27,AAPL,0
2025-03-27,AMD,0
2025-03-27,AMZN,0
2025-03-27,AVGO,1
2025-03-27,GOOGL,0
2025-03-27,META,0
2025-03-27,MSFT,0
2025-03-27,NFLX,0
2025-03-27,NVDA,0
2025-03-27,SPY,0
2025-03-27,TSLA,0
2025-03-28,AAPL,0
2025-03-28,AMD,1
2025-03-28,AMZN,0
2025-03-28,AVGO,1
2025-03-28,GOOGL,1
2025-03-28,META,1
2025-03-28,MSFT,0
2025-03-28,NFLX,0
2025-03-28,NVDA,1
2025-03-28,SPY,0
2025-03-28,TSLA,0
2025-03-31,AAPL,0
2025-03-31,AMD,1
2025-03-31,AMZN,0
2025-03-31,AVGO,1
2025-03-31,GOOGL,1
2025-03-31,META,1
2025-03-31,MSFT,0
2025-03-31,NFLX,0
2025-03-31,NVDA,1
2025-03-31,SPY,0
2025-03-31,TSLA,1
2025-04-01,AAPL,0
2025-04-01,AMD,1
2025-04-01,AMZN,0
2025-04-01,AVGO,1
2025-04-01,GOOGL,1
2025-04-01,META,0
2025-04-01,MSFT,0
2025-04-01,NFLX,0
2025-04-01,NVDA,1
2025-04-01,SPY,0
2025-04-01,TSLA,0
2025-04-02,AAPL,0
2025-04-02,AMD,1
2025-04-02,AMZN,0
2025-04-02,AVGO,1
2025-04-02,GOOGL,1
2025-04-02,META,0
2025-04-02,MSFT,0
2025-04-02,NFLX,0
2025-04-02,NVDA,1
2025-04-02,SPY,0
2025-04-02,TSLA,0
2025-04-03,AAPL,1
2025-04-03,AMD,1
2025-04-03,AMZN,1
2025-04-03,AVGO,1
2025-04-03,GOOGL,1
2025-04-03,META,1
2025-04-03,MSFT,0
2025-04-03,NFLX,0
2025-04-03,NVDA,1
2025-04-03,SPY,0
2025-04-03,TSLA,0
2025-04-04,AAPL,1
2025-04-04,AMD,1
2025-04-04,AMZN,1
2025-04-04,AVGO,1
2025-04-04,GOOGL,1
2025-04-04,META,1
2025-04-04,MSFT,0
2025-04-04,NFLX,1
2025-04-04,NVDA,1
2025-04-04,SPY,1
2025-04-04,TSLA,1
2025-04-07,AAPL,1
2025-04-07,AMD,1
2025-04-07,AMZN,1
2025-04-07,AVGO,1
2025-04-07,GOOGL,1
2025-04-07,META,1
2025-04-07,MSFT,1
2025-04-07,NFLX,1
2025-04-07,NVDA,1
2025-04-07,SPY,1
2025-04-07,TSLA,1
2025-04-08,AAPL,1
2025-04-08,AMD,1
2025-04-08,AMZN,1
2025-04-08,AVGO,1
2025-04-08,GOOGL,1
2025-04-08,META,1
2025-04-08,MSFT,1
2025-04-08,NFLX,1
2025-04-08,NVDA,1
2025-04-08,SPY,1
2025-04-08,TSLA,1
2025-04-09,AAPL,1
2025-04-09,AMD,0
2025-04-09,AMZN,0
2025-04-09,AVGO,0
2025-04-09,GOOGL,0
2025-04-09,META,0
2025-04-09,MSFT,0
2025-04-09,NFLX,0
2025-04-09,NVDA,0
2025-04-09,SPY,0
2025-04-09,TSLA,0
2025-04-10,AAPL,1
2025-04-10,AMD,1
2025-04-10,AMZN,1
2025-04-10,AVGO,0
2025-04-10,GOOGL,1
2025-04-10,META,1
2025-04-10,MSFT,0
2025-04-10,NFLX,0
2025-04-10,NVDA,1
2025-04-10,SPY,0
2025-04-10,TSLA,1
2025-04-11,AAPL,1
2025-04-11,AMD,0
2025-04-11,AMZN,1
2025-04-11,AVGO,0
2025-04-11,GOOGL,0
2025-04-11,META,1
2025-04-11,MSFT,0
2025-04-11,NFLX,0
2025-04-11,NVDA,0
2025-04-11,SPY,0
2025-04-11,TSLA,1
2025-04-14,AAPL,1
2025-04-14,AMD,0
2025-04-14,AMZN,1
2025-04-14,AVGO,0
2025-04-14,GOOGL,0
2025-04-14,META,1
2025-04-14,MSFT,0
2025-04-14,NFLX,0
2025-04-14,NVDA,0
2025-04-14,SPY,0
2025-04-14,TSLA,1
2025-04-15,AAPL,1
2025-04-15,AMD,0
2025-04-15,AMZN,1
2025-04-15,AVGO,0
2025-04-15,GOOGL,0
2025-04-15,META,1
2025-04-15,MSFT,0
2025-04-15,NFLX,0
2025-04-15,NVDA,0
2025-04-15,SPY,0
2025-04-15,TSLA,1
2025-04-16,AAPL,1
2025-04-16,AMD,1
2025-04-16,AMZN,1
2025-04-16,AVGO,0
2025-04-16,GOOGL,1
2025-04-16,META,1
2025-04-16,MSFT,0
2025-04-16,NFLX,0
2025-04-16,NVDA,1
2025-04-16,SPY,0
2025-04-16,TSLA,1
2025-04-17,AAPL,1
2025-04-17,AMD,1
2025-04-17,AMZN,1
2025-04-17,AVGO,1
2025-04-17,GOOGL,1
2025-04-17,META,1
2025-04-17,MSFT,0
2025-04-17,NFLX,0
2025-04-17,NVDA,1
2025-04-17,SPY,0
2025-04-17,TSLA,1
2025-04-21,AAPL,1
2025-04-21,AMD,1
2025-04-21,AMZN,1
2025-04-21,AVGO,1
2025-04-21,GOOGL,1
2025-04-21,META,1
2025-04-21,MSFT,1
2025-04-21,NFLX,0
2025-04-21,NVDA,1
2025-04-21,SPY,1
2025-04-21,TSLA,1
2025-04-22,AAPL,1
2025-04-22,AMD,1
2025-04-22,AMZN,1
2025-04-22,AVGO,0
2025-04-22,GOOGL,0
2025-04-22,META,1
2025-04-22,MSFT,0
2025-04-22,NFLX,0
2025-04-22,NVDA,1
2025-04-22,SPY,0
2025-04-22,TSLA,1
2025-04-23,AAPL,0
2025-04-23,AMD,1
2025-04-23,AMZN,1
2025-04-23,AVGO,0
2025-04-23,GOOGL,0
2025-04-23,META,1
2025-04-23,MSFT,0
2025-04-23,NFLX,0
2025-04-23,NVDA,1
2025-04-23,SPY,0
2025-04-23,TSLA,1
2025-04-24,AAPL,0
2025-04-24,AMD,0
2025-04-24,AMZN,0
2025-04-24,AVGO,0
2025-04-24,GOOGL,0
2025-04-24,META,0
2025-04-24,MSFT,0
2025-04-24,NFLX,0
2025-04-24,NVDA,0
2025-04-24,SPY,0
2025-04-24,TSLA,0
2025-04-25,AAPL,0
2025-04-25,AMD,0
2025-04-25,AMZN,0
2025-04-25,AVGO,0
2025-04-25,GOOGL,0
2025-04-25,META,0
2025-04-25,MSFT,0
2025-04-25,NFLX,0
2025-04-25,NVDA,0
2025-04-25,SPY,0
2025-04-25,TSLA,0
2025-04-28,AAPL,0
2025-04-28,AMD,0
2025-04-28,AMZN,0
2025-04-28,AVGO,0
2025-04-28,GOOGL,0
2025-04-28,META,0
2025-04-28,MSFT,0
2025-04-28,NFLX,0
2025-04-28,NVDA,0
2025-04-28,SPY,0
2025-04-28,TSLA,0
2025-04-29,AAPL,0
2025-04-29,AMD,0
2025-04-29,AMZN,0
2025-04-29,AVGO,0
2025-04-29,GOOGL,0
2025-04-29,META,0
2025-04-29,MSFT,0
2025-04-29,NFLX,0
2025-04-29,NVDA,0
2025-04-29,SPY,0
2025-04-29,TSLA,0
2025-04-30,AAPL,0
2025-04-30,AMD,0
2025-04-30,AMZN,0
2025-04-30,AVGO,0
2025-04-30,GOOGL,0
2025-04-30,META,0
2025-04-30,MSFT,0
2025-04-30,NFLX,0
2025-04-30,NVDA,0
2025-04-30,SPY,0
2025-04-30,TSLA,0
2025-05-01,AAPL,0
2025-05-01,AMD,0
2025-05-01,AMZN,0
2025-05-01,AVGO,0
2025-05-01,GOOGL,0
2025-05-01,META,0
2025-05-01,MSFT,0
2025-05-01,NFLX,0
2025-05-01,NVDA,0
2025-05-01,SPY,0
2025-05-01,TSLA,0
2025-05-02,AAPL,0
2025-05-02,AMD,0
2025-05-02,AMZN,0
2025-05-02,AVGO,0
2025-05-02,GOOGL,0
2025-05-02,META,0
2025-05-02,MSFT,0
2025-05-02,NFLX,0
2025-05-02,NVDA,0
2025-05-02,SPY,0
2025-05-02,TSLA,0
2025-05-05,AAPL,0
2025-05-05,AMD,0
2025-05-05,AMZN,0
2025-05-05,AVGO,0
2025-05-05,GOOGL,0
2025-05-05,META,0
2025-05-05,MSFT,0
2025-05-05,NFLX,0
2025-05-05,NVDA,0
2025-05-05,SPY,0
2025-05-05,TSLA,0
2025-05-06,AAPL,0
2025-05-06,AMD,0
2025-05-06,AMZN,0
2025-05-06,AVGO,0
2025-05-06,GOOGL,0
2025-05-06,META,0
2025-05-06,MSFT,0
2025-05-06,NFLX,0
2025-05-06,NVDA,0
2025-05-06,SPY,0
2025-05-06,TSLA,0
2025-05-07,AAPL,0
2025-05-07,AMD,0
2025-05-07,AMZN,0
2025-05-07,AVGO,0
2025-05-07,GOOGL,0
2025-05-07,META,0
2025-05-07,MSFT,0
2025-05-07,NFLX,0
2025-05-07,NVDA,0
2025-05-07,SPY,0
2025-05-07,TSLA,0
2025-05-08,AAPL,0
2025-05-08,AMD,0
2025-05-08,AMZN,0
2025-05-08,AVGO,0
2025-05-08,GOOGL,0
2025-05-08,META,0
2025-05-08,MSFT,0
2025-05-08,NFLX,0
2025-05-08,NVDA,0
2025-05-08,SPY,0
2025-05-08,TSLA,0
2025-05-09,AAPL,0
2025-05-09,AMD,0
2025-05-09,AMZN,0
2025-05-09,AVGO,0
2025-05-09,GOOGL,0
2025-05-09,META,0
2025-05-09,MSFT,0
2025-05-09,NFLX,0
2025-05-09,NVDA,0
2025-05-09,SPY,0
2025-05-09,TSLA,0
2025-05-12,AAPL,0
2025-05-12,AMD,0
2025-05-12,AMZN,0
2025-05-12,AVGO,0
2025-05-12,GOOGL,0
2025-05-12,META,0
2025-05-12,MSFT,0
2025-05-12,NFLX,0
2025-05-12,NVDA,0
2025-05-12,SPY,0
2025-05-12,TSLA,0
2025-05-13,AAPL,0
2025-05-13,AMD,0
2025-05-13,AMZN,0
2025-05-13,AVGO,0
2025-05-13,GOOGL,0
2025-05-13,META,0
2025-05-13,MSFT,0
2025-05-13,NFLX,0
2025-05-13,NVDA,0
2025-05-13,SPY,0
2025-05-13,TSLA,0
2025-05-14,AAPL,0
2025-05-14,AMD,0
2025-05-14,AMZN,0
2025-05-14,AVGO,0
2025-05-14,GOOGL,0
2025-05-14,META,0
2025-05-14,MSFT,0
2025-05-14,NFLX,0
2025-05-14,NVDA,0
2025-05-14,SPY,0
2025-05-14,TSLA,0
2025-05-15,AAPL,0
2025-05-15,AMD,0
2025-05-15,AMZN,0
2025-05-15,AVGO,0
2025-05-15,GOOGL,0
2025-05-15,META,0
2025-05-15,MSFT,0
2025-05-15,NFLX,0
2025-05-15,NVDA,0
2025-05-15,SPY,0
2025-05-15,TSLA,0
2025-05-16,AAPL,0
2025-05-16,AMD,0
2025-05-16,AMZN,0
2025-05-16,AVGO,0
2025-05-16,GOOGL,0
2025-05-16,META,0
2025-05-16,MSFT,0
2025-05-16,NFLX,0
2025-05-16,NVDA,0
2025-05-16,SPY,0
2025-05-16,TSLA,0
2025-05-19,AAPL,0
2025-05-19,AMD,0
2025-05-19,AMZN,0
2025-05-19,AVGO,0
2025-05-19,GOOGL,0
2025-05-19,META,0
2025-05-19,MSFT,0
2025-05-19,NFLX,0
2025-05-19,NVDA,0
2025-05-19,SPY,0
2025-05-19,TSLA,0
2025-05-20,AAPL,0
2025-05-20,AMD,0
2025-05-20,AMZN,0
2025-05-20,AVGO,0
2025-05-20,GOOGL,0
2025-05-20,META,0
2025-05-20,MSFT,0
2025-05-20,NFLX,0
2025-05-20,NVDA,0
2025-05-20,SPY,0
2025-05-20,TSLA,0
2025-05-21,AAPL,0
2025-05-21,AMD,0
2025-05-21,AMZN,0
2025-05-21,AVGO,0
2025-05-21,GOOGL,0
2025-05-21,META,0
2025-05-21,MSFT,0
2025-05-21,NFLX,0
2025-05-21,NVDA,0
2025-05-21,SPY,0
2025-05-21,TSLA,0
2025-05-22,AAPL,0
2025-05-22,AMD,0
2025-05-22,AMZN,0
2025-05-22,AVGO,0
2025-05-22,GOOGL,0
2025-05-22,META,0
2025-05-22,MSFT,0
2025-05-22,NFLX,0
2025-05-22,NVDA,0
2025-05-22,SPY,0
2025-05-22,TSLA,0
2025-05-23,AAPL,0
2025-05-23,AMD,0
2025-05-23,AMZN,0
2025-05-23,AVGO,0
2025-05-23,GOOGL,0
2025-05-23,META,0
2025-05-23,MSFT,0
2025-05-23,NFLX,0
2025-05-23,NVDA,0
2025-05-23,SPY,0
2025-05-23,TSLA,0
2025-05-27,AAPL,0
2025-05-27,AMD,0
2025-05-27,AMZN,0
2025-05-27,AVGO,0
2025-05-27,GOOGL,0
2025-05-27,META,0
2025-05-27,MSFT,0
2025-05-27,NFLX,0
2025-05-27,NVDA,0
2025-05-27,SPY,0
2025-05-27,TSLA,0
2025-05-28,AAPL,0
2025-05-28,AMD,0
2025-05-28,AMZN,0
2025-05-28,AVGO,0
2025-05-28,GOOGL,0
2025-05-28,META,0
2025-05-28,MSFT,0
2025-05-28,NFLX,0
2025-05-28,NVDA,0
2025-05-28,SPY,0
2025-05-28,TSLA,0
2025-05-29,AAPL,0
2025-05-29,AMD,0
2025-05-29,AMZN,0
2025-05-29,AVGO,0
2025-05-29,GOOGL,0
2025-05-29,META,0
2025-05-29,MSFT,0
2025-05-29,NFLX,0
2025-05-29,NVDA,0
2025-05-29,SPY,0
2025-05-29,TSLA,0
2025-05-30,AAPL,0
2025-05-30,AMD,0
2025-05-30,AMZN,0
2025-05-30,AVGO,0
2025-05-30,GOOGL,0
2025-05-30,META,0
2025-05-30,MSFT,0
2025-05-30,NFLX,0
2025-05-30,NVDA,0
2025-05-30,SPY,0
2025-05-30,TSLA,0
2025-06-02,AAPL,0
2025-06-02,AMD,0
2025-06-02,AMZN,0
2025-06-02,AVGO,0
2025-06-02,GOOGL,0
2025-06-02,META,0
2025-06-02,MSFT,0
2025-06-02,NFLX,0
2025-06-02,NVDA,0
2025-06-02,SPY,0
2025-06-02,TSLA,0
2025-06-03,AAPL,0
2025-06-03,AMD,0
2025-06-03,AMZN,0
2025-06-03,AVGO,0
2025-06-03,GOOGL,0
2025-06-03,META,0
2025-06-03,MSFT,0
2025-06-03,NFLX,0
2025-06-03,NVDA,0
2025-06-03,SPY,0
2025-06-03,TSLA,0
2025-06-04,AAPL,0
2025-06-04,AMD,0
2025-06-04,AMZN,0
2025-06-04,AVGO,0
2025-06-04,GOOGL,0
2025-06-04,META,0
2025-06-04,MSFT,0
2025-06-04,NFLX,0
2025-06-04,NVDA,0
2025-06-04,SPY,0
2025-06-04,TSLA,0
2025-06-05,AAPL,0
2025-06-05,AMD,0
2025-06-05,AMZN,0
2025-06-05,AVGO,0
2025-06-05,GOOGL,0
2025-06-05,META,0
2025-06-05,MSFT,0
2025-06-05,NFLX,0
2025-06-05,NVDA,0
2025-06-05,SPY,0
2025-06-05,TSLA,1
2025-06-06,AAPL,0
2025-06-06,AMD,0
2025-06-06,AMZN,0
2025-06-06,AVGO,0
2025-06-06,GOOGL,0
2025-06-06,META,0
2025-06-06,MSFT,0
2025-06-06,NFLX,0
2025-06-06,NVDA,0
2025-06-06,SPY,0
2025-06-06,TSLA,1
2025-06-09,AAPL,0
2025-06-09,AMD,0
2025-06-09,AMZN,0
2025-06-09,AVGO,0
2025-06-09,GOOGL,0
2025-06-09,META,0
2025-06-09,MSFT,0
2025-06-09,NFLX,0
2025-06-09,NVDA,0
2025-06-09,SPY,0
2025-06-09,TSLA,1
2025-06-10,AAPL,0
2025-06-10,AMD,0
2025-06-10,AMZN,0
2025-06-10,AVGO,0
2025-06-10,GOOGL,0
2025-06-10,META,0
2025-06-10,MSFT,0
2025-06-10,NFLX,0
2025-06-10,NVDA,0
2025-06-10,SPY,0
2025-06-10,TSLA,1
2025-06-11,AAPL,0
2025-06-11,AMD,0
2025-06-11,AMZN,0
2025-06-11,AVGO,0
2025-06-11,GOOGL,0
2025-06-11,META,0
2025-06-11,MSFT,0
2025-06-11,NFLX,0
2025-06-11,NVDA,0
2025-06-11,SPY,0
2025-06-11,TSLA,1
2025-06-12,AAPL,0
2025-06-12,AMD,0
2025-06-12,AMZN,0
2025-06-12,AVGO,0
2025-06-12,GOOGL,0
2025-06-12,META,0
2025-06-12,MSFT,0
2025-06-12,NFLX,0
2025-06-12,NVDA,0
2025-06-12,SPY,0
2025-06-12,TSLA,1
2025-06-13,AAPL,0
2025-06-13,AMD,0
2025-06-13,AMZN,0
2025-06-13,AVGO,0
2025-06-13,GOOGL,0
2025-06-13,META,0
2025-06-13,MSFT,0
2025-06-13,NFLX,0
2025-06-13,NVDA,0
2025-06-13,SPY,0
2025-06-13,TSLA,1
2025-06-16,AAPL,0
2025-06-16,AMD,0
2025-06-16,AMZN,0
2025-06-16,AVGO,0
2025-06-16,GOOGL,0
2025-06-16,META,0
2025-06-16,MSFT,0
2025-06-16,NFLX,0
2025-06-16,NVDA,0
2025-06-16,SPY,0
2025-06-16,TSLA,1
2025-06-17,AAPL,0
2025-06-17,AMD,0
2025-06-17,AMZN,0
2025-06-17,AVGO,0
2025-06-17,GOOGL,0
2025-06-17,META,0
2025-06-17,MSFT,0
2025-06-17,NFLX,0
2025-06-17,NVDA,0
2025-06-17,SPY,0
2025-06-17,TSLA,1
2025-06-18,AAPL,0
2025-06-18,AMD,0
2025-06-18,AMZN,0
2025-06-18,AVGO,0
2025-06-18,GOOGL,0
2025-06-18,META,0
2025-06-18,MSFT,0
2025-06-18,NFLX,0
2025-06-18,NVDA,0
2025-06-18,SPY,0
2025-06-18,TSLA,1
2025-06-20,AAPL,0
2025-06-20,AMD,0
2025-06-20,AMZN,0
2025-06-20,AVGO,0
2025-06-20,GOOGL,0
2025-06-20,META,0
2025-06-20,MSFT,0
2025-06-20,NFLX,0
2025-06-20,NVDA,0
2025-06-20,SPY,0
2025-06-20,TSLA,1
2025-06-23,AAPL,0
2025-06-23,AMD,0
2025-06-23,AMZN,0
2025-06-23,AVGO,0
2025-06-23,GOOGL,0
2025-06-23,META,0
2025-06-23,MSFT,0
2025-06-23,NFLX,0
2025-06-23,NVDA,0
2025-06-23,SPY,0
2025-06-23,TSLA,0
2025-06-24,AAPL,0
2025-06-24,AMD,0
2025-06-24,AMZN,0
2025-06-24,AVGO,0
2025-06-24,GOOGL,0
2025-06-24,META,0
2025-06-24,MSFT,0
2025-06-24,NFLX,0
2025-06-24,NVDA,0
2025-06-24,SPY,0
2025-06-24,TSLA,0
2025-06-25,AAPL,0
2025-06-25,AMD,0
2025-06-25,AMZN,0
2025-06-25,AVGO,0
2025-06-25,GOOGL,0
2025-06-25,META,0
2025-06-25,MSFT,0
2025-06-25,NFLX,0
2025-06-25,NVDA,0
2025-06-25,SPY,0
2025-06-25,TSLA,0
2025-06-26,AAPL,0
2025-06-26,AMD,0
2025-06-26,AMZN,0
2025-06-26,AVGO,0
2025-06-26,GOOGL,0
2025-06-26,META,0
2025-06-26,MSFT,0
2025-06-26,NFLX,0
2025-06-26,NVDA,0
2025-06-26,SPY,0
2025-06-26,TSLA,0
2025-06-27,AAPL,0
2025-06-27,AMD,0
2025-06-27,AMZN,0
2025-06-27,AVGO,0
2025-06-27,GOOGL,0
2025-06-27,META,0
2025-06-27,MSFT,0
2025-06-27,NFLX,0
2025-06-27,NVDA,0
2025-06-27,SPY,0
2025-06-27,TSLA,0
2025-06-30,AAPL,0
2025-06-30,AMD,0
2025-06-30,AMZN,0
2025-06-30,AVGO,0
2025-06-30,GOOGL,0
2025-06-30,META,0
2025-06-30,MSFT,0
2025-06-30,NFLX,0
2025-06-30,NVDA,0
2025-06-30,SPY,0
2025-06-30,TSLA,0
2025-07-01,AAPL,0
2025-07-01,AMD,0
2025-07-01,AMZN,0
2025-07-01,AVGO,0
2025-07-01,GOOGL,0
2025-07-01,META,0
2025-07-01,MSFT,0
2025-07-01,NFLX,0
2025-07-01,NVDA,0
2025-07-01,SPY,0
2025-07-01,TSLA,1
2025-07-02,AAPL,0
2025-07-02,AMD,0
2025-07-02,AMZN,0
2025-07-02,AVGO,0
2025-07-02,GOOGL,0
2025-07-02,META,0
2025-07-02,MSFT,0
2025-07-02,NFLX,0
2025-07-02,NVDA,0
2025-07-02,SPY,0
2025-07-02,TSLA,1
2025-07-03,AAPL,0
2025-07-03,AMD,0
2025-07-03,AMZN,0
2025-07-03,AVGO,0
2025-07-03,GOOGL,0
2025-07-03,META,0
2025-07-03,MSFT,0
2025-07-03,NFLX,0
2025-07-03,NVDA,0
2025-07-03,SPY,0
2025-07-03,TSLA,1
2025-07-07,AAPL,0
2025-07-07,AMD,0
2025-07-07,AMZN,0
2025-07-07,AVGO,0
2025-07-07,GOOGL,0
2025-07-07,META,0
2025-07-07,MSFT,0
2025-07-07,NFLX,0
2025-07-07,NVDA,0
2025-07-07,SPY,0
2025-07-07,TSLA,1
2025-07-08,AAPL,0
2025-07-08,AMD,0
2025-07-08,AMZN,0
2025-07-08,AVGO,0
2025-07-08,GOOGL,0
2025-07-08,META,0
2025-07-08,MSFT,0
2025-07-08,NFLX,0
2025-07-08,NVDA,0
2025-07-08,SPY,0
2025-07-08,TSLA,1
2025-07-09,AAPL,0
2025-07-09,AMD,0
2025-07-09,AMZN,0
2025-07-09,AVGO,0
2025-07-09,GOOGL,0
2025-07-09,META,0
2025-07-09,MSFT,0
2025-07-09,NFLX,0
2025-07-09,NVDA,0
2025-07-09,SPY,0
2025-07-09,TSLA,1
2025-07-10,AAPL,0
2025-07-10,AMD,0
2025-07-10,AMZN,0
2025-07-10,AVGO,0
2025-07-10,GOOGL,0
2025-07-10,META,0
2025-07-10,MSFT,0
2025-07-10,NFLX,0
2025-07-10,NVDA,0
2025-07-10,SPY,0
2025-07-10,TSLA,1
2025-07-11,AAPL,0
2025-07-11,AMD,0
2025-07-11,AMZN,0
2025-07-11,AVGO,0
2025-07-11,GOOGL,0
2025-07-11,META,0
2025-07-11,MSFT,0
2025-07-11,NFLX,0
2025-07-11,NVDA,0
2025-07-11,SPY,0
2025-07-11,TSLA,1
2025-07-14,AAPL,0
2025-07-14,AMD,0
2025-07-14,AMZN,0
2025-07-14,AVGO,0
2025-07-14,GOOGL,0
2025-07-14,META,0
2025-07-14,MSFT,0
2025-07-14,NFLX,0
2025-07-14,NVDA,0
2025-07-14,SPY,0
2025-07-14,TSLA,1
2025-07-15,AAPL,0
2025-07-15,AMD,0
2025-07-15,AMZN,0
2025-07-15,AVGO,0
2025-07-15,GOOGL,0
2025-07-15,META,0
2025-07-15,MSFT,0
2025-07-15,NFLX,0
2025-07-15,NVDA,0
2025-07-15,SPY,0
2025-07-15,TSLA,1
2025-07-16,AAPL,0
2025-07-16,AMD,0
2025-07-16,AMZN,0
2025-07-16,AVGO,0
2025-07-16,GOOGL,0
2025-07-16,META,0
2025-07-16,MSFT,0
2025-07-16,NFLX,0
2025-07-16,NVDA,0
2025-07-16,SPY,0
2025-07-16,TSLA,0
2025-07-17,AAPL,0
2025-07-17,AMD,0
2025-07-17,AMZN,0
2025-07-17,AVGO,0
2025-07-17,GOOGL,0
2025-07-17,META,0
2025-07-17,MSFT,0
2025-07-17,NFLX,0
2025-07-17,NVDA,0
2025-07-17,SPY,0
2025-07-17,TSLA,0
2025-07-18,AAPL,0
2025-07-18,AMD,0
2025-07-18,AMZN,0
2025-07-18,AVGO,0
2025-07-18,GOOGL,0
2025-07-18,META,0
2025-07-18,MSFT,0
2025-07-18,NFLX,1
2025-07-18,NVDA,0
2025-07-18,SPY,0
2025-07-18,TSLA,0
2025-07-21,AAPL,0
2025-07-21,AMD,0
2025-07-21,AMZN,0
2025-07-21,AVGO,0
2025-07-21,GOOGL,0
2025-07-21,META,0
2025-07-21,MSFT,0
2025-07-21,NFLX,0
2025-07-21,NVDA,0
2025-07-21,SPY,0
2025-07-21,TSLA,0
2025-07-22,AAPL,0
2025-07-22,AMD,0
2025-07-22,AMZN,0
2025-07-22,AVGO,0
2025-07-22,GOOGL,0
2025-07-22,META,0
2025-07-22,MSFT,0
2025-07-22,NFLX,1
2025-07-22,NVDA,0
2025-07-22,SPY,0
2025-07-22,TSLA,0
2025-07-23,AAPL,0
2025-07-23,AMD,0
2025-07-23,AMZN,0
2025-07-23,AVGO,0
2025-07-23,GOOGL,0
2025-07-23,META,0
2025-07-23,MSFT,0
2025-07-23,NFLX,1
2025-07-23,NVDA,0
2025-07-23,SPY,0
2025-07-23,TSLA,0
2025-07-24,AAPL,0
2025-07-24,AMD,0
2025-07-24,AMZN,0
2025-07-24,AVGO,0
2025-07-24,GOOGL,0
2025-07-24,META,0
2025-07-24,MSFT,0
2025-07-24,NFLX,1
2025-07-24,NVDA,0
2025-07-24,SPY,0
2025-07-24,TSLA,0
2025-07-25,AAPL,0
2025-07-25,AMD,0
2025-07-25,AMZN,0
2025-07-25,AVGO,0
2025-07-25,GOOGL,0
2025-07-25,META,0
2025-07-25,MSFT,0
2025-07-25,NFLX,1
2025-07-25,NVDA,0
2025-07-25,SPY,0
2025-07-25,TSLA,0
2025-07-28,AAPL,0
2025-07-28,AMD,0
2025-07-28,AMZN,0
2025-07-28,AVGO,0
2025-07-28,GOOGL,0
2025-07-28,META,0
2025-07-28,MSFT,0
2025-07-28,NFLX,1
2025-07-28,NVDA,0
2025-07-28,SPY,0
2025-07-28,TSLA,0
2025-07-29,AAPL,0
2025-07-29,AMD,0
2025-07-29,AMZN,0
2025-07-29,AVGO,0
2025-07-29,GOOGL,0
2025-07-29,META,0
2025-07-29,MSFT,0
2025-07-29,NFLX,1
2025-07-29,NVDA,0
2025-07-29,SPY,0
2025-07-29,TSLA,0
2025-07-30,AAPL,0
2025-07-30,AMD,0
2025-07-30,AMZN,0
2025-07-30,AVGO,0
2025-07-30,GOOGL,0
2025-07-30,META,1
2025-07-30,MSFT,0
2025-07-30,NFLX,0
2025-07-30,NVDA,0
2025-07-30,SPY,0
2025-07-30,TSLA,0
2025-07-31,AAPL,0
2025-07-31,AMD,0
2025-07-31,AMZN,0
2025-07-31,AVGO,0
2025-07-31,GOOGL,0
2025-07-31,META,0
2025-07-31,MSFT,0
2025-07-31,NFLX,1
2025-07-31,NVDA,0
2025-07-31,SPY,0
2025-07-31,TSLA,0
2025-08-01,AAPL,0
2025-08-01,AMD,0
2025-08-01,AMZN,0
2025-08-01,AVGO,0
2025-08-01,GOOGL,0
2025-08-01,META,0
2025-08-01,MSFT,0
2025-08-01,NFLX,1
2025-08-01,NVDA,0
2025-08-01,SPY,0
2025-08-01,TSLA,0
2025-08-04,AAPL,0
2025-08-04,AMD,0
2025-08-04,AMZN,1
2025-08-04,AVGO,0
2025-08-04,GOOGL,0
2025-08-04,META,0
2025-08-04,MSFT,0
2025-08-04,NFLX,1
2025-08-04,NVDA,0
2025-08-04,SPY,0
2025-08-04,TSLA,0
2025-08-05,AAPL,0
2025-08-05,AMD,0
2025-08-05,AMZN,0
2025-08-05,AVGO,0
2025-08-05,GOOGL,0
2025-08-05,META,0
2025-08-05,MSFT,0
2025-08-05,NFLX,1
2025-08-05,NVDA,0
2025-08-05,SPY,0
2025-08-05,TSLA,0
2025-08-06,AAPL,0
2025-08-06,AMD,1
2025-08-06,AMZN,0
2025-08-06,AVGO,0
2025-08-06,GOOGL,0
2025-08-06,META,0
2025-08-06,MSFT,0
2025-08-06,NFLX,0
2025-08-06,NVDA,0
2025-08-06,SPY,0
2025-08-06,TSLA,0
2025-08-07,AAPL,0
2025-08-07,AMD,0
2025-08-07,AMZN,0
2025-08-07,AVGO,0
2025-08-07,GOOGL,0
2025-08-07,META,0
2025-08-07,MSFT,0
2025-08-07,NFLX,0
2025-08-07,NVDA,0
2025-08-07,SPY,0
2025-08-07,TSLA,0
2025-08-08,AAPL,0
2025-08-08,AMD,0
2025-08-08,AMZN,0
2025-08-08,AVGO,0
2025-08-08,GOOGL,0
2025-08-08,META,0
2025-08-08,MSFT,0
2025-08-08,NFLX,0
2025-08-08,NVDA,0
2025-08-08,SPY,0
2025-08-08,TSLA,0
2025-08-11,AAPL,0
2025-08-11,AMD,0
2025-08-11,AMZN,0
2025-08-11,AVGO,0
2025-08-11,GOOGL,0
2025-08-11,META,0
2025-08-11,MSFT,0
2025-08-11,NFLX,0
2025-08-11,NVDA,0
2025-08-11,SPY,0
2025-08-11,TSLA,0
2025-08-12,AAPL,0
2025-08-12,AMD,0
2025-08-12,AMZN,0
2025-08-12,AVGO,0
2025-08-12,GOOGL,0
2025-08-12,META,0
2025-08-12,MSFT,0
2025-08-12,NFLX,0
2025-08-12,NVDA,0
2025-08-12,SPY,0
2025-08-12,TSLA,0
2025-08-13,AAPL,0
2025-08-13,AMD,0
2025-08-13,AMZN,0
2025-08-13,AVGO,0
2025-08-13,GOOGL,0
2025-08-13,META,0
2025-08-13,MSFT,0
2025-08-13,NFLX,0
2025-08-13,NVDA,0
2025-08-13,SPY,0
2025-08-13,TSLA,0
2025-08-14,AAPL,0
2025-08-14,AMD,0
2025-08-14,AMZN,0
2025-08-14,AVGO,0
2025-08-14,GOOGL,0
2025-08-14,META,0
2025-08-14,MSFT,0
2025-08-14,NFLX,0
2025-08-14,NVDA,0
2025-08-14,SPY,0
2025-08-14,TSLA,0
2025-08-15,AAPL,0
2025-08-15,AMD,0
2025-08-15,AMZN,0
2025-08-15,AVGO,0
2025-08-15,GOOGL,0
2025-08-15,META,0
2025-08-15,MSFT,0
2025-08-15,NFLX,0
2025-08-15,NVDA,0
2025-08-15,SPY,0
2025-08-15,TSLA,0
2025-08-18,AAPL,0
2025-08-18,AMD,0
2025-08-18,AMZN,0
2025-08-18,AVGO,0
2025-08-18,GOOGL,0
2025-08-18,META,0
2025-08-18,MSFT,0
2025-08-18,NFLX,0
2025-08-18,NVDA,0
2025-08-18,SPY,0
2025-08-18,TSLA,0
2025-08-19,AAPL,0
2025-08-19,AMD,1
2025-08-19,AMZN,0
2025-08-19,AVGO,0
2025-08-19,GOOGL,0
2025-08-19,META,0
2025-08-19,MSFT,0
2025-08-19,NFLX,0
2025-08-19,NVDA,0
2025-08-19,SPY,0
2025-08-19,TSLA,0
2025-08-20,AAPL,0
2025-08-20,AMD,1
2025-08-20,AMZN,0
2025-08-20,AVGO,0
2025-08-20,GOOGL,0
2025-08-20,META,0
2025-08-20,MSFT,0
2025-08-20,NFLX,0
2025-08-20,NVDA,0
2025-08-20,SPY,0
2025-08-20,TSLA,0
2025-08-21,AAPL,0
2025-08-21,AMD,1
2025-08-21,AMZN,0
2025-08-21,AVGO,0
2025-08-21,GOOGL,0
2025-08-21,META,0
2025-08-21,MSFT,0
2025-08-21,NFLX,0
2025-08-21,NVDA,0
2025-08-21,SPY,0
2025-08-21,TSLA,0
2025-08-22,AAPL,0
2025-08-22,AMD,0
2025-08-22,AMZN,0
2025-08-22,AVGO,0
2025-08-22,GOOGL,0
2025-08-22,META,0
2025-08-22,MSFT,0
2025-08-22,NFLX,0
2025-08-22,NVDA,0
2025-08-22,SPY,0
2025-08-22,TSLA,0
2025-08-25,AAPL,0
2025-08-25,AMD,1
2025-08-25,AMZN,0
2025-08-25,AVGO,0
2025-08-25,GOOGL,0
2025-08-25,META,0
2025-08-25,MSFT,0
2025-08-25,NFLX,0
2025-08-25,NVDA,0
2025-08-25,SPY,0
2025-08-25,TSLA,0
2025-08-26,AAPL,0
2025-08-26,AMD,1
2025-08-26,AMZN,0
2025-08-26,AVGO,0
2025-08-26,GOOGL,0
2025-08-26,META,0
2025-08-26,MSFT,0
2025-08-26,NFLX,0
2025-08-26,NVDA,0
2025-08-26,SPY,0
2025-08-26,TSLA,0
2025-08-27,AAPL,0
2025-08-27,AMD,1
2025-08-27,AMZN,0
2025-08-27,AVGO,0
2025-08-27,GOOGL,0
2025-08-27,META,0
2025-08-27,MSFT,0
2025-08-27,NFLX,0
2025-08-27,NVDA,0
2025-08-27,SPY,0
2025-08-27,TSLA,0
2025-08-28,AAPL,0
2025-08-28,AMD,0
2025-08-28,AMZN,0
2025-08-28,AVGO,0
2025-08-28,GOOGL,0
2025-08-28,META,0
2025-08-28,MSFT,0
2025-08-28,NFLX,0
2025-08-28,NVDA,0
2025-08-28,SPY,0
2025-08-28,TSLA,0
2025-08-29,AAPL,0
2025-08-29,AMD,1
2025-08-29,AMZN,0
2025-08-29,AVGO,0
2025-08-29,GOOGL,0
2025-08-29,META,0
2025-08-29,MSFT,0
2025-08-29,NFLX,0
2025-08-29,NVDA,0
2025-08-29,SPY,0
2025-08-29,TSLA,0
2025-09-02,AAPL,0
2025-09-02,AMD,1
2025-09-02,AMZN,0
2025-09-02,AVGO,0
2025-09-02,GOOGL,0
2025-09-02,META,0
2025-09-02,MSFT,0
2025-09-02,NFLX,0
2025-09-02,NVDA,0
2025-09-02,SPY,0
2025-09-02,TSLA,0
2025-09-03,AAPL,0
2025-09-03,AMD,1
2025-09-03,AMZN,0
2025-09-03,AVGO,0
2025-09-03,GOOGL,0
2025-09-03,META,0
2025-09-03,MSFT,0
2025-09-03,NFLX,0
2025-09-03,NVDA,0
2025-09-03,SPY,0
2025-09-03,TSLA,0
2025-09-04,AAPL,0
2025-09-04,AMD,1
2025-09-04,AMZN,0
2025-09-04,AVGO,0
2025-09-04,GOOGL,0
2025-09-04,META,0
2025-09-04,MSFT,0
2025-09-04,NFLX,0
2025-09-04,NVDA,0
2025-09-04,SPY,0
2025-09-04,TSLA,0
2025-09-05,AAPL,0
2025-09-05,AMD,1
2025-09-05,AMZN,0
2025-09-05,AVGO,0
2025-09-05,GOOGL,0
2025-09-05,META,0
2025-09-05,MSFT,0
2025-09-05,NFLX,0
2025-09-05,NVDA,0
2025-09-05,SPY,0
2025-09-05,TSLA,0
2025-09-08,AAPL,0
2025-09-08,AMD,1
2025-09-08,AMZN,0
2025-09-08,AVGO,0
2025-09-08,GOOGL,0
2025-09-08,META,0
2025-09-08,MSFT,0
2025-09-08,NFLX,0
2025-09-08,NVDA,0
2025-09-08,SPY,0
2025-09-08,TSLA,0
2025-09-09,AAPL,0
2025-09-09,AMD,1
2025-09-09,AMZN,0
2025-09-09,AVGO,0
2025-09-09,GOOGL,0
2025-09-09,META,0
2025-09-09,MSFT,0
2025-09-09,NFLX,0
2025-09-09,NVDA,0
2025-09-09,SPY,0
2025-09-09,TSLA,0
2025-09-10,AAPL,0
2025-09-10,AMD,1
2025-09-10,AMZN,0
2025-09-10,AVGO,0
2025-09-10,GOOGL,0
2025-09-10,META,0
2025-09-10,MSFT,0
2025-09-10,NFLX,0
2025-09-10,NVDA,0
2025-09-10,SPY,0
2025-09-10,TSLA,0
2025-09-11,AAPL,0
2025-09-11,AMD,1
2025-09-11,AMZN,0
2025-09-11,AVGO,0
2025-09-11,GOOGL,0
2025-09-11,META,0
2025-09-11,MSFT,0
2025-09-11,NFLX,0
2025-09-11,NVDA,0
2025-09-11,SPY,0
2025-09-11,TSLA,0
2025-09-12,AAPL,0
2025-09-12,AMD,1
2025-09-12,AMZN,0
2025-09-12,AVGO,0
2025-09-12,GOOGL,0
2025-09-12,META,0
2025-09-12,MSFT,0
2025-09-12,NFLX,0
2025-09-12,NVDA,0
2025-09-12,SPY,0
2025-09-12,TSLA,0
2025-09-15,AAPL,0
2025-09-15,AMD,0
2025-09-15,AMZN,0
2025-09-15,AVGO,0
2025-09-15,GOOGL,0
2025-09-15,META,0
2025-09-15,MSFT,0
2025-09-15,NFLX,0
2025-09-15,NVDA,0
2025-09-15,SPY,0
2025-09-15,TSLA,0
2025-09-16,AAPL,0
2025-09-16,AMD,0
2025-09-16,AMZN,0
2025-09-16,AVGO,0
2025-09-16,GOOGL,0
2025-09-16,META,0
2025-09-16,MSFT,0
2025-09-16,NFLX,0
2025-09-16,NVDA,0
2025-09-16,SPY,0
2025-09-16,TSLA,0
2025-09-17,AAPL,0
2025-09-17,AMD,0
2025-09-17,AMZN,0
2025-09-17,AVGO,0
2025-09-17,GOOGL,0
2025-09-17,META,0
2025-09-17,MSFT,0
2025-09-17,NFLX,0
2025-09-17,NVDA,0
2025-09-17,SPY,0
2025-09-17,TSLA,0
2025-09-18,AAPL,0
2025-09-18,AMD,0
2025-09-18,AMZN,0
2025-09-18,AVGO,0
2025-09-18,GOOGL,0
2025-09-18,META,0
2025-09-18,MSFT,0
2025-09-18,NFLX,0
2025-09-18,NVDA,0
2025-09-18,SPY,0
2025-09-18,TSLA,0
2025-09-19,AAPL,0
2025-09-19,AMD,0
2025-09-19,AMZN,0
2025-09-19,AVGO,0
2025-09-19,GOOGL,0
2025-09-19,META,0
2025-09-19,MSFT,0
2025-09-19,NFLX,0
2025-09-19,NVDA,0
2025-09-19,SPY,0
2025-09-19,TSLA,0
2025-09-22,AAPL,0
2025-09-22,AMD,0
2025-09-22,AMZN,0
2025-09-22,AVGO,0
2025-09-22,GOOGL,0
2025-09-22,META,0
2025-09-22,MSFT,0
2025-09-22,NFLX,0
2025-09-22,NVDA,0
2025-09-22,SPY,0
2025-09-22,TSLA,0
2025-09-23,AAPL,0
2025-09-23,AMD,0
2025-09-23,AMZN,0
2025-09-23,AVGO,0
2025-09-23,GOOGL,0
2025-09-23,META,0
2025-09-23,MSFT,0
2025-09-23,NFLX,0
2025-09-23,NVDA,0
2025-09-23,SPY,0
2025-09-23,TSLA,0
2025-09-24,AAPL,0
2025-09-24,AMD,0
2025-09-24,AMZN,0
2025-09-24,AVGO,0
2025-09-24,GOOGL,0
2025-09-24,META,0
2025-09-24,MSFT,0
2025-09-24,NFLX,0
2025-09-24,NVDA,0
2025-09-24,SPY,0
2025-09-24,TSLA,0
2025-09-25,AAPL,0
2025-09-25,AMD,0
2025-09-25,AMZN,0
2025-09-25,AVGO,0
2025-09-25,GOOGL,0
2025-09-25,META,0
2025-09-25,MSFT,0
2025-09-25,NFLX,0
2025-09-25,NVDA,0
2025-09-25,SPY,0
2025-09-25,TSLA,0
2025-09-26,AAPL,0
2025-09-26,AMZN,0
2025-09-26,AVGO,0
2025-09-26,GOOGL,0
2025-09-26,META,0
2025-09-26,MSFT,0
2025-09-26,NFLX,0
2025-09-26,NVDA,0
2025-09-26,SPY,0
2025-09-26,TSLA,0
